FOX SPORTS HD,国际,https://stream1.freetv.fun/fox-sports-4.ctv,手动
FOX Sports 2,国际,https://stream1.freetv.fun/fox-sport-2-2.ctv,手动
FXM,国际,https://stream1.freetv.fun/us-fxm-1.ctv,手动
Fox Business,国际,https://stream1.freetv.fun/fox-business--y-1.m3u8,手动
Fox Sports 1,国际,https://stream1.freetv.fun/fox-sport-1-1.ctv,手动
Fox Weather,国际,https://stream1.freetv.fun/fox-weather-3.m3u8,手动
Fox Kids,国际,https://stream1.freetv.fun/kids-flix-1.m3u8,手动
GOLF,国际,https://stream1.freetv.fun/golf-channel-1.ctv,手动
HBO West,国际,https://stream1.freetv.fun/hbo-2-west--m-1.ctv,手动
HBO Comedy,国际,https://stream1.freetv.fun/hbo-comedy-9.ctv,手动
HBO East,国际,https://stream1.freetv.fun/hbo-east--m-1.ctv
HBO USA,国际,https://stream1.freetv.fun/hbo-9.ctv,手动
HBO Zone,国际,https://stream1.freetv.fun/hbo-zone-5.ctv,手动
HBO Family,国际,https://stream1.freetv.fun/hbo-1-5.ctv,手动
fox news,国际,https://stream1.freetv.fun/us-fox-news-1.ctv,手动
abc news live,国际,https://stream1.freetv.fun/abc-news--wj-1.m3u8,手动
abc news usa,国际,https://stream1.freetv.fun/usa-abc-1.ctv,手动
ctv wild channel,国际,https://stream1.freetv.fun/animal-planet-20.ctv,手动
bet,国际,https://stream1.freetv.fun/us-bet-1.ctv,手动
baby shark tv,国际,https://stream1.freetv.fun/baby-shark-tv-4.m3u8,手动
BEIN SPORTS,国际,https://stream1.freetv.fun/bein-sports-xtra-1.m3u8,手动
BEACH TV PANAMA CITY,国际,https://stream1.freetv.fun/beach-tv-panama-city-1.m3u8,手动
BLOOMBERG,国际,https://stream1.freetv.fun/bloomberg-news--m-1.ctv,手动
BRAVO,国际,https://stream1.freetv.fun/bravo-2.ctv,手动
cbn,国际,https://stream1.freetv.fun/tln-media-chicago-1.m3u8,手动
cbs sports network,国际,https://stream1.freetv.fun/cbs-sports-network-1.ctv,手动
cbs news,国际,https://stream1.freetv.fun/cbs-news--wj-1.m3u8,手动
cbs drama,国际,https://stream1.freetv.fun/cps-drama-1.ctv,手动
cbs,国际,https://stream1.freetv.fun/cbs--wj-1.m3u8,手动
cnbc,国际,https://stream1.freetv.fun/mnb-world-3.m3u8,手动
cnn hd,国际,https://stream1.freetv.fun/cnn-10.ctv,手动
cnn hln,国际,https://stream1.freetv.fun/hln-3.m3u8,手动
cnn international,国际,https://stream1.freetv.fun/pro-sport-international-1.m3u8,手动
CARTOONITO,国际,https://stream1.freetv.fun/cartoonito-1.ctv,手动
cinemax,国际,https://stream1.freetv.fun/cinemax-2.ctv,手动
COURT TV,国际,https://stream1.freetv.fun/court-tv-1.m3u8,手动
CRIME INVESTIGATION,国际,https://stream1.freetv.fun/crime-plus-investigation-1.m3u8,手动
DISCOVERY VELOCITY,国际,https://stream1.freetv.fun/discovery-velocity--m-1.ctv,手动
DISCOVERY FAMILY,国际,https://stream1.freetv.fun/discovery-family--m-1.ctv,手动
DISCOVERY LIFE,国际,https://stream1.freetv.fun/discovery-life-1.m3u8,手动
DISCOVERY,国际,https://stream1.freetv.fun/discovery--m-1.ctv,手动
DAZN 1,国际,https://stream1.freetv.fun/disney-2.ctv,手动
DISNEY XD,国际,https://stream1.freetv.fun/disney-xd-1.ctv,手动
DISNEY JR,国际,https://stream1.freetv.fun/usa-disney-jr-1.ctv,手动
DISNEY CHANNEL,国际,https://stream1.freetv.fun/disney-channel-18.ctv,手动
ENTERTAINMENT,国际,https://stream1.freetv.fun/e-entertainment-2.ctv,手动
ESPN 2,国际,https://stream1.freetv.fun/espn-brasil-2-2.ctv,手动
ESPN HD,国际,https://stream1.freetv.fun/us-espn-2-1.ctv,手动
FOOD Network HD,国际,https://stream1.freetv.fun/food-network-14.ctv,手动
HGTV,国际,https://stream1.freetv.fun/hgtv--m-3.ctv,手动
動物星球,国际,https://stream1.freetv.fun/dong-wu-xing-qiu---wj-1.m3u8,手动
WE,国际,https://stream1.freetv.fun/awe-1.m3u8,手动
World Poker Tour,国际,https://stream1.freetv.fun/world-poker-tour-8.ctv,手动

