无线新闻,香港,https://stream1.freetv.fun/wu-xian-xin-wen-2.m3u8,手动
tvb+,香港,https://stream1.freetv.fun/tvb-plus-6.ctv,手动
tvbs亚洲,香港,https://stream1.freetv.fun/tvbsya-zhou-11.m3u8,手动
tvbs娱乐,香港,https://stream1.freetv.fun/tvbyu-le-xin-wen-6.ctv,手动
翡翠台,香港,https://stream1.freetv.fun/tvbfei-cui-3.ctv,手动
明珠,香港,https://stream1.freetv.fun/ming-zhu-8.ctv,手动
viutv,香港,https://stream1.freetv.fun/viutv-1.ctv,手动
viutvsix,香港,https://stream1.freetv.fun/viutvsix-3.ctv,手动
now财经,香港,https://stream1.freetv.fun/nowcai-jing-2.m3u8,手动
now新闻,香港,https://stream1.freetv.fun/nowxin-wen-4.m3u8,手动
凤凰资讯,香港,https://stream1.freetv.fun/feng-huang-zi-xun-23.ctv,手动
凤凰中文,香港,https://stream1.freetv.fun/feng-huang-zhong-wen-4.ctv,手动
凤凰香港,香港,https://stream1.freetv.fun/feng-huang-xiang-gang---wj-2.m3u8,手动
美亚c+,香港,https://stream1.freetv.fun/mei-ya-c-plus-1.m3u8,手动
美亚c+7,香港,https://stream1.freetv.fun/plus-7-1.ctv,手动
discovery kids,香港,https://stream1.freetv.fun/discovery-kids-5.m3u8,手动
kix,香港,https://stream1.freetv.fun/kix-7.ctv,手动
rthk31,香港,https://stream1.freetv.fun/rthk31--wj-1.m3u8,手动
rthk32,香港,https://stream1.freetv.fun/rthk32--wj-1.m3u8,手动
星空卫视,香港,https://stream1.freetv.fun/xing-kong-wei-shi-13.m3u8,手动
有线综合,香港,https://stream1.freetv.fun/you-xian-zong-he-1.ctv,手动
香港卫视,香港,https://stream1.freetv.fun/xiang-gang-wei-shi-7.m3u8,手动
