频道名,分组
CCTV1,央视频道
CCTV10,央视频道
CCTV11,央视频道
CCTV12,央视频道
CCTV13,央视频道
CCTV14,央视频道
CCTV15,央视频道
CCTV16,央视频道
CCTV17,央视频道
CCTV2,央视频道
CCTV3,央视频道
CCTV4,央视频道
CCTV-4K,4K频道
CCTV4美洲,央视频道
CCTV4欧洲,央视频道
CCTV5,央视频道
CCTV5+,央视频道
CCTV6,央视频道
CCTV7,央视频道
CCTV8,央视频道
CCTV9,央视频道
CETV1,卫视频道
CETV2,卫视频道
CETV4,卫视频道
CETV生态环境,卫视频道
CETV生态环境,数字频道
CGTN,卫视频道
CGTN阿语,卫视频道
CGTN俄语,卫视频道
CGTN法语,卫视频道
CGTN纪录,卫视频道
CGTN西语,卫视频道
cgtn西语,卫视频道
CHC动作电影,数字频道
CHC家庭影院,数字频道
CHC影迷电影,数字频道
IPTV法治,数字频道
IPTV野外,数字频道
NHK世界台,国际频道
阿里郎,国际频道
爱大剧,数字频道
爱电影,数字频道
爱上4K,4K频道
爱生活,数字频道
爱体育,数字频道
爱综艺,数字频道
安徽卫视,卫视频道
安丘综合,山东频道
澳视卫星,卫视频道
北京卫视,卫视频道
北京卫视4K,4K频道
滨州民生,山东频道
滨州综合,山东频道
兵团卫视,卫视频道
财富天下,他省频道
茶,他省频道
昌乐综合,山东频道
昌邑综合,山东频道
车迷,数字频道
城市剧场,数字频道
茌平综合,山东频道
岱岳综合,山东频道
单县综合,山东频道
德州生活,山东频道
德州综合,山东频道
地理,数字频道
电影大片,数字频道
谍战剧场,数字频道
定陶综合,山东频道
东阿综合,山东频道
东方财经,他省频道
东方卫视,卫视频道
东方卫视4K,4K频道
东明综合,山东频道
东南卫视,卫视频道
东平综合,山东频道
东营公共,山东频道
东营综合,山东频道
动画,数字频道
动漫秀场,数字频道
动作影院,数字频道
都市剧场,他省频道
法兰西,国际频道
法治天地,数字频道
肥城综合,山东频道
凤凰卫视,卫视频道
凤凰资讯,卫视频道
凤凰香港,卫视频道
甘肃卫视,卫视频道
高密综合,山东频道
高青综合,山东频道
古装剧场,数字频道
冠县综合,山东频道
光影,数字频道
广东卫视,卫视频道
广东卫视4K,4K频道
广饶综合,山东频道
广西卫视,卫视频道
贵州卫视,卫视频道
国学,数字频道
哈哈炫动,数字频道
海南卫视,卫视频道
海峡卫视,卫视频道
海阳综合,山东频道
海阳综艺,山东频道
海洋频道,山东频道
好学生,数字频道
河北卫视,卫视频道
河东综合,山东频道
河南卫视,卫视频道
菏泽1,山东频道
菏泽2,山东频道
黑龙江卫视,卫视频道
红色影院,数字频道
湖北卫视,卫视频道
湖南卫视,卫视频道
湖南卫视4K,4K频道
欢笑剧场,数字频道
环球旅游,数字频道
桓台综合,山东频道
黄岛生活,山东频道
黄岛综合,山东频道
惠民综合,山东频道
吉林卫视,卫视频道
纪实科教,他省频道
济南都市,山东频道
济南教育,山东频道
济南鲁中,山东频道
济南少儿,山东频道
济南生活,山东频道
济南体育,山东频道
济南文旅,山东频道
济南娱乐,山东频道
济南综合,山东频道
济宁高新,山东频道
济宁公共,山东频道
济宁生活,山东频道
济宁综合,山东频道
济阳综合,山东频道
家庭理财,数字频道
家庭影院,数字频道
嘉佳卡通,数字频道
嘉祥综合,山东频道
鉴赏,数字频道
江苏卫视,卫视频道
江苏卫视4K,4K频道
江西卫视,卫视频道
胶州综合,山东频道
解密,数字频道
金色学堂,他省频道
金鹰纪实,他省频道
金鹰卡通,他省频道
劲爆体育,数字频道
经典电影,数字频道
经典剧场,数字频道
睛彩广场舞,数字频道
睛彩竞技,数字频道
睛彩篮球,数字频道
精彩影视,数字频道
精选,数字频道
居家购物,山东频道
莒南综合,山东频道
莒县综合,山东频道
巨野新闻,山东频道
聚鲨环球,数字频道
鄄城综合,山东频道
军旅剧场,数字频道
IPTV军旅,数字频道
卡酷少儿,他省频道
康巴卫视,卫视频道
快乐垂钓,他省频道
莱西综合,山东频道
兰陵公共,山东频道
兰陵综合,山东频道
岚山综合,山东频道
崂山1,山东频道
崂山综合,山东频道
乐游,数字频道
梨园,他省频道
历城综合,山东频道
梁山综合,山东频道
辽宁卫视,卫视频道
聊城民生,山东频道
聊城综合,山东频道
临清综合,山东频道
临朐综合,山东频道
临沭综合,山东频道
临邑综合,山东频道
陵城综合,山东频道
龙口综合,山东频道
旅游卫视,数字频道
美人,数字频道
美妆,数字频道
魅力时尚,数字频道
魅力足球,数字频道
蒙阴综合,山东频道
墨宝,数字频道
牟平生活,山东频道
牟平综合,山东频道
内蒙古卫视,卫视频道
宁津综合,山东频道
宁夏卫视,卫视频道
宁阳生活,山东频道
宁阳综合,山东频道
农林卫视,卫视频道
欧洲新闻,国际频道
蓬莱综合,山东频道
平度综合,山东频道
平阴综合,山东频道
平原综合,山东频道
栖霞综合,山东频道
齐河综合,山东频道
汽摩,数字频道
青岛QTV1,山东频道
青岛QTV2,山东频道
青岛QTV3,山东频道
青岛QTV4,山东频道
青岛QTV5,山东频道
青岛QTV6,山东频道
青海卫视,卫视频道
青州文旅,山东频道
青州综合,山东频道
求索纪录,数字频道
曲阜综合,山东频道
热播剧场,数字频道
热血剧场,数字频道
任城生活,山东频道
任城综合,山东频道
日照公共,山东频道
日照科教,山东频道
日照综合,山东频道
荣成综合,山东频道
乳山综合,山东频道
三沙卫视,卫视频道
厦门卫视,卫视频道
山东海洋,山东频道
山东交通广播,电台广播
山东教育,山东频道
山东经济广播,电台广播
山东农科,山东频道
山东齐鲁,山东频道
山东少儿,山东频道
山东生活,山东频道
山东体育,山东频道
山东卫视,卫视频道
山东卫视4K,4K频道
山东文旅,山东频道
山东新闻,山东频道
山东综合广播,电台广播
山东综艺,山东频道
山西卫视,卫视频道
陕西卫视,卫视频道
商河综合,山东频道
少儿动画,数字频道
莘县综合,山东频道
深圳卫视,卫视频道
深圳卫视4K,4K频道
生活时尚,他省频道
收视指南,数字频道
寿光蔬菜,山东频道
寿光综合,山东频道
书画,数字频道
四川卫视,卫视频道
四川卫视4K,4K频道
四海钓鱼,数字频道
泰山综合,山东频道
天津卫视,卫视频道
威海生活,山东频道
威海综合,山东频道
潍坊高新,山东频道
潍坊公共,山东频道
潍坊生活,山东频道
潍坊文旅,山东频道
潍坊综合,山东频道
文登综合,山东频道
文物宝库,他省频道
汶上综合,山东频道
无棣综合,山东频道
五星体育,数字频道
武城综合,山东频道
武城综艺,山东频道
武术世界,他省频道
IPTV武术,数字频道
武侠剧场,数字频道
西藏卫视,卫视频道
喜剧影院,数字频道
戏曲,数字频道
夏津公共,山东频道
夏津综合,山东频道
先锋乒羽,数字频道
相声小品,数字频道
新动漫,数字频道
新加坡新闻,国际频道
新疆卫视,卫视频道
新泰乡村,山东频道
新泰综合,山东频道
星影,数字频道
烟台公共,山东频道
烟台经济,山东频道
烟台影视,山东频道
烟台综合,山东频道
延边卫视,卫视频道
兖州新闻,山东频道
央广购物,央视频道
阳信综合,山东频道
沂水生活,山东频道
沂水综合,山东频道
沂源综合,山东频道
音乐现场,数字频道
优购物,数字频道
优漫卡通,数字频道
优优宝贝,数字频道
游戏风云,数字频道
鱼台生活,山东频道
鱼台综合,山东频道
禹城综合,山东频道
禹城综艺,山东频道
云南卫视,卫视频道
郓城综合,山东频道
早教,数字频道
沾化综合,山东频道
张店综合,山东频道
章丘综合,山东频道
长岛综合,山东频道
长清综合,山东频道
招远综合,山东频道
浙江卫视,卫视频道
浙江卫视4K,4K频道
智慧康养,数字频道
中国交通,卫视频道
中华特产,数字频道
中央新影中学生,央视频道
中央新影发现之旅,央视频道
中央新影老故事,数字频道
重庆卫视,卫视频道
重温经典影视,数字频道
周村新闻,山东频道
诸城综合,山东频道
淄博民生,山东频道
淄博文旅,山东频道
淄博影视,山东频道
淄博综合,山东频道
淄川新闻,山东频道
邹城综合,山东频道
邹平综合,山东频道
足球,数字频道
TV Sur Canal 14,网络源
Kohavision,网络源
TV Sur Canal 9,网络源
TV SLO 2,网络源
TV SLO 1,网络源
Koogi TV,网络源
Kolkata TV,网络源
KOKI-DT1,网络源
CCTV2,网络源
Komala TV,网络源
Kontra Channel,网络源
TV Toruń (1080p) [Not 24/7],网络源
KQED-DT2,网络源
Kordia TV,网络源
Komsan TV,网络源
Korean Central Television,网络源
Kozoom TV,网络源
广东卫视,网络源
TV Trwam,网络源
TV UCT,网络源
TV Veseljak Golica HD,网络源
TV Universidad,网络源
KRIS-DT1,网络源
Korea TV (1080p),网络源
TV Zdravkin,网络源
KSAN-DT3,网络源
KTIV-DT6,网络源
KTOO 360TV 3 (FNX),网络源
CCTV3,网络源
TVBS Asia (1080p),网络源
TV-Nord,网络源
TVA,网络源
KTV 1,网络源
KTV 2,网络源
KTV,网络源
KultKrimi,网络源
KultKrimi: Der Alte,网络源
KTV Sport,网络源
KTO,网络源
TVE Internacional America,网络源
KultKrimi: Der Kommissar,网络源
KTV Arabe,网络源
KTV Ethraa,网络源
KTV Al Qurain,网络源
TVC-Rio,网络源
Kulinar TV,网络源
Kultkrimi: Derrick,网络源
TVGE,网络源
KTV Sport Plus,网络源
TVE Star HD,网络源
KTV News,网络源
KulturMD,网络源
Kung Fu+,网络源
TVE RS,网络源
KurdMax Sorani,网络源
Kurdsat News,网络源
TVM El Salvador,网络源
KVIE-DT2,网络源
Kuriakos Music,网络源
TVM para ti,网络源
KVF Sjonvarp,网络源
KVF Tingvarp,网络源
L1 Max,网络源
Kuriakos Kids,网络源
Kuriakos Cine,网络源
TVM3 (1080p),网络源
L'Effet Papillon,网络源
Kuriakos TV,网络源
L'Equipe,网络源
La 1 HEVC (1080p),网络源
La Descarga TV,网络源
La 1 UHD (2160p),网络源
La 2,网络源
TVN3,网络源
TVN,网络源
La Hermandad Salsera,网络源
La Hora TV,网络源
La Mega Mundial,网络源
La Que Buena Atlanta,网络源
La Reina TV,网络源
La Popular TV,网络源
La Sexta,网络源
TVR,网络源
La Ruta TV,网络源
广西卫视,网络源
La Une,网络源
Lalegul TV,网络源
Lanthung TV,网络源
Lara en Redes,网络源
Larivision TV,网络源
Lancelot TV,网络源
Lassie,网络源
Latina TV,网络源
Latest TV,网络源
Latino Vibes [Geo-blocked],网络源
LATV,网络源
TVS Classic Movies,网络源
Latino Classic TV,网络源
Latina Clasicos,网络源
TVS Hollywood History,网络源
TVS Nostalgia,网络源
Lausitzwelle,网络源
Le Figaro IDF (1080p),网络源
Latvijas Radio 3 Klasika (240p),网络源
Le Meilleur d'Arthur,网络源
Le miracle de l'amour,网络源
Leave it to Bryan,网络源
Legislative Assembly of Ontario,网络源
Leave It to Beaver,网络源
Le Meilleur de la TV Realite (1080p),网络源
Legislative Assembly TV Nunavut,网络源
TVSConsumerDirect,网络源
Leaderboard Sports News (1080p),网络源
CCTV4,网络源
TVSN Jewellery,网络源
LEGO Kids TV,网络源
TVSN,网络源
Lena TV,网络源
Legislative Assembly of British Columbia,网络源
Sachsen Fernsehen Leipzig,网络源
TVT,网络源
Legislative Assembly of British Columbia Committee A,网络源
Lego Channel,网络源
Leomax 24,网络源
Tweede Kamer: Aletta Jacobszaal,网络源
Les Anges,网络源
Les Années fac,网络源
Tweede Kamer: Actualiteitenkanaal,网络源
Les filles d'à côté,网络源
Les Nouveaux Detectives,网络源
Tweede Kamer: Max van der Stoelzaal,网络源
Les Cordier,网络源
Let's Make a deal,网络源
U Los Lagos TV,网络源
LHCAZTV,网络源
Les Z'amours,网络源
Tweede Kamer: Klompezaal,网络源
Tweede Kamer: Troelstrazaal,网络源
Les Z'Amours,网络源
Leman Bleu,网络源
Tynaarlo Lokaal TV,网络源
Tweede Kamer: Wttewaall van Stoetwegenzaal,网络源
TYT Turk,网络源
Life & Legend of Wyatt Earp,网络源
Tweede Kamer: Groen van Prinstererzaal,网络源
UFC,网络源
Libertas TV,网络源
Life TV,网络源
Ultimate Builds,网络源
Udaya TV,网络源
Un gars une fille,网络源
LifeStyleTV,网络源
Lifetime East,网络源
UMTV,网络源
Lifetime Movies,网络源
Un Village Français,网络源
UMA TV,网络源
Unbeaten,网络源
Unentdeckt – Mörder unter uns,网络源
LifeTv,网络源
Unchained TV,网络源
Limón TV (1080p) [Not 24/7],网络源
Unforgettable,网络源
延边卫视,网络源
Unife TV,网络源
Little Angel's Playroom,网络源
Little Guyana TV,网络源
Little House on the Prairie,网络源
Little Stars Universe,网络源
Live99FM,网络源
Live Music,网络源
新疆卫视,网络源
Lingkar TV,网络源
LN24SA,网络源
Universal Action,网络源
Univalle Televisión (1080p),网络源
Living India News,网络源
Unitel,网络源
Universal Crime,网络源
Universal Westerns,网络源
Universal Monsters,网络源
LN24,网络源
Logo Pluto TV,网络源
Universidad Autónoma Temuco (UATV) (1080p) [Not 24/7],网络源
LIVExLIVE,网络源
Unsolved Mysteries,网络源
Unsion TV,网络源
UnXplained Zone,网络源
Logos TV English,网络源
Lone Star,网络源
USA Today News [Geo-blocked],网络源
USA Network Latin America,网络源
Urola Telebista,网络源
Logos TV,网络源
LooLoo Kids TV (1080p),网络源
LOL TV,网络源
UStad,网络源
Urban Action TV,网络源
Los Angeles Local Television Channel 36 (1080p),网络源
ÚTV (1080p),网络源
Louis La Brocante,网络源
Love & Hip Hop,网络源
The Love Boat,网络源
ÜÜ TV Üsküdar Üniversitesi TV (1080p) [Not 24/7],网络源
Love 2 Hate TV,网络源
Los Gipsy Kings,网络源
Loveland TV (Loveland CO) (1080p),网络源
Love Magazine (1080p),网络源
Love Pets (1080p),网络源
cLoveworld TV,网络源
Love The Planet,网络源
LoveworldSAT,网络源
VegaTeve (1080p) [Not 24/7],网络源
VB Media TV,网络源
Luz Divina TV,网络源
Veo7,网络源
Luna TV,网络源
Vevo 70s (1080p),网络源
Vav TV,网络源
Vevo 80s (1080p),网络源
Vevo 90s (1080p),网络源
Luxury Dreams TV,网络源
Vevo Hip-Hop & R&B (1080p),网络源
M+,网络源
Lychnos TV,网络源
Vevo Íconos Latinos,网络源
M95 Television Marbella,网络源
m2o TV,网络源
Vevo '90s & '00s Italy (1080p),网络源
Vevo Country,网络源
MacGyver,网络源
CCTV5,网络源
Vevo R&B,网络源
Vevo Regional Mexicano,网络源
Vevo True School Hip-Hop,网络源
Vevo Hip-Hop et RnB,网络源
Vevo 2K,网络源
Made In Hollywood,网络源
Vevo Latino,网络源
云南卫视,网络源
Vevo Pop,网络源
MagellanTV Now,网络源
VH1 East,网络源
MadeinBO TV,网络源
Vevo Retro Rock,网络源
Viasat Explore Classic,网络源
Madras FM TV,网络源
VICE TV,网络源
ViàMatélé (1080p),网络源
Victorious,网络源
Vice News,网络源
Magic PowerRadio,网络源
Magic Kids,网络源
Magna Vision (1080p),网络源
Vevo Pop Spain (1080p),网络源
Vevo Pop Germany (1080p),网络源
Madani Channel Bangla,网络源
Madha TV,网络源
Majid Al Mohandis,网络源
Makina TV,网络源
Vijay Super,网络源
Mahabad TV,网络源
Vip TV,网络源
Villa Altagracia TV,网络源
Vision 3000,网络源
VisionNDV TV,网络源
Mamer TV,网络源
Mama Benz TV,网络源
Manaclar Television,网络源
Manatee Schools Television MSTV (Manatee County FL) (1080p),网络源
Majid,网络源
Manas TV,网络源
Maranatha TV,网络源
Kanal D Drama,网络源
Maná Church Online (1080p) [Not 24/7],网络源
Maná Cirkev Online (1080p) [Not 24/7],网络源
Vive TV Colombia (1080p),网络源
Maná Église Online (1080p) [Not 24/7],网络源
Maná Iglesia Online (1080p) [Not 24/7],网络源
Mana Tserkov' Onlayn,网络源
Maná Igreja Online (1080p) [Not 24/7],网络源
Maria Vision,网络源
VNP,网络源
Vísir (1080p),网络源
Marca TV,网络源
Manorama News,网络源
VOA美国之音,网络源
Marin TV Community Channel,网络源
Marin TV Educational Channel,网络源
Vizion Plus,网络源
Marin TV Government Channel,网络源
Vogue Europe,网络源
Voice of Lebanon,网络源
VoA Persian,网络源
Marka TV,网络源
VoA TV Africa,网络源
Más Talk (1080p),网络源
Master Video,网络源
VoxAfrica,网络源
Volksmusik TV,网络源
Matlock,网络源
Maverick Black Cinema,网络源
Matele,网络源
Max & Ruby,网络源
Voyages+,网络源
MaxTV/Dieu TV (1080p),网络源
Mastiii,网络源
MBC 1,网络源
Max Middle East,网络源
Vox w Rytmie Hitow,网络源
VTV Canal 32,网络源
MBC 2,网络源
MBC 3,网络源
MBC 4,网络源
MaviKaradeniz TV,网络源
江西卫视,网络源
MBC 5,网络源
MBC,网络源
W14DK-D 14.1 TV Delmarva,网络源
Waar TV,网络源
WAGA-DT1,网络源
MBC Gangwon (MBC 강원영동) (1080p) [Not 24/7],网络源
Walker Texas Ranger,网络源
4 Afghanistan,网络源
Východočeská TV (1080p),网络源
Warner Bros. TV Say Yes to the Dress,网络源
Travel TV,网络源
4 Kurd,网络源
4 Music,网络源
5-Minute Craft (1080p),网络源
Warner Bros. TV Sweet Escapes,网络源
MBC FM,网络源
MCN6 Arts Channel,网络源
MCN6 Music Channel,网络源
MCN6 (1080p) [Not 24/7],网络源
Wasabi la chaîne anime,网络源
MBC Loud,网络源
Watan TV,网络源
MBC Yeosu (여수 MBC) (1080p) [Not 24/7],网络源
MDF.1,网络源
Waypoint TV,网络源
WBBJ (Jackson TN) (432p),网络源
Watar Radio,网络源
WaterBear (1080p),网络源
WBTV At the Movies [Geo-blocked],网络源
Waterbear,网络源
8NTV,网络源
WBTV Chasing Criminals [Geo-blocked],网络源
MDTV,网络源
Classic Cinema,网络源
WBTV Crime scenes [Geo-blocked],网络源
Med Muzik,网络源
Waterbear (1080p),网络源
WBTV Family Faves [Geo-blocked],网络源
WBTV Family Unscripted [Geo-blocked],网络源
WBTV Generation Drama [Geo-blocked],网络源
WBTV Ghosts are Real [Geo-blocked],网络源
MCJ TV,网络源
9X Jalwa,网络源
WBTV How To [Geo-blocked],网络源
WBTV In The Garage [Geo-blocked],网络源
WBTV HBO Boxing (1080p) [Geo-blocked],网络源
WBTV Living With Evil [Geo-blocked],网络源
WBTV Love & Desire [Geo-blocked],网络源
WBTV Love and Marriage [Geo-blocked],网络源
WBTV Mysterious Worlds [Geo-blocked],网络源
CCTV5+,网络源
WBTV Nikita [Geo-blocked],网络源
9X Jhakaas,网络源
Medical Incredible,网络源
WBTV On The Telly [Geo-blocked],网络源
WBTV Sweet Escapes [Geo-blocked],网络源
WBTV Paws and Claws [Geo-blocked],网络源
10 Bold Adelaide (1080p),网络源
WBTV The FBI [Geo-blocked],网络源
WBTV Travel and Adventure [Geo-blocked],网络源
WBTV Unique Lives [Geo-blocked],网络源
13 Festival,网络源
WBTV Watchlist [Geo-blocked],网络源
WBTV Welcome Home [Geo-blocked],网络源
Mega,网络源
WBC TV,网络源
13C,网络源
15TV,网络源
13Max Televisión (1080p),网络源
Meganoticias,网络源
20 Minutes TV,网络源
Mekameleen TV,网络源
13 Kids,网络源
12 канал (1080p),网络源
24/7 Canal de Noticias,网络源
13 Realities,网络源
21 Jump Street (1080p),网络源
Melrose Place,网络源
24 Horas,网络源
13 Ulica,网络源
Mercury+,网络源
Merit Street,网络源
Meltem TV,网络源
WeatherSpy,网络源
30A Georgia Hollywood Review,网络源
30A Golf Kingdom,网络源
Meta Film TV,网络源
30A Loomered TV,网络源
WeatherNation,网络源
We TV,网络源
WeatherNation New York,网络源
24KZ,网络源
Mercy TV,网络源
28 kanala,网络源
Metropole,网络源
Meteonews,网络源
30A Television Channel,网络源
WEDQ-DT4,网络源
24 Horas Internacional,网络源
30A TV Classic Movies,网络源
24 Канал (1080p),网络源
30A We Love Cars,网络源
80s Rewind,网络源
WEEFF TV,网络源
90's Kids,网络源
MeTV,网络源
90s Throwback,网络源
Welat TV,网络源
70-80 TV,网络源
Metropola TV,网络源
Western TV,网络源
MHZ,网络源
MGM HD,网络源
WFLX-DT1,网络源
100% Docs,网络源
MI Turno TV,网络源
MGM+ Marquee,网络源
WFMZ Dorney Park Camera,网络源
WFMZ PennST camera,网络源
WFLA-DT1,网络源
WFTT-DT1,网络源
Miavision TV,网络源
WeShort,网络源
MGM+ East,网络源
WFTS-DT1,网络源
&TV,网络源
WELT,网络源
90210,网络源
WFMZ Traffic,网络源
31 Kanal,网络源
WGTV-DT3,网络源
WFXT-DT2,网络源
Milenial TV,网络源
Mezzo,网络源
WHBQ-DT1,网络源
WHPS Detroit,网络源
WHIO-DT1,网络源
¡OPA!,网络源
WHSV-DT4,网络源
A1 TV,网络源
Milenio Television,网络源
MierschTV,网络源
Mihan TV,网络源
Wicked Tuna Germany (1080p),网络源
White Channel,网络源
Wicked Tuna (1080p),网络源
Million Dollar Listing Vault,网络源
Military History,网络源
A Punt,网络源
Wild 'N Out,网络源
Wicked Tuna,网络源
Wild Side TV,网络源
Wild TV,网络源
Whakaata Maori,网络源
A2i TV,网络源
Wild West TV,网络源
Willkommen bei den Louds,网络源
A7TV,网络源
Willow Sports (1080p) [Geo-blocked],网络源
Wine Watches & Whiskey,网络源
Willow,网络源
WildEarth,网络源
WION,网络源
Wings Die Überflieger,网络源
Mission TV,网络源
ABC 5,网络源
Mister Rogers' Neighborhood,网络源
Mission Impossible,网络源
河北卫视,网络源
Mishapi Voice TV,网络源
WINP-DT3,网络源
Abalfadhl TV,网络源
Wipeout Xtra,网络源
Mixkurdy,网络源
Misiones Cuatro,网络源
WKCF-DT1,网络源
MLB,网络源
WJAX-DT1,网络源
WKCF-DT2,网络源
WKMG-DT1,网络源
WKOH-DT4,网络源
WJLP-DT1,网络源
WITN 22 (Wilmington DE) (1080p) [Not 24/7],网络源
CCTV6,网络源
WLNG Radio,网络源
WLMB,网络源
WLVT-DT1,网络源
MLB Network,网络源
MMA-TV.com,网络源
WMPT-DT2,网络源
ABC 25 News Central Texas,网络源
Mňau TV (1080p),网络源
Mission Asia,网络源
ABC Australia,网络源
WNBC-DT1,网络源
MNTV (1080p),网络源
Moconomy,网络源
MNTV Music (1080p),网络源
WNET-DT1,网络源
Mobile County Public Schools TV Network (MCPSS),网络源
Modern Marvels Presented by HISTORY,网络源
World Billiards,网络源
World Channel,网络源
Modern Marvels,网络源
MO Channel,网络源
Mojitv,网络源
MOI TV,网络源
MNX,网络源
ABC Kids,网络源
World Poker Tour,网络源
World of Freesports,网络源
World of Love Island (1080p),网络源
Monroe County Television MCTV (Monroe County FL) (1080p),网络源
Moldova 1,网络源
Mohammed Abdo,网络源
Moldova 2,网络源
ABC News,网络源
Monaco Info,网络源
ABN Freedom of Speech,网络源
WPEC-DT1,网络源
MONO 29,网络源
ABN I AM,网络源
World War TV (1080p),网络源
Montecristi Digital 8,网络源
ABN Son of God,网络源
Monte Carlo Digital Television,网络源
ABC WWAY 3,网络源
ABN News,网络源
Monterrico TV,网络源
WPXX-DT1,网络源
Moonbug Kids,网络源
WPT,网络源
WPIX-DT1,网络源
WOS TV (1080p),网络源
ABP Ananda,网络源
WPXI-DT1,网络源
More TV Drama,网络源
WTMO-CD1,网络源
ABP Asmita,网络源
WTOG-DT1,网络源
Abdulmajeed Abdullah,网络源
WSB-DT1,网络源
More TV Sitcoms,网络源
WSOC-DT1,网络源
Wuan+,网络源
WUPA-DT1,网络源
WTV Canal 20,网络源
Motor Trend,网络源
WVCU-LP Concord University Radio The Cure 97.7 (1080p),网络源
WWON TV CH 48,网络源
ACCDN (1080p),网络源
WWXY-DT1,网络源
MotoAmerica TV (1080p),网络源
WXTV-DT1,网络源
More Than Sports TV,网络源
MotorTrend FAST TV,网络源
Motorsport.TV,网络源
X-Factor: Das Unfassbare,网络源
Motorvision.tv (French),网络源
Abu Dhabi Emirates,网络源
Movie Favorites By Lifetime,网络源
XilamTV,网络源
Abu Dhabi Sports 1,网络源
X Level Media,网络源
Moviedome,网络源
Abu Dhabi TV,网络源
Ace TV,网络源
Moviepilot TV mit Pluto TV,网络源
Abu Dhabi Sports 2,网络源
Movies for Gamers,网络源
AccuWeather NOW,网络源
Motus La Chaîne,网络源
Action 24,网络源
Movies!,网络源
XITE Classic Country,网络源
ACL Cornhole TV,网络源
XITE Gospel,网络源
ACI Sport TV,网络源
MovieSphere,网络源
XITE Rock,网络源
MovieSphere Canada (1080p),网络源
MovieSphere by Lionsgate,网络源
ACTV,网络源
Action Hollywood Movies,网络源
Mr. Bean Animated (1080p),网络源
Mr. Beast (1080p),网络源
Movies Now,网络源
Xtra TV,网络源
Xplore,网络源
Adinkra TV,网络源
Mr. Bean Anime (1080p),网络源
Xtreme Outdoor Presented by HISTORY,网络源
Y'a que la vérité qui compte,网络源
Yahoo! Finance,网络源
MST3K,网络源
河南卫视,网络源
Adjugé vendu !,网络源
Y'a Que La Vérité Qui Compte La Chaîne,网络源
Xtrem Sports,网络源
MRTV 4,网络源
Afaq TV,网络源
MTNA TV,网络源
MSG,网络源
MTC TV,网络源
ADN TV+,网络源
Yemen Shabab Channel,网络源
MTA3 Al-Arabia,网络源
AFN TV,网络源
Yes Network,网络源
MTRSPT 1 (1080p),网络源
MTV Biggest Pop,网络源
MTürk TV (1080p),网络源
MTR,网络源
Afra Film,网络源
Afra Series,网络源
YouDotGov,网络源
YTA TV,网络源
Young Hollywood,网络源
MTV Catfish TV Show,网络源
YourTime TV,网络源
MTV Classic,网络源
MTV Classics+,网络源
Afro Magic Channel,网络源
Yu-Gi-Oh!,网络源
Yas TV,网络源
Africa 24,网络源
MTV,网络源
Africa 24 Sport,网络源
MTV en Español,网络源
AfroLandTV,网络源
Aftershock,网络源
Agenda 56 TV,网络源
MTV East,网络源
Africanews English,网络源
Afroculture TV,网络源
Yu-Gi-Oh! Italy,网络源
Afroturk TV,网络源
Z Nation,网络源
CCTV7,网络源
Aghani Aghani TV,网络源
MTV Pluto TV,网络源
MTV Music,网络源
Yuma77,网络源
MTV Ridiculousness,网络源
Aguacate TV,网络源
MTV Reality,网络源
Zarin TV,网络源
Ahupa Visual Radio,网络源
Aghapy TV,网络源
MTV Spankin’ New,网络源
ZAZ,网络源
AION TV,网络源
MTV Spankin' New,网络源
Akaku 53,网络源
Akaku 54,网络源
MTV Teen Mom,网络源
Aire de Santa Fe,网络源
Akaku 55,网络源
MTV Live,网络源
AKC TV,网络源
Zainabia Channel,网络源
MTV The Shores,网络源
AKC TV Puppies,网络源
AKC TV Meet the Breeds,网络源
AKIBA PASS TV Anime: Sport,网络源
MTV TV,网络源
Zee Bollymovies,网络源
Al Ahad TV,网络源
Al Arabiya (1080p),网络源
Zagros,网络源
AL24 News,网络源
Al Arabiya Al Hadath (1080p) [Not 24/7],网络源
Al Aqsa Channel (416p) [Not 24/7],网络源
Zee Cinema,网络源
Multivision Federal,网络源
ZB Cartoon,网络源
Al Arabiya Programs,网络源
Zee News,网络源
Al Ayyam TV,网络源
Al Araby TV,网络源
Al Eshraq TV,网络源
Ajman TV,网络源
Al Horreya TV,网络源
Al Etejah TV,网络源
Zee One,网络源
München TV (1080p) [Not 24/7],网络源
Murder She Wrote,网络源
Al Jadeed,网络源
Al Ittihad TV,网络源
Zhejiang Satellite TV,网络源
Al Araby TV 2,网络源
Al Janoub TV,网络源
Zinc Nombre TV,网络源
Mundo Series,网络源
Al Jazeera,网络源
Al Jazeera English (1080p),网络源
ZNS-TV,网络源
Zhejiang TV International,网络源
Zoey 101,网络源
Muzangala TV,网络源
Al Jazeera Mubasher,网络源
Zoom! Zoom!,网络源
Zoo Moo (Australia) (1080p),网络源
Al Mamlaka TV,网络源
Al Nujaba,网络源
Al Jazeera Documentary,网络源
Murator TV,网络源
Zoomer TV (1080p),网络源
Al Maaref TV,网络源
Al Riyadh Radio,网络源
My Money (1080p),网络源
My Righteous TV,网络源
Zylo Cine Friki (1080p),网络源
Al Sharqiya Min Kabla,网络源
Al Masirah Mubacher,网络源
Al Rayyan Al Qadeem (1080p),网络源
Al Rayyan TV,网络源
MV Mall DD (1080p),网络源
Al Shallal TV,网络源
Zylo Ciné Western,网络源
Al Rasheed TV,网络源
Mystery Science Theater 3000,网络源
Zylo Ciné Nanar,网络源
MyTime Movie Network,网络源
Al Wousta TV,网络源
Mythbusters,网络源
Zylo Into Crime (1080p),网络源
Al-Mahdi TV,网络源
Al Qamar TV,网络源
Al-Sharqiya (1080p),网络源
Al-Sharqiya News (1080p),网络源
Балта ТВ (768p),网络源
N24 Doku,网络源
Myzen Fit,网络源
Alanya Posta TV,网络源
AlbUK TV (1080p) [Not 24/7],网络源
MYZen Fit [Geo-blocked],网络源
NACTV,网络源
Авто Плюс,网络源
Белгород 24 (1080p),网络源
湖北卫视,网络源
Naftemporiki TV,网络源
Alerte Cobra,网络源
Al-Jawadain TV,网络源
Волга (HD),网络源
Архыз 24 (1080p),网络源
Вместе РФ,网络源
Беларусь 5 Интернет (1080p) [Not 24/7],网络源
Беларусь 5 (1080p) [Not 24/7],网络源
Naija Gold Reels,网络源
Вести ФМ,网络源
Беларусь 24 (1080p),网络源
Вера 24,网络源
Alborz,网络源
Волгоград 24,网络源
Дождь (1080p) [Geo-blocked],网络源
Восток 24 (Владивосток),网络源
n-tv,网络源
Naruto,网络源
Al Forat TV,网络源
Детское кино International [Not 24/7],网络源
Alfred Hitchcock Presents,网络源
Namdhari TV,网络源
Alfa Omega TV,网络源
Alex Berlin,网络源
ЕГЭ ТВ,网络源
Nascar (1080p) [Geo-blocked],网络源
Енисей (1080p) [Not 24/7],网络源
Дагестан (1080p),网络源
Alhaqeqa Aldawlia,网络源
Alien Nation,网络源
Nash Bridges Channel [Geo-blocked],网络源
Жар Птица (404p) [Geo-blocked],网络源
Еврокино,网络源
Время,网络源
Naša TV (1080p) [Not 24/7],网络源
Nama TV,网络源
Alkarma TV Australia,网络源
Alkarma TV Family,网络源
Домашний International,网络源
Alkarma TV Middle East,网络源
Naruto Germany (1080p),网络源
Дом Кино Премиум HD,网络源
Alhayat Drama,网络源
Aliman TV (240p) [Not 24/7],网络源
Alkarma TV Talmaza (Discipleship) (1080p) [Not 24/7],网络源
Звезда Плюс,网络源
Запад 24 (Калининград),网络源
National Geographic,网络源
Alkarma TV North America & Canada,网络源
Кавказ 24 (Ставрополь),网络源
National Geographic Latin America,网络源
Alkhuzama Radio,网络源
Живая Планета,网络源
Alkarma TV Youth & English,网络源
Кино 1 International [Not 24/7],网络源
Alle hassen Chris,网络源
За!ТВ,网络源
National Geographic Wild,网络源
Кинеко,网络源
CCTV8,网络源
Ингушетия ТВ,网络源
Зоо ТВ,网络源
National Geographic Abu Dhabi,网络源
Naturaleza Salvaje (1080p) [Geo-blocked],网络源
All Reality by WE tv,网络源
Звезда (1080p) [Not 24/7],网络源
Красная линия,网络源
Nature Time France (1080p),网络源
КРИК-ТВ (Екатеринбург),网络源
История,网络源
Конный Мир,网络源
NatureTime,网络源
Индия,网络源
ЛДПР ТВ (1080p),网络源
Карусель,网络源
Allgäu TV (1080p),网络源
Ланет.TV (486p),网络源
Nayarit Comunica,网络源
Alquran,网络源
NBA TV,网络源
Alqanat9 TV (1080p),网络源
КВН ТВ,网络源
Легендарный 24,网络源
Крым 24,网络源
Карусель International,网络源
Alter Horror (1080p),网络源
Луч,网络源
Мир 24 (1080p),网络源
Матч! Арена,网络源
Мир (1080p) [Not 24/7],网络源
Altas TV,网络源
Мама,网络源
Althaqalayn TV,网络源
Матур ТВ (1080p),网络源
NBC,网络源
ALTV,网络源
NBC 5 Chicago IL (WMAQ) [Geo-blocked],网络源
Магнат ТВ,网络源
Москва 24,网络源
Altenburg TV,网络源
Always Funny Videos,网络源
Nazara,网络源
Моя Планета,网络源
Луганск 24,网络源
Althania,网络源
Музыка 1 International [Not 24/7],网络源
Музыка Кино International [Not 24/7],网络源
Altaghier TV,网络源
NBC 10 Providence MA (1080p),网络源
AMC Absolute Reality,网络源
AMC,网络源
Amazon Sat,网络源
НВК Саха (1080p) [Not 24/7],网络源
Мульт и музыка,网络源
Мульт,网络源
Нано ТВ HD,网络源
AMC East (1080p),网络源
NBC Chicago News,网络源
NBC Comedy Vault,网络源
América Estéreo Quito (1080p),网络源
Матч! Страна,网络源
América TeVé (1080p),网络源
America Television,网络源
NBC News NOW,网络源
NBC New York News,网络源
America's Test Kitchen,网络源
Настоящее Время,网络源
America's Voice News,网络源
NBC Sports,网络源
American Crimes,网络源
America's Boating Channel,网络源
American Crime Channel,网络源
American Pickers,网络源
AMG TV,网络源
American Pickers Channel (1080p),网络源
American Ninja Warrior,网络源
Ameritrade,网络源
Amedia 2,网络源
НТК ТВ (1080p) [Not 24/7],网络源
NBC Sports Boston,网络源
НТС (Севастополь) (1080p) [Not 24/7],网络源
NBCU Telemundo Florida,网络源
NBCU Telemundo North East,网络源
НТВ,网络源
NBCLX,网络源
NBN,网络源
NBCU Telemundo West,网络源
NBCU Telemundo Texas,网络源
Первый городской (Одесса) (1080p) [Not 24/7],网络源
о2тв,网络源
Открытый мир. Здоровье,网络源
Andalucía Televisión (1080p),网络源
NCIS,网络源
ОСН,网络源
Anadolu Net TV,网络源
ОТР,网络源
NCTV,网络源
Первый информационный (1080p),网络源
Angela Anaconda,网络源
Anger Management,网络源
Первый Ярославский,网络源
Россия 1,网络源
Negocios TV,网络源
Первый Республиканский,网络源
Angienet TV,网络源
РТР Планета Азия,网络源
Поехали!,网络源
Россия К,网络源
РТР Планета Евро,网络源
РТР Планета СНГ,网络源
Перец International,网络源
Nei Monggol TV Culture Entertainment Channel,网络源
Ani,网络源
Радость моя,网络源
Anime All Day,网络源
Neox,网络源
Animax,网络源
РТР Планета США,网络源
Anime Vision,网络源
Anime Vision Classics,网络源
С1 (Сургут) (1080p) [Not 24/7],网络源
NEW K-POP,网络源
Русский Бестселлер,网络源
Сибирь 24 (Красноярск),网络源
ANT1 Cyprus,网络源
Сибирь 24 (Новосибирск),网络源
Antena 3,网络源
Сити Эдем АвтоГид [Not 24/7],网络源
NewFlix,网络源
甘肃卫视,网络源
Сити Эдем Play Христианский Музыкальный [Not 24/7],网络源
Своё HD,网络源
Antena TV,网络源
Север (Нарьян-Мар) (1080p),网络源
Nei Monggol TV News Channel,网络源
Сити Эдем КиноКлассика [Not 24/7],网络源
Сити Эдем КиноДетектив [Not 24/7],网络源
Сити Эдем КиноФантастика [Not 24/7],网络源
Antenna TV,网络源
News12 Bronx,网络源
Сити Эдем МедЗдрав [Not 24/7],网络源
News12 Brooklyn,网络源
Сити Эдем КиноАзия [Not 24/7],网络源
Сити Эдем КиноКомедия [Not 24/7],网络源
News12 Conneticut,网络源
News12 New York,网络源
News12 Hudson Valley,网络源
News12 Long Island,网络源
Сити Эдем КиноЭкшен [Not 24/7],网络源
News12 New Jersey,网络源
Antiques Roadshow UK,网络源
News 24,网络源
Сочи 24 HD,网络源
Соловьев LIVE,网络源
News12 Westchester,网络源
Сити Эдем КиноДрама [Not 24/7],网络源
apart TV,网络源
APA Tv,网络源
News Malayalam 24x7,网络源
Солнце,网络源
Сити Эдем КиноАрт [Not 24/7],网络源
Смотрим Честный Детектив,网络源
Anytime TV,网络源
Antofagasta TV,网络源
Сити Эдем Классическая Музыка [Not 24/7],网络源
Студия Факт,网络源
Смайл ТВ,网络源
Суббота!,网络源
News Nation,网络源
News Tamil 24x7,网络源
Спас,网络源
NewsWorld,网络源
NFL Channel,网络源
NFL Sunday Ticket 1,网络源
Сфера ТВ,网络源
Newsy,网络源
СТС,网络源
ТВ Центр,网络源
NFL Network,网络源
Твое TV HD,网络源
Arabí TV (1080p),网络源
Таврия,网络源
Arab Heritage,网络源
Arax TV,网络源
Твое ТВ Юмор,网络源
Телеканал 86 (Сургут) (1080p) [Not 24/7],网络源
ARB,网络源
ТВ3,网络源
ARB 24,网络源
ARB Gunes,网络源
СТС International,网络源
Are We There Yet?,网络源
CCTV9,网络源
Толк HD,网络源
NHK World-Japan,网络源
ТНВ-Планета (Казань),网络源
Area 809 El Original,网络源
NHL,网络源
NH Niews (1080p),网络源
Урал 24 (Челябинск),网络源
Телепутешествия,网络源
Arko TV,网络源
Armenia 1,网络源
Хузур ТВ (1080p) [Not 24/7],网络源
ТНТ International,网络源
ТНТ,网络源
Armenia 2,网络源
Nick Jr. Pluto TV,网络源
Nick Pluto TV,网络源
Уникум,网络源
Югра,网络源
Arthur,网络源
ARD-alpha,网络源
ART TV,网络源
ARTN TV,网络源
ТНТ4 International,网络源
Nickelodeon,网络源
Arvan TV,网络源
Arirang TV,网络源
Aruba.TV,网络源
Nickelodeon Ukraine Pluto TV,网络源
Asharq Radio,网络源
Asharq Discovery,网络源
Asharq News,网络源
之江纪录,网络源
Asharq News Portrait,网络源
云南 Ⅰ 文山综合台 (1080p) [Not 24/7],网络源
Nieta TV,网络源
Asharq Documentary,网络源
西藏卫视,网络源
Niederbayern TV Landshut,网络源
Nitro Circus,网络源
Assassination Classroom,网络源
Nick/Comedy Central +1,网络源
Aspire,网络源
莲花卫视,网络源
Asianet,网络源
Ninja Warrior (1080p),网络源
Niederbayern TV Passau,网络源
At Home with Family Handyman,网络源
半岛新闻 (1080p),网络源
NogoumFMTV,网络源
Nitro TV,网络源
Nolly Africa,网络源
AT5,网络源
noa4 Hamburg,网络源
NK TV 24x7,网络源
Noovo Cinéma (1080p),网络源
Noovo Comédies (1080p),网络源
noa4 Norderstedt,网络源
Noovo Téléréalités (1080p),网络源
Nonstop Drama,网络源
Atfal & Mawaheb TV,网络源
Norte Informativo TV,网络源
Nitro HD (1080p),网络源
Attica TV,网络源
Noor Dubai,网络源
Atreseries,网络源
Atreseries Internacional,网络源
NORTEvisión (1080p),网络源
Atrina TV,网络源
Nosey Confess,网络源
Nosey,网络源
ATV,网络源
Noticias 16,网络源
Noroeste TV,网络源
ATV Argentina,网络源
ATV+,网络源
Nour El Shabeb,网络源
Noor,网络源
Notioi TV,网络源
Auction Hunters,网络源
NotiUno TV,网络源
ATVSat,网络源
Auf Achse,网络源
Nova,网络源
Nour TV,网络源
Atrak,网络源
Austral TV,网络源
Auto Motor og Sport TV,网络源
Audaz TV,网络源
Now 90s00s,网络源
Now 70s,网络源
AVA Series,网络源
AVA Family,网络源
Avar TV,网络源
Avang TV,网络源
Automotion,网络源
Avatar,网络源
Now TV 102.3FM Edmonton (CKNO-FM),网络源
Now 80s,网络源
Augsburg TV,网络源
NOW Rock,网络源
Avivamiento TV,网络源
宿州新闻综合 (1080p) [Not 24/7],网络源
Awkward,网络源
宿州科教 (1080p) [Not 24/7],网络源
Ax Men,网络源
AWTV,网络源
NTD TV,网络源
NTD TV Asia-Pacific,网络源
AXS TV,网络源
NTD TV Canada,网络源
Az Star TV,网络源
NTD TV China,网络源
贵州卫视,网络源
孟州电视台 (1080p) [Not 24/7],网络源
NTD TV English,网络源
Azteca Internacional,网络源
CCTV10,网络源
NTV+,网络源
NRTV,网络源
B4U Movies India (1080p),网络源
B Smart TV,网络源
B4U Kadak,网络源
Baby Shark TV,网络源
Nueva Vision 14,网络源
B4U Bhojpuri,网络源
B4U Music,网络源
BabyFirst,网络源
BabyFirst Spanish,网络源
NRWision,网络源
Backstage,网络源
Bad Girls Club,网络源
Baden TV,网络源
Nuova TV 1,网络源
Nuova TV 2,网络源
Bajo Techo TV,网络源
NuView TV,网络源
OANPlus (1080p),网络源
Nusantara TV,网络源
Bahry,网络源
欧美大片1,网络源
欧美大片2,网络源
Balaton TV,网络源
新郑综合 (1080p) [Not 24/7],网络源
Oberpfalz TV,网络源
Banijay Mr Bean Classic,网络源
Banijay Mr Bean Animé,网络源
OCN TV,网络源
Bar Rescue,网络源
Bang Bang,网络源
Odeon 24,网络源
OK Dessau,网络源
Baywatch,网络源
浙江国际,网络源
OK Magdeburg,网络源
BBC America,网络源
OK Merseburg-Querfurt,网络源
OK Salzwedel,网络源
OK Stendal,网络源
浙江新闻,网络源
BBC Drama,网络源
浙江民生,网络源
浙江教科,网络源
OK Wernigerode,网络源
Okto TV (1080p),网络源
浙江钱江,网络源
Olanchito TV Canal 23,网络源
浙江经济,网络源
BBC Four UK HD,网络源
BBC Drama Italy (1080p),网络源
BBC Earth,网络源
BBC Impossible,网络源
Baynounah TV,网络源
BBC News,网络源
Oman Althakafia (1080p),网络源
Oman TV Mubashir,网络源
Oman Sports TV,网络源
Oman TV,网络源
BBC One London HD (1080p),网络源
Omide Iran,网络源
Omroep Brabant,网络源
Omroep Almere,网络源
Omroep Brabant Radio,网络源
Omroep Gelderland,网络源
BBC Four/CBeebies,网络源
福州电视台少儿频道 (FZTV-少儿) (1080p),网络源
Omstars (1080p),网络源
ON Vie Drama,网络源
Omroep Zeeland,网络源
福州广播电视台都市生活频道 (FZTV-3) (1080p),网络源
BBC News Europe,网络源
Omroep West,网络源
On4 TV,网络源
辽宁卫视,网络源
Öncü TV (1024p) [Not 24/7],网络源
ONE,网络源
BBC News Asia Pacific (1080p),网络源
Onda 15 TV,网络源
Onda TV,网络源
BBC Top Gear Germany (1080p),网络源
One Piece,网络源
One Channel,网络源
On 6,网络源
BBC Travel,网络源
CCTV11,网络源
BBC Top Gear Finland (1080p),网络源
BBC Top Gear,网络源
BBC Top Gear France (1080p),网络源
BBC Top Gear Italy (1080p),网络源
荣昌综合 (404p) [Not 24/7],网络源
One 31,网络源
OnTV4U,网络源
Be Mad,网络源
BCN Gospel TV,网络源
BE@TTV (1080p),网络源
Bebecito Bum y sus amigos,网络源
BBC Three/CBBC,网络源
罗山电视台 (1080p) [Not 24/7],网络源
Becker,网络源
One HD,网络源
BBC Two,网络源
beIN Sports USA,网络源
BBS Buddhist Broadcasting (1080p),网络源
Beautiful Life TV,网络源
OTV,网络源
Our Vinyl (1080p),网络源
BeJoy.kids,网络源
Bellavisión (1080p),网络源
Outdoor America,网络源
OuterSphere [Geo-blocked],网络源
Out TV Proud,网络源
Outside TV,网络源
Bel RTL,网络源
Bergamo TV,网络源
Outer Vision,网络源
Ovation,网络源
OUN,网络源
Best of Dr Phil,网络源
Best Action TV,网络源
OXIR TV,网络源
Berente TV,网络源
Best of The Drew Barrymore Show,网络源
Best of Dance TV,网络源
Oxygen True Crime Archives,网络源
BET Gospel,网络源
Oxygen East,网络源
BET Jams,网络源
BET Soul,网络源
P3TV,网络源
Best Thriller TV,网络源
BET East,网络源
Outdoor Channel,网络源
BET Her East,网络源
Best Drama TV,网络源
Palenque TV,网络源
Beverly Hillbillies,网络源
Beverly Hills 90210,网络源
Padre Pio TV,网络源
Bethel TV,网络源
CCTV-2,网络源
CCTV-1,网络源
Palmar TV,网络源
Panc TV Peru,网络源
Panamericana TV,网络源
Beyond History,网络源
Beyblade,网络源
CCTV-3,网络源
Panambi Digital TV,网络源
BFM2,网络源
Big 12 Studios,网络源
Paramount Movie Channel,网络源
Beyaz TV,网络源
Paramount+ Picks,网络源
Pannon RTV (648p),网络源
BHTV,网络源
Big Ten Network,网络源
Paramount Network,网络源
Big Time Rush,网络源
Bigtime,网络源
Palestine Edu,网络源
Panorama FM,网络源
Binge,网络源
Billiard TV,网络源
Pars TV,网络源
BIZ TV,网络源
Biz Talk Today TV (1080p),网络源
Panik TV,网络源
Billiards+,网络源
Parlamentsfernsehen 2,网络源
Parlamentsfernsehen 3,网络源
Parole di Vita,网络源
Paw Patrol,网络源
Parlamentsfernsehen 1,网络源
Black Cinema,网络源
Parlamentsfernsehen 4,网络源
Payvand TV,网络源
Black Classics,网络源
PBO,网络源
Black Throwbacks,网络源
PBR RidePass,网络源
PBS Antiques Roadshow,网络源
Black Visionaries,网络源
重庆卫视,网络源
PBS Kids,网络源
PBS Kids Alaska,网络源
Blaze Live,网络源
Bleav Football,网络源
BIZ Cinema,网络源
PBS Kids Hawaii,网络源
BIZ Music,网络源
PBS Kids Mountain,网络源
PBS Kids Pacific,网络源
PBS MPT Baltimore MD (WMPB) (1080p),网络源
Biznet Adventure,网络源
PBS National East (1080p) [Geo-blocked],网络源
Bloomberg Quicktake,网络源
Bloomberg Television,网络源
PBS Nature,网络源
PBS Retro (1080p) [Geo-blocked],网络源
PBS Science (1080p),网络源
Bloomberg Originals,网络源
Bloomberg TV,网络源
CCTV12,网络源
Pelis y Popcorn,网络源
Blue Bloods,网络源
PeekFlick,网络源
Blues TV,网络源
People Are Awesome,网络源
Peer TV Südtirol (1080p),网络源
Pensacola Flügel aus Stahl,网络源
Peer TV South Tyrol,网络源
Boca Chica TV,网络源
Perry Mason,网络源
Bob Esponja LATAM,网络源
Bob l'éponge,网络源
Persiana Cinema,网络源
Persiana Comedy,网络源
CCTV-12,网络源
Persiana Docs,网络源
Persiana Emirates,网络源
Bollywood HD,网络源
Persiana Family,网络源
Persiana Fight,网络源
Persiana Folk,网络源
Persiana Iranian,网络源
Boishakhi TV,网络源
Persiana Junior,网络源
Persiana Korea,网络源
Persiana Latino,网络源
bon appétit (1080p),网络源
Bollywood Classic,网络源
Persiana Medical,网络源
Persiana Music,网络源
Bom Cine,网络源
Persiana Nostalgia,网络源
Bonaire.tv,网络源
Persiana Plus,网络源
CCTV-13,网络源
Persiana Plus One,网络源
Persiana Reality,网络源
Persiana Series,网络源
BNT 4,网络源
Persiana Teen,网络源
Persiana Travel,网络源
Persiana Turkiye,网络源
Persiana Vibe,网络源
Bondi Rescue,网络源
Bon Dia TV,网络源
CCTV-14,网络源
The Pet Collective,网络源
PHXTV,网络源
PGA Tour,网络源
Boston 25 Now,网络源
BPX TV Radio,网络源
Pickers & Pawn,网络源
Bounce XL,网络源
Bounce,网络源
Bravo East,网络源
Pichilemu TV,网络源
Pet Club TV,网络源
PilisTV,网络源
Bravo Vault,网络源
Planet 100.9 FM,网络源
Bref Cinéma 100% Court Métrage,网络源
Bravo! TV,网络源
Bravo! Kids TV,网络源
Platzi TV,网络源
Bravo TV,网络源
Bravo +1,网络源
Breaking News by LeadStory (1080p),网络源
Brit Asia TV,网络源
CETV-1,网络源
PLL Network (1080p),网络源
Plous TV,网络源
PLEX TV,网络源
Plovdivska Pravoslavna TV (1080p),网络源
BritBox Mysteries,网络源
BredaNu TV,网络源
Pluto TV Action,网络源
Pluto TV Adventure,网络源
BRIDGE,网络源
Pluto TV Animals,网络源
Pluto TV Animaux,网络源
BRIDGE Classic,网络源
央视台球,网络源
Pluto TV Backcountry,网络源
Pluto TV Aventure,网络源
Bubble Guppies,网络源
Buena TV,网络源
Pluto TV Catastrophe,网络源
Pluto TV Cars,网络源
BUTV10,网络源
Busted at the Border,网络源
陕西卫视,网络源
Pluto TV Christmas,网络源
Pluto TV Ciné,网络源
Pluto TV Cine Accion,网络源
Buzzfeed Unsolved,网络源
Pluto TV Ciné d'Asie,网络源
Pluto TV Cine Estelar,网络源
Buzzr,网络源
BX Inform,网络源
Bursa TV,网络源
BYU TV,网络源
风云足球,网络源
Pluto TV Ciné Rétro,网络源
C Malayalam TV,网络源
Pluto TV Ciné+,网络源
Pluto TV Classic TV,网络源
C-SPAN,网络源
C'est pas sorcier,网络源
香港卫视,网络源
Pluto TV Comedy,网络源
Bushehr,网络源
Pluto TV Comédie,网络源
CCTV13,网络源
Cable 14 Hamilton,网络源
Pluto TV Crime,网络源
Caillou,网络源
青海卫视,网络源
Cafe Trade TV,网络源
Pluto TV Crime Movies,网络源
C31 Melbourne,网络源
CAM 10 TV,网络源
Pluto TV Cuisine,网络源
Pluto TV Cult Films,网络源
浙江卫视,网络源
Caminos Media,网络源
Canaf54 TV,网络源
Camera dei Deputati,网络源
湖南卫视,网络源
Canal 2 International,网络源
Pluto TV Fantastic,网络源
安徽卫视,网络源
Canal 2 de Ushuaia,网络源
Canal 3 La Pampa,网络源
Canal 2 Misiones,网络源
Pluto TV Food,网络源
Canal 5 Del Pueblo,网络源
Pluto TV French Collection,网络源
Canal 4 RD,网络源
Canal 5 Santa Fe,网络源
Pluto TV heiße Nächte,网络源
Pluto TV Histoire,网络源
Pluto TV History,网络源
Canal 6 CDMX,网络源
Canal 7 Salta,网络源
Canal 7 Jujuy,网络源
Canal 7 Neuquén (1080p),网络源
Pluto TV Horror,网络源
Pluto TV Icons,网络源
Canal 6 Posadas,网络源
Pluto TV Inside,网络源
Pluto TV Investigation,网络源
Pluto TV Junior,网络源
Pluto TV Kids Gaming,网络源
Canal 10 SOL TV,网络源
Canal 12,网络源
Canal 10 Cordoba,网络源
Pluto TV Kids Classics,网络源
Canal 9 en Français (1080p),网络源
Pluto TV Kids Series,网络源
Pluto TV Kids Animation,网络源
Pluto TV Knallhart,网络源
Pluto TV Kultfilme,网络源
Canal 13,网络源
Canal 11,网络源
Pluto TV Lives,网络源
Canal 13 San Luis,网络源
Pluto TV Love Songs,网络源
Pluto TV Military,网络源
Pluto TV Movies,网络源
Canal 25 Jundiaí (404p) [Not 24/7],网络源
Pluto TV MTV Classic,网络源
Pluto TV Nature,网络源
Canal 21 TV,网络源
Canal 26 Aguascalientes (1080p),网络源
三沙卫视,网络源
Pluto TV Paranormal,网络源
Canal 33 Madrid,网络源
Canal 32,网络源
Canal 79 La Costa,网络源
Canal 79 Puan,网络源
Canal 79 Santa Clara del Mar,网络源
康巴卫视,网络源
Pluto TV Polar,网络源
安多卫视,网络源
Pluto TV Rap,网络源
CCTV14,网络源
Pluto TV Reaction,网络源
Pluto TV Retrô (684p),网络源
Pluto TV Retro,网络源
Canal Extremadura Satelite,网络源
Pluto TV Romance,网络源
Pluto TV Retro Toons,网络源
Pluto TV Sci-Fi,网络源
Canal do Criador,网络源
Canal Alpha Jura,网络源
Canal Alpha Neuchatel,网络源
Pluto TV Science,网络源
Pluto TV Serie,网络源
Canal Oracion Con Son,网络源
Pluto TV Serie+,网络源
人间卫视,网络源
Canal San Roque,网络源
Canal Orbe 21,网络源
Pluto TV Series,网络源
山西卫视,网络源
Pluto TV Séries Fantastiques,网络源
Canal Sierra de Cadiz,网络源
Pluto TV Sitcoms,网络源
Canal Sur Noticias,网络源
Canal SUR,网络源
Pluto TV Space,网络源
Canal J,网络源
Canal Rural,网络源
Canal Sur Andalucia,网络源
Pluto TV Staff Picks,网络源
Pluto TV Spotlight,网络源
Pluto TV Star Trek,网络源
Pluto TV Kids,网络源
兵团卫视,网络源
Pluto TV Terror,网络源
Pluto TV Thrillers,网络源
Canela TV,网络源
Pluto TV True Crime,网络源
Pluto TV Westerns,网络源
Cannes Lérins TV (1080p),网络源
Car City Adventures,网络源
Caribbean Advantage TV (1080p) [Not 24/7],网络源
PNC Drama,网络源
PMC Royale,网络源
Caribbean World Channel,网络源
Carac 1,网络源
Caracol TV,网络源
Plzeň TV (1080p),网络源
Carac 2,网络源
Carac 3,网络源
Pointless (1080p),网络源
Podium.TV,网络源
Pokémon,网络源
Carivision,网络源
CarinaTV,网络源
Cartoon Classics,网络源
Casos de la Dra. Polo,网络源
Catfish,网络源
Catholic TV,网络源
Carac 4,网络源
黑龙江卫视,网络源
Causa Comun TV,网络源
Caruban TV,网络源
Polar TV,网络源
Polar2 TV (1080p),网络源
Popstar! TV,网络源
Pop TV,网络源
CCTV15,网络源
Polsat JimJam,网络源
Police TV,网络源
Polo TV,网络源
Portlandia,网络源
广东珠江,网络源
广东新闻,网络源
广东民生,网络源
Poradnik Zdrowie TV,网络源
Power Rangers (1080p) [Geo-blocked],网络源
Pooya TV Plus,网络源
PowerNation TV,网络源
CBN News National (1080p),网络源
CBN Family,网络源
CBS 2 Billings MT (KTVQ) (1080p),网络源
Prameya News7,网络源
Prensa Latina TV,网络源
CBS News 24/7,网络源
CBS News Texas,网络源
Prime Asia TV,网络源
PRIDEtv LATAM,网络源
CBS Sports Golazo Network,网络源
CBS Sports HQ,网络源
CBS Sports Network USA,网络源
Primer TV,网络源
CC Pluto TV,网络源
PRO Sport International,网络源
CCPV TV (1080p),网络源
PromarTV,网络源
广州综合,网络源
Project Runway (1080p),网络源
PROFI 24 TV,网络源
CCTN 47,网络源
Privesc.Eu TV,网络源
Pronems TV,网络源
Press TV French,网络源
Property & Reno [Geo-blocked],网络源
Property Brothers Channel (1080p),网络源
CCTV+ 2,网络源
CCTV-4 America,网络源
Prudent Media,网络源
CCTV+ 1,网络源
PSN,网络源
Promovideo TV,网络源
Ceiba Vision Canal 36,网络源
Celta TV,网络源
Celebrity Name Game [Geo-blocked],网络源
PTL Television Network (1080p),网络源
PTC Punjabi,网络源
CEACOM TV,网络源
浙江经济生活,网络源
Cetelmón TV (404p),网络源
内蒙古卫视,网络源
Pulse95 Radio,网络源
CG Entertainment,网络源
Pucón TV (1080p) [Not 24/7],网络源
浙江教育,网络源
Punjabi Hits,网络源
PUNKTum Fernsehen,网络源
CGTN Arabic,网络源
Punt 3 Vall Uixó (1080p),网络源
CGTN Français (1080p) [Not 24/7],网络源
Punto TV Digital 40,网络源
浙江少儿,网络源
Celebes TV,网络源
CGTN Русский (1080p),网络源
Ch4Teen,网络源
CGTN Documentary,网络源
Pura Palabra,网络源
CGTN,网络源
Q'hubo TV,网络源
CGNTV Chinese,网络源
Puissance TV,网络源
Puls 2,网络源
Q2 News Billings (1080p),网络源
CGNTV South Korea,网络源
Pulse,网络源
CCTV16,网络源
Qello Concerts,网络源
Channel 8,网络源
Qatar Television,网络源
Qello Concerts by Stingray,网络源
嘉兴公共,网络源
嘉兴文化影视,网络源
Q-Music,网络源
嘉兴新闻综合,网络源
Channel 5,网络源
Qaf TV,网络源
Qazaqstan International,网络源
Quantica TV,网络源
Channel247,网络源
Channel 4 UK HD (1080p),网络源
湖州公共,网络源
Qui Veut Gagner Des Millions La Chaîne,网络源
湖州新闻综合,网络源
Qui veut gagner des millions?,网络源
Channel Fight (1080p),网络源
Channel 82,网络源
QS24.tv,网络源
QVC,网络源
湖州文化娱乐,网络源
Quran Radio,网络源
QVC 2,网络源
QVC 3 (1080p),网络源
Chaos City,网络源
QVC West,网络源
浙江公共新闻,网络源
浙江教科影视,网络源
浙江民生休闲,网络源
Chardikla Gurbaani TV,网络源
浙江数码时代,网络源
Chardikla Time TV,网络源
Chardikla Time TV North America,网络源
Charge!,网络源
象山综合,网络源
Qwest TV,网络源
衢江新闻综合,网络源
Cheaters,网络源
Charlotte aux Fraises,网络源
Cheddar News,网络源
RACER International,网络源
Cheers,网络源
R Television,网络源
大湾区卫视,网络源
萧山新闻综合,网络源
ChileVision,网络源
Sachsen Fernsehen Chemnitz,网络源
Choluteca TV,网络源
Christian Youth Channel CYC,网络源
R Plus,网络源
Chiloe Red 25,网络源
苍南新闻综合,网络源
Ràdio Bocairent TV (1080p) [Not 24/7],网络源
绍兴电视台公共,网络源
Christmas 365,网络源
CCTV17,网络源
绍兴新闻综合,网络源
绍兴文化影视,网络源
湖州公共民生,网络源
CHTV,网络源
Radio Fann Jordan Studio,网络源
Cielo TV,网络源
绍兴公共,网络源
RADIO DISCOunt TV,网络源
Chrono,网络源
Chukker,网络源
凤凰中文,网络源
Radio Czwórka (1080p),网络源
Radio Contact,网络源
Cine Estrella (1080p),网络源
Cine ¡¡jaja!!,网络源
Cine Clásico,网络源
Cine Terror,网络源
永嘉新闻综合,网络源
农林卫视,网络源
Radio Radio TV,网络源
Cine XOXO,网络源
Cine Terror LATAM [Geo-blocked],网络源
海宁新闻综合,网络源
Radio Onda Digital,网络源
Radio JND,网络源
开化新闻综合,网络源
CineLife,网络源
Cinema,网络源
Radio Ritmo FM,网络源
平湖新闻综合,网络源
新昌新闻综合,网络源
Radio Tele 6 Univers,网络源
Cinecanal,网络源
Circle,网络源
Radio Tele Evangile Sans Limite,网络源
CityNews Edmonton,网络源
Cítrico TV (240p),网络源
嵊泗综合,网络源
Radio Tele SuperStar,网络源
凤凰资讯,网络源
City TV Capital City Connection [Not 24/7],网络源
Clan Internacional Americas (1080p) [Geo-blocked],网络源
Radio SWH TV,网络源
Classic Arts Showcase,网络源
Radio Televisión Mogán (1080p),网络源
Clan,网络源
Classic TV Comedy,网络源
上虞新商都,网络源
Classic TV Drama,网络源
Radio Yaqeen Jordan City View,网络源
Classic Movies Channel,网络源
Radio Televizija Banovina,网络源
Radio TV Tendencias,网络源
Classic TV: Families,网络源
上虞文化影院,网络源
Classic TV,网络源
Radiocanal San Francisco (1080p),网络源
北京生活,网络源
RadioTV Oriente,网络源
CMT Equal Play,网络源
CMC TV,网络源
CMT East,网络源
Ciudad Magazine,网络源
Clubbing TV France,网络源
凤凰香港,网络源
CNA,网络源
CCTV央视台球,网络源
CNBC,网络源
CCTV高尔夫网球,网络源
CCTV女性时尚,网络源
CNews,网络源
Rajeen TV,网络源
CNBC Arabiya,网络源
CCTV风云音乐,网络源
CNBC World,网络源
Raj TV,网络源
CCTV风云足球,网络源
TVB翡翠,网络源
Codigo TV,网络源
Coeur Océan,网络源
TVB明珠,网络源
Rajawali TV,网络源
Cold Case Files,网络源
Rakuten Documentários,网络源
Colome TV,网络源
CNBC Europe,网络源
Rakuten TV Action Movies,网络源
Rakuten Top Movies UK (1080p),网络源
Rakuten Família,网络源
Rakuten TV Alerte Cobra,网络源
Rakuten TV Comedy Movies,网络源
TVB无线新闻,网络源
星空卫视,网络源
Rakuten TV Cine Español (1080p),网络源
Rakuten TV Asian Cinema Italy (1080p),网络源
Colors Bangla,网络源
Colors,网络源
Rakuten TV Crime Series Italy (1080p),网络源
Rakuten TV Drama Movies,网络源
Colors Cineplex,网络源
Rakuten TV Crime Series Germany (1080p),网络源
Come Dine with Me,网络源
Colors Gujarati,网络源
Rakuten TV Crime Series Spain (1080p),网络源
Colors Infinity,网络源
Colors Kannada,网络源
Comedy Central,网络源
Comedy Central Animation,网络源
Comedy Central en Espanol,网络源
Come Dine With Me (1080p),网络源
Colour Blind,网络源
Rakuten TV Family Movies,网络源
Comedy Central Pluto TV,网络源
Colors Marathi,网络源
Colors Tamil,网络源
CETV4,网络源
TVB千禧经典,网络源
TVBS亚洲,网络源
COM Brasil,网络源
Rakuten TV Nordic Films,网络源
Rakuten TV Films Famille,网络源
Comet,网络源
ViuTV,网络源
Rakuten TV Romance Movies Finland (1080p),网络源
Comedy Tadka,网络源
Rakuten TV German Cinema (1080p),网络源
Rakuten TV Sci-Fi Spain,网络源
Comedy TV,网络源
Conecta TV,网络源
Rakuten Viki,网络源
Rakuten TV Reality UK (1080p),网络源
Rakuten TV Romance Movies Italy (1080p),网络源
Compassion TV,网络源
千禧经典,网络源
Rakuten TV Romance Movies UK (1080p),网络源
Rakuten TV Thrillers Germany (1080p),网络源
Rakuten TV Sci-Fi Italy (1080p),网络源
Rakuten TV Romance Movies Spain (1080p),网络源
TVBS新闻,网络源
Confess by Nosey,网络源
RAN1,网络源
Rakuten TV Sci-Fi UK (1080p),网络源
Rakuten TV Thrillers Spain (1080p),网络源
Rakuten TV Top Movies,网络源
Rauchende Colts,网络源
ConstanzaTV,网络源
Rakuten TV Thrillers UK (1080p),网络源
RasoulallahTv,网络源
新闻综合,网络源
Rawhide,网络源
Congreso TV,网络源
欢笑剧场,网络源
Cook's Country Channel [Geo-blocked],网络源
Rawhide Tausend Meilen Staub,网络源
台视新闻,网络源
CooTel Nicaragua (1080p),网络源
Cops,网络源
Coral 39,网络源
RCG TV,网络源
Rantaró el ninja boy (1080p),网络源
RBW,网络源
Rashid AlMajed,网络源
RCV TV,网络源
法治天地,网络源
Cosmic Frontiers (1080p),网络源
Cotubanama TV,网络源
Real Crime (1080p),网络源
Real Crime Beta (1080p),网络源
Costa Noroeste TV,网络源
Re TV,网络源
中天新闻,网络源
Real Disaster Channel,网络源
RCM (1080p),网络源
Real Disaster Channel [Geo-blocked],网络源
Court TV,网络源
Cowboy Movie Channel,网络源
环球电视,网络源
Real Housewives Vault,网络源
Real Madrid TV,网络源
Craftsy (1080p),网络源
Crave 1,网络源
rbb Fernsehen,网络源
璧山综合,网络源
Real Wild,网络源
Crave 3,网络源
Cozi TV,网络源
东森美洲,网络源
重庆汽摩,网络源
万州三峡移民,网络源
Create,网络源
中天娱乐,网络源
铜梁综合,网络源
Crave 2,网络源
Crave 4,网络源
Crime 360 by A&E,网络源
Cricket Gold (1080p),网络源
六合新闻综合,网络源
Crime & Justice [Geo-blocked],网络源
民视新闻,网络源
Crime ThrillHer (1080p),网络源
Crime Beat TV (1080p),网络源
Crime + Investigation,网络源
Red Shoe Diaries,网络源
Red Bull TV,网络源
Crimenes Imperfectos,网络源
CrimeFlix (1080p),网络源
Crímenes Reales (1080p),网络源
Criminal Minds,网络源
中视菁采,网络源
CrimeTime,网络源
番薯台,网络源
CRTV,网络源
Red Bull TV Germany (1080p),网络源
Red TV Lebanon,网络源
Record,网络源
CSat TV,网络源
南京新闻综合,网络源
Red TV Shop,网络源
Cruz TV,网络源
RecordTV Interior SP,网络源
CSI,网络源
有线新闻,网络源
Reelz Famous & Infamous,网络源
CSI: Miami,网络源
Reflet TV,网络源
Reforma TV,网络源
CSI en Español,网络源
CSI: NY,网络源
Rede NGT,网络源
Rede TV! ES,网络源
CSI: Miami en español,网络源
CSI: NY en español,网络源
民视台湾,网络源
宜兴新闻,网络源
民视第一,网络源
Regio TV Bodensee,网络源
Red+,网络源
Regio TV Stuttgart,网络源
CTV,网络源
寰宇新闻,网络源
澳门莲花,网络源
句容生活,网络源
东森超视,网络源
亚洲新闻,网络源
句容党建,网络源
CTV Internacional,网络源
Reno Duo,网络源
Reportero TV,网络源
句容新闻综合,网络源
RTHK32,网络源
Regio TV Schwaben,网络源
Reno Rehab,网络源
耀才财经,网络源
Cuatro,网络源
D3 TV,网络源
Curiosity Now (1080p),网络源
CHC家庭影院,网络源
Dabanga TV,网络源
CV Vision TV,网络源
Cúla4 (1080p),网络源
Cuisine Culture,网络源
Rete 8,网络源
Republic TV,网络源
Dallas Cowboys Cheerleaders,网络源
DAAI TV,网络源
Dance Moms (1080p),网络源
Reuters TV,网络源
Revry,网络源
Dance Moms,网络源
武进新闻,网络源
RetroCrush,网络源
Revry Brasil,网络源
武进生活,网络源
Revry News,网络源
Revry Her,网络源
Revry LatinX,网络源
DanceTV Algorhythm,网络源
DanceTV Deep House District,网络源
DanceTV Chill AF,网络源
DanceTV House Floor,网络源
DanceTV EDM Mainstage,网络源
RFH,网络源
DanceTV Melodic Tech,网络源
DanceTV Techno Warehouse,网络源
DanceTV Minimal Tech,网络源
RiffTrax,网络源
Dateline 24/7,网络源
Dating Disasters,网络源
Rig TV,网络源
Riau TV,网络源
Revolt,网络源
Datis TV,网络源
泗阳综合,网络源
RiC,网络源
River Monsters,网络源
RIT TV,网络源
DAZN Combat,网络源
DAZN Heldinnen x Pluto TV,网络源
RL PRO TV,网络源
DAZN Ringside,网络源
CHC动作电影,网络源
Roar,网络源
RMTV,网络源
RoboCop,网络源
DD Bangla,网络源
江苏城市,网络源
RNF,网络源
睢宁综合,网络源
DD Chandana,网络源
Rocavision TV,网络源
Dazn Ringside (1080p),网络源
苏州文化生活,网络源
Rock TV,网络源
DD Assam,网络源
DBM TV,网络源
淮阴综合,网络源
Romance 365,网络源
DD Jharkhand,网络源
睢宁三农,网络源
苏州社会经济,网络源
DD Haryana,网络源
DD Goa,网络源
DD Malayalam,网络源
Rotana Aflam+,网络源
DD Himachal Pradesh,网络源
DD Mizoram,网络源
2STV,网络源
Rotana Radio Jordan Studio,网络源
Roanoke Valley Television,网络源
DD Meghalaya,网络源
Ronahi TV,网络源
DD Manipur,网络源
1Twente TV,网络源
镇江新闻综合,网络源
DD Punjabi,网络源
DD Nagaland,网络源
3ABN Canada,网络源
2M Monde,网络源
Dare To Dream Network,网络源
镇江二套社会民生,网络源
3ABN English,网络源
3ABN French,网络源
DD Tripura,网络源
DD Sahyadri,网络源
3ABN International,网络源
DD National,网络源
3ABN Kids,网络源
DD Saptagiri,网络源
DD News,网络源
3ABN Latino,网络源
Royalworld,网络源
3ABN Praise Him Music Network,网络源
3ABN Proclaim! Network,网络源
De Ultimo Minuto TV,网络源
Royal Time Television,网络源
Decades,网络源
DD Tamil,网络源
RSelvaTV,网络源
Roya Drama,网络源
Declassified,网络源
Roya Comedy,网络源
湖南都市,网络源
Deal or No Deal,网络源
3Cat Cameres del temps,网络源
Roya Kids,网络源
Roya Kitchen,网络源
Roya TV,网络源
RRI Net,网络源
DeFiance Media,网络源
Degrassi,网络源
3CatInfo,网络源
Deep House District,网络源
Deejay TV,网络源
湖南经视,网络源
3Cat Plats bruts,网络源
RTA Sport,网络源
CHC影迷电影,网络源
RTG 1,网络源
RTA,网络源
湖南电视剧,网络源
Del Pueblo TV,网络源
RTB 3,网络源
Den Haag TV,网络源
RTH-TV1,网络源
RTA Education,网络源
RTH-TV2 Gospel,网络源
RTA News,网络源
Der Denver-Clan,网络源
RTG TV,网络源
RTI 2,网络源
湖南娱乐,网络源
湖南爱晚,网络源
RTI La 3,网络源
湖南国际,网络源
湖南电影,网络源
周星星,网络源
成龙,网络源
Designated Survivor [Geo-blocked],网络源
刘德华,网络源
Despierta TV,网络源
RTK 3,网络源
Detective Conan,网络源
王晶,网络源
Dena,网络源
RTL 102.5 Best,网络源
电影_洪金宝,网络源
电影_周星星,网络源
RTL 102.5 Bro&Sis,网络源
周星驰,网络源
RTL 102.5 Caliente,网络源
长沙政法,网络源
RTL Gold,网络源
RTL 102.5 Disco,网络源
RTL 102.5 Napulé (1080p),网络源
电影_喜剧专场,网络源
电影_李连杰,网络源
RTL 102.5 TV,网络源
电影_喜乐影院,网络源
Diagnosis Murder,网络源
RTL 102.5 Traffic,网络源
电影_黄渤,网络源
RTL HD,网络源
Diadora TV,网络源
RTL Zwee,网络源
Diaspora 24,网络源
RTL,网络源
东方卫视,网络源
电影_玄幻,网络源
金鹰纪实,网络源
电影_罪犯,网络源
Die Thundermans,网络源
电影_功夫片,网络源
电影_盗墓,网络源
电影_犯罪片,网络源
RTP,网络源
电影_不挤影院,网络源
RTQ Queretaro,网络源
电影_武侠,网络源
电影_高能反转,网络源
电影_黑帮片,网络源
RTM TV,网络源
Digimon Adventure,网络源
电影_搞笑喜剧,网络源
电影_谍战,网络源
Diez TV Úbeda (1080p),网络源
RTL-TVI,网络源
Diez TV Las Villas,网络源
电影_许氏三杰,网络源
电影_枪战,网络源
RTSH 1,网络源
Dijlah TV,网络源
RTSH 2,网络源
电影_谍战片,网络源
RTSH 24,网络源
电影_推荐,网络源
电影_贺岁,网络源
RTSH Shqip,网络源
Discover Film,网络源
RTL Zwei,网络源
DirecTV Sports,网络源
RTSH Sport,网络源
RTV,网络源
灾难片,网络源
电影_蜘蛛侠,网络源
湖北影视,网络源
RTV21,网络源
Disney Channel Latin America,网络源
邵氏影院,网络源
特辑影院,网络源
十堰新闻,网络源
荆门新闻综合,网络源
万合出品,网络源
人气港剧,网络源
刀刀影院,网络源
武汉文体,网络源
RTV Drenthe,网络源
Disney Junior,网络源
RTV Islam,网络源
女神电影,网络源
Discover Pakistan,网络源
与凤行,网络源
热门港剧,网络源
芈月传,网络源
Disney Channel,网络源
南宁都市生活,网络源
Divinity,网络源
南宁公共,网络源
Distrito TV,网络源
欢乐综艺,网络源
RTV Noord Extra,网络源
华语经典,网络源
你是我的荣耀,网络源
RTV Rijnmond Extra,网络源
RTV Rijnmond,网络源
勇敢的心,网络源
dlaCiebie.tv,网络源
RTV Parkstad,网络源
来宾综合,网络源
洪金宝,网络源
南宁新闻综合,网络源
神雕侠侣,网络源
天龙八部,网络源
南宁影视娱乐,网络源
白鹿原,网络源
津南一套,网络源
大江大河2,网络源
RTV Vida,网络源
RTV Utrecht,网络源
RTV Westerwolde,网络源
桂林新闻,网络源
乐至综合,网络源
白夜追凶第一季,网络源
什邡新闻,网络源
井研综合,网络源
Diyanet TV,网络源
笑傲江湖,网络源
Rules of Engagement,网络源
凉山新闻综合,网络源
鹿鼎记,网络源
Rudaw TV,网络源
DMF,网络源
剑阁综合,网络源
Ryan and Friends,网络源
Doctor Who Classic,网络源
Rustic Retreats,网络源
RVTV,网络源
寻秦记,网络源
四川科教,网络源
Dog the Bounty Hunter,网络源
Dog Whisperer with Cesar Millan [Geo-blocked],网络源
Docu Vision,网络源
夹江新闻综合,网络源
Russkiy Detektiv,网络源
Don't Tell The Bride,网络源
三国演义,网络源
RÚV 2 (1080p),网络源
父母爱情,网络源
Saarland Fernsehen 1,网络源
Sabrina Total verhext!,网络源
Dokusat,网络源
Dora TV,网络源
松潘新闻综合,网络源
汶川新闻综合,网络源
SADA TV,网络源
Dopa Channel,网络源
Dossiers FBI,网络源
雍正王朝,网络源
SABC Lehae,网络源
神探狄仁杰,网络源
Safeer TV,网络源
朝天综合,网络源
Sachsen Eins,网络源
上海滩,网络源
Dotto TV,网络源
沐川综合,网络源
Sailor Moon,网络源
Sabalan TV,网络源
douyu19,网络源
隋唐英雄传,网络源
金川新闻综合,网络源
青川综合,网络源
Salem News Channel [Geo-blocked],网络源
Salsa Gorda Television,网络源
Sabz,网络源
大时代,网络源
陀枪师姐,网络源
Drake & Josh,网络源
Dr G Medical Examiner,网络源
Sai TV,网络源
情满四合院,网络源
荥经综合,网络源
Dr. Gene Scott,网络源
长宁综合,网络源
康熙王朝,网络源
爱情公寓,网络源
纪晓岚,网络源
Salam TV,网络源
Drita TV,网络源
Salvation TV,网络源
DryBar Comedy,网络源
Sama Dubai,网络源
DRTV,网络源
DTV,网络源
Drive TV (1080p),网络源
Salto Brasa Music,网络源
Drive In Movie Channel,网络源
邵氏影院频视,网络源
Samuel Goldwyn Classics,网络源
飞虎之潜行极战,网络源
Samuel Goldwyn Films (1080p),网络源
Salto MaLive (1080p),网络源
贾玲小品,网络源
科幻Fans轮播,网络源
粤语综艺轮播,网络源
宋小宝小品,网络源
经典小品,网络源
娱乐扒叔轮播,网络源
Dubai Racing 2,网络源
Dubai Racing 3,网络源
开心麻花小品,网络源
Dubai One,网络源
赵本山小品,网络源
dTVi,网络源
内蒙古蒙语卫视,网络源
Duck Dynasty,网络源
Dubai Sports 3,网络源
科幻解说轮播,网络源
Dubai TV,网络源
许君聪小品,网络源
云霄综合,网络源
San Pedro TV,网络源
黑冰,网络源
Dubai Sports 1,网络源
Dubai Zaman,网络源
Duck Hunting TV,网络源
Dungeons & Dragons Adventures (1080p) [Geo-blocked],网络源
Sardari TV,网络源
Sanskar USA,网络源
Sanskar UK,网络源
Sana Plus,网络源
Sat 7 Kids,网络源
宁化电视一套,网络源
Sat 7 Arabic,网络源
NewTV纪实科教,网络源
Sanskar Web TV,网络源
Sanskar TV,网络源
Saudia Radio,网络源
Dunia Sinema,网络源
Dynasty,网络源
DW English (1080p),网络源
Saved by the Bell,网络源
江苏卫视,网络源
Satsang Web TV,网络源
E! East,网络源
E! Keeping Up,网络源
DW Arabic (1080p),网络源
Ebony TV [Geo-blocked],网络源
Ebenezer TV,网络源
Scares by Shudder,网络源
Sarbedaran TV,网络源
SC Currents,网络源
EBS HD (1080p),网络源
E 24,网络源
SBTV,网络源
SBT TV,网络源
SBB TV,网络源
Echappées Belles & Co,网络源
SAYHi,网络源
Dushanbe HD,网络源
Ecos Canal 57,网络源
EBS 2 (400p) [Not 24/7],网络源
EBS 1 (400p) [Not 24/7],网络源
SBS KBC (1080p) [Not 24/7],网络源
EBS E (400p) [Not 24/7],网络源
EBS Kids,网络源
Scientology Network,网络源
Ecua Stereo Radio TV,网络源
Sci-Fi World,网络源
Ecclesia TV,网络源
EBS+ 1 (400p),网络源
EBS+ 2 (400p),网络源
海南文旅,网络源
海南自贸,网络源
SCVTV,网络源
五星体育,网络源
海南少儿,网络源
海南公共,网络源
SEATV (1080p),网络源
EDN TV,网络源
EET TV,网络源
Senal Digital TV,网络源
Ecuavisa,网络源
Edu+ TV,网络源
Seenluft24,网络源
Señal Perú TV (404p) [Not 24/7],网络源
Edgy Urban,网络源
Edgy TV,网络源
Ekran Movies,网络源
Ein Engel auf Erden,网络源
Señal Positiva TV (1080p),网络源
Seneweb TV,网络源
Séptimo arte,网络源
Eggheads (1080p),网络源
El Sonorense,网络源
Semnan,网络源
Senato TV,网络源
Semerkand TV,网络源
El 33 Originals (1080p) [Not 24/7],网络源
泌阳新闻综合,网络源
Elbeshara GTV,网络源
Shades of Black,网络源
eldo.TV,网络源
Electric Now,网络源
广东体育,网络源
SGTV,网络源
Sharjah Sports,网络源
Sharjah 2,网络源
Sharjah Radio Quran,网络源
Shams TV,网络源
Sharjah Radio,网络源
Shamshad TV,网络源
Shaun the Sheep & Friends,网络源
ServusTV,网络源
EL TV,网络源
Elsharq TV,网络源
洛阳综合,网络源
Shemaroo Bollywood,网络源
Sharjah TV,网络源
EmanTv,网络源
洛阳文旅,网络源
洛阳科教,网络源
Eleven Sports 1,网络源
Empordà TV (1080p),网络源
Encore+,网络源
Shop Channel,网络源
Shop LC,网络源
Elshinta TV,网络源
埋堆堆3,网络源
Showtime Next,网络源
埋堆堆13,网络源
Energy,网络源
Showtime 2 East,网络源
SIC Replay,网络源
ShowBox,网络源
SIC Alta Definição (1080p),网络源
Showtime Women,网络源
Enquêtes de Choc,网络源
埋堆堆11,网络源
EnerGeek Radio,网络源
Siembra TV,网络源
埋堆堆16,网络源
EnerGeek FAN,网络源
Enterate RD,网络源
Shubh TV,网络源
Showtime East,网络源
Equinoxe TV,网络源
JEI English TV,网络源
Equus TV (1080p),网络源
EPlanet TV,网络源
Entuno TV,网络源
SIPSE TV 8.1,网络源
Sitcom Legends,网络源
Sivan TV,网络源
Showtime West (1080p),网络源
Epic TV,网络源
邢台综合,网络源
SKWAD,网络源
Sky News,网络源
Escape to the Country (1080p),网络源
Entertainment,网络源
Ertsulovneba,网络源
SL 1,网络源
SL 2,网络源
Er TV (1080p) [Geo-blocked],网络源
Sky News Arabia,网络源
Escape TV,网络源
Espace TV,网络源
解说_亮哥讲电影,网络源
解说_乌贼说电影,网络源
Sky News Extra 3,网络源
经典美剧解说,网络源
美剧解说轮播,网络源
Eska TV,网络源
解说_大象放映室,网络源
Estrella News,网络源
解说_冷君说电影,网络源
Eshragh,网络源
Eska Rock Dobrze Rockuje,网络源
解说_刘老师说电影,网络源
Eska Hity na Czasie,网络源
Estrella TV,网络源
解说_小川侃电影,网络源
ET,网络源
解说_斌哥漫说,网络源
Smithsonian Channel Selects,网络源
解说_扁豆看电影,网络源
解说_涵哥评电影,网络源
解说_恐怖电影解说,网络源
解说_电影狂人,网络源
SNL Vault,网络源
解说_科幻梦工场,网络源
Smithsonian Channel,网络源
Estilo y Vida (1080p),网络源
解说_虎妞说电影,网络源
解说_阿斗说电影,网络源
ETV Manisa,网络源
ETV,网络源
解说_阿良说剧,网络源
安顺新闻,网络源
解说_鱼丸电影,网络源
七星关电视台,网络源
SNN TV,网络源
临夏州综合,网络源
SOL 2 (1080p),网络源
Sohail TV,网络源
Euronews,网络源
解说_阿钙扒瞎,网络源
解说_鹿哥电影,网络源
解说_默爷侃电影,网络源
嘉峪关综合,网络源
ETV Abhiruchi,网络源
Euronews Albania,网络源
Solh Sports,网络源
嘉佳卡通,网络源
Somos La Pampa,网络源
永昌综合,网络源
Euro D,网络源
ETV Andhra Pradesh,网络源
哈密一套,网络源
Everyday Refresh,网络源
哈密二套,网络源
天祝综合,网络源
伊犁汉语综合,网络源
伊犁维吾尔,网络源
Sony Canal Novelas,网络源
Sony Canal Escape Perfecto,网络源
伊犁哈萨克,网络源
奎屯哈萨克语,网络源
伊犁经济法制,网络源
哈密三套,网络源
Sony Channel,网络源
EWTN Poland,网络源
玛纳斯综合,网络源
Sooriyan TV,网络源
EWTN Ukraine,网络源
兵团五师双河新闻综合,网络源
可克达拉综合,网络源
South Park,网络源
Sonnenklar TV,网络源
Extrema Kids TV,网络源
South Park En Français,网络源
Extreme+ (1080p),网络源
Euronews French,网络源
South Park: Cartman Collection,网络源
Extra TV,网络源
金鹰卡通,网络源
Sony Pix,网络源
Sony Sports Ten 1,网络源
F.B.I. Files,网络源
South Park: Butters Collection,网络源
Sony Sports Ten 2,网络源
F10 HD,网络源
South Park: Kenny Collection,网络源
Sony Sports Ten 3,网络源
Fail Army,网络源
South Park: Kyle Collection,网络源
FailArmy Spain,网络源
South Park: Stan Collection,网络源
FailArmy,网络源
Famatv,网络源
South Park: Welcome to Canada!,网络源
Falastini TV,网络源
Spark TV,网络源
Speed Sport 1 (1080p),网络源
Spark TV Luz & Amor (1080p),网络源
Space Series,网络源
Space TV,网络源
FanDuel Racing,网络源
Family Club,网络源
Family Feud Classic,网络源
SPIEGEL TV,网络源
万荣综合,网络源
Spike Outdoors,网络源
SPIEGEL TV Konflikte,网络源
Spike Pluto TV,网络源
FanDuel TV Extra,网络源
哈哈炫动,网络源
烟台经济科技,网络源
烟台新闻综合,网络源
东南卫视,网络源
青州综合,网络源
太谷新闻综合,网络源
Fashion Finds,网络源
FanDuel Sports Network,网络源
FarmodaTV,网络源
五台综合,网络源
SpongeBob Schwammkopf,网络源
山西经济与科技,网络源
Sportoutdoor.tv,网络源
FashionTV Paris L'Original,网络源
Star Sports First,网络源
Sport Fishing TV,网络源
定襄综合,网络源
古县综合,网络源
FBI Files,网络源
SportsGrid,网络源
武乡新闻综合,网络源
FDF (1080p),网络源
SRC Media TV,网络源
Feel Good Drama,网络源
Squirrel,网络源
FC Public Media,网络源
长治公共,网络源
黎城综合,网络源
Feva Music (1080p),网络源
Fear Factor,网络源
FEVA TV,网络源
济宁综合,网络源
平遥新闻综合,网络源
FGTEEV (1080p) [Geo-blocked],网络源
Fateh TV,网络源
FIFA plus,网络源
Star 101 FM,网络源
祁县新闻综合,网络源
SSTV,网络源
长子综合,网络源
Filmex,网络源
祁门综合,网络源
Filmex Clásico (1080p) [Geo-blocked],网络源
固镇新闻,网络源
涡阳新闻综合,网络源
Star Bharat,网络源
Fight TV,网络源
Filmgold,网络源
亳州农村,网络源
Filamchi Bhojpuri,网络源
FilmRise DeGrassi la nouvelle génération,网络源
FilmGold Germany (1080p),网络源
Star Gold Select,网络源
CNN,网络源
Star Jalsha,网络源
优漫卡通,网络源
卡酷少儿,网络源
Star Trek Deep Space Nine,网络源
新加坡国际,网络源
海绵宝宝,网络源
Star Maa,网络源
Star Movies,网络源
法·时尚,网络源
Star Trek Voyager,网络源
Star Trek: Deep Space Nine,网络源
Star Movies Select,网络源
Fish TV,网络源
Film4 HD (1080p),网络源
Filstalwelle,网络源
CNA新闻,网络源
Star Pravah,网络源
FITE 24/7,网络源
Star Sports 1 Tamil,网络源
Star Sports 1 Telugu,网络源
Star Sports,网络源
Flicks of Fury,网络源
Fixers and Flippers,网络源
名侦探柯南,网络源
Star Suvarna,网络源
延边-2,网络源
广德生活,网络源
人与自然,网络源
Discovery,网络源
Fluss-Monster,网络源
动物世界,网络源
Fluss Monster (1080p),网络源
世界地理,网络源
长白朝语,网络源
Start TV,网络源
航拍中国第一季,网络源
Flowers TV USA,网络源
Folketinget (1080p) [Not 24/7],网络源
FM Mundo,网络源
Star Vijay,网络源
航拍中国第二季,网络源
FNX,网络源
航拍中国第三季,网络源
动物星球,网络源
Stingray Classic Rock,网络源
Starz East,网络源
Stimmungsgarten TV,网络源
Stingray Easy Listening,网络源
Starz Encore Classic,网络源
Stingray Flashback 70's,网络源
Stingray Classica,网络源
Stingray Hit List,网络源
Starz West,网络源
Stingray Greatest Hits,网络源
Fork & Flight,网络源
Stingray Hot Country,网络源
Forever Kids,网络源
Stingray Karaoke,网络源
Stingray Nothin' But 90s,网络源
Fonte TV,网络源
Stingray Pop Adult,网络源
Steiermark TV,网络源
Stingray Remember the 80s,网络源
Star TV,网络源
三立戏剧,网络源
Formula 1 Channel,网络源
Stingray Rock Alternative,网络源
Stingray Romance Latino,网络源
Stingray Naturescape,网络源
Stingray Smooth Jazz,网络源
Fortuna TV,网络源
Stingray Soul Storm,网络源
Stingray The Spa,网络源
Stingray Today's K-Pop,网络源
Stingray Today's Latin Pop,网络源
Stingray Urban Beat,网络源
Fort Collins Cable TV (FCTV) (Fort Collins CO) (1080p),网络源
Story Television,网络源
Stormcast Novelas TV,网络源
Stormcast Novelas,网络源
Stories by AMC,网络源
北京卫视,网络源
Fox 25 Boston (WFXT-TV) [Geo-blocked],网络源
麻栗坡电视台,网络源
Streekstad Alkmaar Centraal (1080p),网络源
Stryk TV,网络源
Fox Soul,网络源
Fox Sports,网络源
Studio Rheden,网络源
Fox Sports 1,网络源
STS Love,网络源
Stopklatka TV,网络源
西宁新闻综合,网络源
Studio Universal Latin America,网络源
Su Mundo TV,网络源
第一财经,网络源
France 2,网络源
Suceso TV,网络源
France 24 English (1080p),网络源
黑龙江文体,网络源
France 24 Español (1080p),网络源
France 24 Arabic (1080p),网络源
STZ Telebista,网络源
Sula TV,网络源
内蒙农牧,网络源
SUMtv English,网络源
France 5,网络源
SUMtv Latino,网络源
Frasier,网络源
France 24 FAST English,网络源
Frecuencia Musical TV [Not 24/7],网络源
Frecuencia F TV,网络源
都市剧场,网络源
Franken Fernsehen,网络源
Sudarshan News,网络源
FrankenPlus (1080p),网络源
Sundance TV,网络源
Sun TV,网络源
Sun Music,网络源
Franceinfo,网络源
Super Channel 12,网络源
Fubo Sports Network,网络源
Super Simple Songs,网络源
FTV,网络源
Super!,网络源
FUEL TV,网络源
Fun Roads,网络源
Funny AF,网络源
Fuerteventura TV,网络源
Fury,网络源
Supermarket Sweep,网络源
Future TV,网络源
Supermarket Sweep [Geo-blocked],网络源
FUTV,网络源
Supermarket Sweep (1080p) [Geo-blocked],网络源
Super Polsat,网络源
Supernatural Drama,网络源
翡翠台,网络源
Superscreen TV,网络源
Super Express TV,网络源
FX TV 1,网络源
FUSION TV,网络源
FX TV 2,网络源
FX East,网络源
Superyacht TV,网络源
长沙新闻,网络源
湖南公共,网络源
Galavision,网络源
双鸭山综合,网络源
FXM East,网络源
FXX East,网络源
明珠台,网络源
Suram TV,网络源
Surfing+ (1080p),网络源
FYI East,网络源
江夏新闻综合,网络源
Survivor,网络源
Surf Cinema (1080p),网络源
Surabaya TV,网络源
保康新闻综合,网络源
G-eye TV,网络源
Ganj e Hozour TV,网络源
Game Show Central,网络源
Gardening with Monty Don,网络源
Futbol,网络源
Surya TV,网络源
Garfield and Friends,网络源
Gaunda Punjab TV,网络源
麻城综合,网络源
Garage TV Latin America,网络源
T2 Movies,网络源
Syfy East,网络源
Tennis Channel,网络源
凤凰卫视,网络源
Geb Tv (KBPX LD5) (1080p),网络源
GDNS Ludhiana,网络源
T2 TV,网络源
GEM Bollywood,网络源
T7,网络源
GEM Classic,网络源
GEM Comedy,网络源
Swamiji TV American,网络源
GEM Drama,网络源
Swamiji TV Australian,网络源
GEM Drama Plus,网络源
Game One,网络源
Syria TV,网络源
Swamiji TV European,网络源
GEM Film,网络源
纬来体育,网络源
GEM Fit,网络源
GEM Food,网络源
GEM Junior,网络源
GEM Kids,网络源
TAG TV,网络源
GEM Mifa,网络源
GEM Life,网络源
GEM Mifa Plus,网络源
GEM Nature,网络源
GEM Onyx,网络源
GEM River,网络源
GEM River Plus,网络源
GEM Rubix,网络源
T9,网络源
海南卫视,网络源
GEM Rubix Plus,网络源
GEM Series,网络源
T18,网络源
Series Plus,网络源
GEM Pixel,网络源
J2,网络源
GB News,网络源
Global Buddhist Network,网络源
Taiwan Plus TV,网络源
GenB TV (1080p),网络源
Génération Sitcoms,网络源
Generation Sitcoms (1080p),网络源
Taha TV,网络源
Germany Shore,网络源
Gemini Movies,网络源
Gemini Music,网络源
Tal TV,网络源
Gemini TV,网络源
Geo Super,网络源
Géopolis TV (240p),网络源
GH Television,网络源
Tastemade Australia (1080p),网络源
Tastemade,网络源
Tastemade Home [Geo-blocked],网络源
talkSPORT,网络源
Tastemade Travel,网络源
Tanasuh TV,网络源
Tajikistan (1080p),网络源
Ghost Hunters,网络源
广州新闻,网络源
Tastemade International,网络源
TBN,网络源
TBN Inspire,网络源
Tarim TV,网络源
五华综合,网络源
TBN Nejat TV,网络源
TBN UK,网络源
广州竞赛,网络源
TBN Baltia,网络源
Tatlises TV,网络源
TBN Armenia,网络源
Global News Calgary,网络源
Giovanni Paolo TV,网络源
Global News,网络源
Global News Edmonton,网络源
Global News Halifax,网络源
Global Fashion Channel,网络源
Global News National,网络源
浙江生活,网络源
Global News Kingston,网络源
Global News Montreal,网络源
Global News Lethbridge,网络源
Global News Regina,网络源
Global News Peterborough,网络源
Global News Saskatoon,网络源
Team USA (1080p),网络源
Global News Toronto,网络源
Global News Okanagan,网络源
Global News Winnipeg,网络源
TDI Radio TV,网络源
GM7 Digital,网络源
Glory Kickboxing,网络源
Nick Teen,网络源
Teen Mom,网络源
GMTV,网络源
GO TV,网络源
Global Punjab,网络源
Go2Travel,网络源
Te Reo,网络源
Tele 1,网络源
Gnomi TV,网络源
Goal TV,网络源
Tele Abruzzo,网络源
Goa365,网络源
TD Ameritrade Network,网络源
Tele Congo,网络源
GMM 25,网络源
Golazo Network,网络源
深圳卫视,网络源
Gol Peru,网络源
Gol Classics,网络源
Gold Star,网络源
Tele Elx,网络源
Golden TV (240p) [Not 24/7],网络源
Tele Louange,网络源
Golden Community Television (GCO.tv) (Golden CO) (1080p),网络源
Golden Boy,网络源
Goldstar TV,网络源
Tele One 16,网络源
Tele Proyecto TV,网络源
靖天戏剧,网络源
Golf Channel,网络源
GolfPass,网络源
绍兴文化影院,网络源
Tekyemadahi,网络源
Tele Zoukla,网络源
天映经典,网络源
Telecadena 7 y 4,网络源
IPTV经典电影,网络源
之江记录,网络源
TeleCinco Trelew (240p),网络源
浙江影视,网络源
Telecomercio TV,网络源
钱江都市,网络源
Gordon Ramsay's Hell's Kitchen,网络源
义乌新闻综合,网络源
Gospel Broadcasting Network,网络源
Telecinco,网络源
Gospel Truth TV,网络源
Telefuturo,网络源
Telefriuli,网络源
绍兴文化,网络源
Golkhane Tv,网络源
绍兴新闻,网络源
Grande TV,网络源
TeleBielingue,网络源
Teledeporte,网络源
Grand Cinema,网络源
GREAT! movies,网络源
Graham Norton (1080p),网络源
Teleislas,网络源
Telecolor Lombardia,网络源
Grjngo,网络源
GREAT! romance,网络源
Grit,网络源
Grit Xtra,网络源
GRTS TV,网络源
Telemax,网络源
Telelima,网络源
Great American Country,网络源
Telemantova,网络源
GTN Canada,网络源
Grjngo Films de Western (1080p),网络源
Telemetro TV,网络源
Telemundo Al Dia,网络源
Telemundo Accion,网络源
Telemolise,网络源
TeleMoldova +,网络源
Guardian Talk Radio,网络源
GS My Shop,网络源
GS Shop,网络源
烟台公共,网络源
Telemundo Noticias Ahora,网络源
Telemundo Noticias California,网络源
山东体育,网络源
Telemundo Noticias Florida,网络源
南京十八,网络源
Telenews TV,网络源
Telemundo Telenovelas Clasicas,网络源
Telemundo Noticias Noreste,网络源
Telemundo Noticias Texas,网络源
Gunsmoke,网络源
Telemundo Romance,网络源
Gusto TV,网络源
Telenord 8,网络源
Telemundo Corpus Christi,网络源
GRT,网络源
GuyBai TV,网络源
GZT,网络源
Gubbare,网络源
Telerayo,网络源
苏州生活资讯,网络源
Haiti News Channel,网络源
Hagerty (1080p),网络源
扬州邗江频道,网络源
Telepacifico,网络源
句容党建频道,网络源
Teleselva,网络源
Hallmark Movies & More,网络源
Telesistema 11,网络源
厦门卫视,网络源
Hamaika Telebista,网络源
Hala TV,网络源
宿州科教,网络源
Hallmark Channel,网络源
Telesirio Web TV,网络源
安徽｜固镇新闻,网络源
Hallmark Movies Mysteries East,网络源
Telesur English HD (1080p),网络源
Telesur,网络源
Telestar1,网络源
Hala London,网络源
HANDICAP TV France,网络源
Hamdard TV,网络源
辽宁体育休闲,网络源
Halk TV,网络源
Happy Days,网络源
安徽影视频道,网络源
蒙语文化,网络源
Teletur,网络源
安徽经济生活,网络源
Hardcore Pawn (1080p),网络源
歙县综合,网络源
辽宁公共,网络源
茶陵新闻综合,网络源
Hard Knocks Fighting Championship,网络源
Telever,网络源
辽宁北方,网络源
Televisa Telenovela Channel,网络源
Televisa Telenovelas,网络源
Hausmeister Krause,网络源
HauntTV,网络源
辽宁教育青少,网络源
Hamedan TV,网络源
Hamoon,网络源
Haunt TV,网络源
辽宁生活,网络源
Television Consciente,网络源
Televisión Metrópolis 19.2 (1080p) [Not 24/7],网络源
Television Caribbean,网络源
Handystar,网络源
Television Olanchana,网络源
吉林卫视,网络源
HeartFelt TV,网络源
Heartland,网络源
辽宁都市,网络源
Hélène et les garçons,网络源
Televizija M,网络源
TeleZuri,网络源
陕西新闻资讯,网络源
Telewebion Sport,网络源
Telewebion Sport 2,网络源
Telewebion Sport 3,网络源
陕西都市青春,网络源
陕西体育休闲,网络源
Hell's Kitchen,网络源
Hebron TV,网络源
火影忍者,网络源
Telewizja Toruń (1080p) [Not 24/7],网络源
Temecula TV,网络源
teltOwkanal,网络源
TEN,网络源
Hell's Kitchen Germany (1080p),网络源
漫画解说,网络源
文山州新闻综合,网络源
Tennis+ (1080p),网络源
Heritage Tourism,网络源
Hi-YAH!,网络源
Hesper TV,网络源
High Vision TV,网络源
Terra Mater WILD,网络源
Hilando Fino TV,网络源
Telewizja Biznesowa,网络源
Hi-5,网络源
Highway Thru Hell (1080p),网络源
涪陵电视台,网络源
Tensions TV,网络源
Heritage+,网络源
Hidabroot,网络源
三明新闻综合,网络源
西游记,网络源
Test My Ride,网络源
History,网络源
HiDance,网络源
Hispania TV,网络源
History 2 Latin America,网络源
History and Warfare Now (1080p),网络源
TG Norba 24,网络源
History Hunters (1080p),网络源
HiMusic,网络源
The Addams Family,网络源
The Andy Griffith Show,网络源
The Asylum,网络源
Holidayscapes (1080p),网络源
Thairath TV,网络源
[SD]24h高分电影,网络源
甘南综合,网络源
The Archive,网络源
The Biggest Loser (1080p),网络源
Hitradio O3,网络源
The Breakfast Club on iHeartRadio (1080p),网络源
Tribeca Channel,网络源
The Challenge,网络源
The Chat Show Channel (1080p),网络源
Home.Made.Nation,网络源
The Conners [Geo-blocked],网络源
Home Plus,网络源
Homeful,网络源
HOLA! Play,网络源
The Country Network,网络源
Thai Nguyen TV,网络源
Channel 11,网络源
[BD]77说电影,网络源
Homeful (1080p),网络源
[HD]kqsl channel 8,网络源
Homerun TV,网络源
[BD]mo channel,网络源
The Design Network,网络源
[HD]xplore channel,网络源
The Cowboy Channel,网络源
The Dick Van Dyke Show,网络源
The Cycling Channel,网络源
Homicide,网络源
Hoop TV,网络源
The First TV,网络源
The Grappling Network (1080p),网络源
Bike Channel,网络源
The Jack Hanna Channel (1080p),网络源
The Explorers,网络源
Homicide la chaîne du fait divers,网络源
Cool Channel,网络源
Hope Channel Africa,网络源
The Hill TV,网络源
[HD]tempe channel 11,网络源
The Jack Hannah Channel,网络源
The Hotel Inspector (1080p),网络源
The Jack Hanna Channel,网络源
Hope Channel Inter-America,网络源
Hope Channel International,网络源
STOU Channel,网络源
Hope Channel North America,网络源
Sakala Channel,网络源
The Judge Judy Channel,网络源
The Jamie Oliver Channel,网络源
The Lone Ranger,网络源
00s Replay,网络源
The Nest,网络源
FX Movie Channel,网络源
The New Detectives,网络源
[BD]go-tv channel,网络源
The Ohio Channel (WVIZ DT-2),网络源
石家庄新闻综合,网络源
Horror TV,网络源
Hot Bench,网络源
Qmusic,网络源
CTV Comedy Channel,网络源
4Music,网络源
CTV Drama Channel,网络源
七台河新闻综合,网络源
[BD]cn卡通  *wj,网络源
方城一套,网络源
灵宝新闻综合,网络源
[HD]dazn ringside,网络源
Hot Ones,网络源
[BD]dazn 1 *wj,网络源
The Price Is Right,网络源
Kartoon Channel!,网络源
四川卫视,网络源
HSN,网络源
Hotel Inspector (1080p),网络源
The Retro Channel,网络源
黑龙江影视,网络源
HSN2,网络源
HSN West,网络源
The Rifleman,网络源
沁阳新闻综合,网络源
[BD]dazn ringside,网络源
黑龙江新闻法治,网络源
济源电视一套,网络源
荥阳综合,网络源
永城综合,网络源
The Twilight Zone,网络源
HTV Live,网络源
The Word Network,网络源
The Weather Network,网络源
Delta TV,网络源
[HD]elta 4 *wj,网络源
The Young Turks,网络源
CCTV-4K,网络源
Hudhud TV,网络源
The Wicked Tuna Channel (1080p),网络源
[HD]ca hgtv,网络源
Food Network,网络源
[BD]us hgtv,网络源
Humor Mill,网络源
Government Access Channel,网络源
Global Trekker,网络源
Three's Company,网络源
Thrillers 365,网络源
Hunt Fish TV,网络源
Hyder TV,网络源
黑龙江都市,网络源
什邡新闻频道,网络源
Hollywood,网络源
[SD]lifetime(tw)---,网络源
i24NEWS Hebrew,网络源
[HD]time line,网络源
I Love Lucy,网络源
[HD]lifetime east,网络源
Love Nature,网络源
凉山语,网络源
Hype Visual Radio,网络源
叙州新闻综合,网络源
[HD]love nature uhd *m[geo-blocked],网络源
赣州教育,网络源
利州综合,网络源
赣州公共,网络源
Tiny House Nation,网络源
This is Bulgaria HD,网络源
Timor TV,网络源
Tide TV,网络源
赣州新闻,网络源
双流综合,网络源
Tiny Pop,网络源
旺苍新闻综合,网络源
iCarly TV,网络源
[BD]ช่อง pet club,网络源
渠县新闻综合,网络源
Times Brasil,网络源
iCarly,网络源
[BD]tvbs asia,网络源
ICC plus,网络源
Ice Pilots,网络源
广元综合,网络源
Ice Road Truckers (1080p),网络源
金川乡村,网络源
TLN Media Chicago,网络源
TJC,网络源
[BD]tvbs *wj,网络源
TLN Media San Francisco,网络源
广安公共,网络源
TMA,网络源
[BD]roll,网络源
TLT Molise,网络源
[BD]tvbs欢乐 *wj,网络源
TMB TV,网络源
TNA Wrestling,网络源
TMB,网络源
新疆｜巴音郭楞州,网络源
TN,网络源
ICnet 1,网络源
金堂电视台,网络源
ICnet 2,网络源
[BD]中天娱乐 *wj,网络源
icnet 3,网络源
TJK TV,网络源
中央电视塔南,网络源
Ideas en 5 minutos (1080p),网络源
TODAY All Day,网络源
Tom And Jerry,网络源
中央电视塔东,网络源
丽江古城大研花巷观景,网络源
[BD]中天综合 *wj,网络源
丽江古城万古楼遥望玉龙雪山,网络源
乌镇蓝印花布,网络源
乌镇西市河,网络源
丽江古城大水车,网络源
乌镇龙形田,网络源
Identité Télé Caraïbes (548p),网络源
TNTV,网络源
春晚2024,网络源
乌镇全景,网络源
云南丽江冰川,网络源
[BD]中视 *wj,网络源
天津,网络源
云南丽江玉龙雪山,网络源
云南大理崇圣寺三塔中景,网络源
云南丽江蓝月谷,网络源
Ignite Television,网络源
TOP Barça Spain (1080p),网络源
云南丽江印象实景,网络源
Tonghua TV,网络源
云南大理崇圣寺三塔远景,网络源
云南丽江玉龙雪山草甸,网络源
[BD]中视经典 *wj,网络源
TOP Barca,网络源
Top FM TV (240p) [Not 24/7],网络源
云南白沙远眺玉龙雪山,网络源
iFilm Persian,网络源
iFilm 2,网络源
[BD]中视,网络源
iFilm English,网络源
[BD]亚洲旅游 *wj,网络源
五彩池,网络源
iFilm Arabic,网络源
Top Chef Vault,网络源
八里沟风景区天界山玻璃栈道,网络源
Top Gear,网络源
六盘山红军长征景区,网络源
八里沟风景区桃花湾瀑布,网络源
南京玄武湖公园,网络源
凤凰古城南华山,网络源
Top Million Dollar Agent,网络源
厦门鼓浪屿,网络源
凤凰古城东关门,网络源
Top Rank Classics,网络源
Top Rank Classics (1080p),网络源
四川峨眉山云海日出,网络源
四川四姑娘山隆珠措,网络源
Imagen Universal TV,网络源
四川峨眉山普贤菩萨铜像,网络源
[BD]八大戏剧 *wj,网络源
天涯石,网络源
四川峨眉山远眺贡嘎雪山,网络源
四川峨眉山远眺万佛顶,网络源
安徽池州九华山风景区花台,网络源
安徽池州九华山风景区九华山,网络源
Top Serien (1080p),网络源
Imam Hussein TV 1,网络源
Top Sci-Fi (1080p),网络源
安徽黟县芦村远眺,网络源
安徽黟县西递牌坊,网络源
Imam Hussein TV 2,网络源
Imam Hussein TV 3,网络源
[BD]八大第一 *wj,网络源
广西桂林漓江景区,网络源
Imam Hussein TV 4,网络源
张掖七彩丹霞,网络源
广西玉林大容山莲花山顶,网络源
Ilam,网络源
[BD]公視 *wj,网络源
Impact TV Dance,网络源
恒山悬空寺全景,网络源
望乡台,网络源
新疆天山(灯杆山),网络源
Impact TV Manele,网络源
新疆天山(马牙山),网络源
普陀山,网络源
Tortues Ninja TV,网络源
Tosh.0,网络源
新疆天山(定海神针),网络源
[HD]人间卫视,网络源
In the Kitchen,网络源
Total Crime (1080p),网络源
月牙泉,网络源
Top Movies Polska,网络源
Totally Teen,网络源
江苏-南京牛首山,网络源
[BD]小公视,网络源
Totally Turtles,网络源
江苏-无锡鼋头渚赏樱阁,网络源
INA 70,网络源
[BD]博斯高球二 *wj,网络源
INA 70s,网络源
[BD]博斯网球 *wj,网络源
Total Bhakti,网络源
江苏-徐州云龙湖观景台西,网络源
泰山南天门,网络源
泰山主峰,网络源
Tough Jobs,网络源
泰山太平岭,网络源
泰山十八盘,网络源
Inazuma Eleven,网络源
INA Ardivision,网络源
泰山大观峰,网络源
Toute une histoire,网络源
泰山望人松,网络源
天津卫视,网络源
泰山玉皇顶,网络源
泰山碧霞祠,网络源
泰山白云亭悬崖,网络源
[BD]博斯魅力 *wj,网络源
浙江-乌镇蓝印花布,网络源
[BD]台视 *wj,网络源
[BD]台视新闻,网络源
Trace Hits,网络源
浙江舟山东极岛,网络源
Trace Sport Stars,网络源
[BD]公视台语,网络源
Trabzon Buyuksehir Belediyesi TV,网络源
Trace Urban,网络源
[BD]大愛 *wj,网络源
[BD]台视新闻hd *wj,网络源
湖南张家界将军列队,网络源
湖南张家界宝峰湖,网络源
湖南张家界天门山西线玻璃栈道,网络源
Infinita TV,网络源
湖南张家界御笔峰,网络源
湖南张家界迷魂台,网络源
Trace Brazuca,网络源
Trace Latina,网络源
[BD]台视,网络源
Transformers TV,网络源
湖南张家界水绕四门,网络源
TRACE UK (1080p),网络源
狮子山鸟瞰丽江古城,网络源
直播中国精编直播,网络源
福建武夷山玉女峰,网络源
[BD]好莱坞电影 *wj,网络源
[BD]好消息 *wj,网络源
[BD]原住民卫视,网络源
贵州省兴义市万峰林,网络源
Informe TV,网络源
InfoWars The Alex Jones Show (1080p),网络源
[HD]亚洲新闻,网络源
InfoWars The American Journal (1080p),网络源
都江堰鱼嘴,网络源
陕西洋县国宝朱鹮02,网络源
福建漳州醉美沙滩翡翠湾,网络源
Indosiar,网络源
InfoWars War Room With Owen Shroyer (1080p),网络源
INFAST,网络源
[BD]年代新闻 *wj,网络源
雪乡梦幻家园,网络源
雪乡大石碑,网络源
陕西洋县国宝朱鹮03,网络源
[BD]东森幼幼 *wj,网络源
Traverse Area Community Media CommunityTV Channel 189 (Traverse City MI) (1080p) [Geo-blocked],网络源
青岛崂山八水河,网络源
iNEWS TV (1080p),网络源
Ink Master,网络源
青岛崂山双福,网络源
[BD]东森戏剧 *wj,网络源
Trece,网络源
黄山始信新道,网络源
黄山,网络源
INSP,网络源
黄山飞来石,网络源
鸣沙山,网络源
黄山卧云峰,网络源
[BD]东森新闻 *wj,网络源
黄山排云亭,网络源
黄果树六角亭瀑布,网络源
[BD]東森美洲,网络源
Traditional TV,网络源
黄花城水长城01,网络源
[BD]东森美洲新闻台,网络源
黄龙,网络源
黄花城水长城02,网络源
Trends Z (1080p),网络源
[BD]东森超视,网络源
[BD]东森綜合 *wj,网络源
Instant Saga,网络源
Triton Poker,网络源
黄花城水长城03,网络源
interTV (1080p),网络源
Interalmeria TV,网络源
2021热门伤感DJ,网络源
2021最佳伤感情歌HD,网络源
[BD]东森财经新闻 *wj,网络源
DJ舞曲,网络源
1987年春晚,网络源
1988年春晚,网络源
1989年春晚,网络源
Trimedio TV,网络源
2021年最火伤感音乐,网络源
2021爆红《6首女生版伤感DJ》HD,网络源
Tropi Q 99.7 FM,网络源
2021年网络火爆伤感情歌6首,网络源
TRT,网络源
[BD]东森电影 *wj,网络源
Investigation,网络源
2000年春晚,网络源
1995年春晚,网络源
1996年春晚,网络源
2001年春晚,网络源
1993年春晚,网络源
1994年春晚,网络源
Investiga,网络源
INTRAVEL (1080p) [Geo-blocked],网络源
[BD]民视新闻,网络源
2003年春晚,网络源
2004年春晚,网络源
2002年春晚,网络源
2005年春晚,网络源
2006年春晚,网络源
ION TV East,网络源
2007年春晚,网络源
InTrouble,网络源
2008年春晚,网络源
《拈花一笑》《对面的小姐姐》《想你了小哥哥》《一朵情花开》,网络源
2013年春晚,网络源
2010年春晚,网络源
2014年春晚,网络源
Trek HD (1080p),网络源
ION Plus,网络源
《爱难求情难断…》,网络源
TRT Arabi,网络源
Ionian Channel (1080p) [Not 24/7],网络源
2018年春晚,网络源
TRT World,网络源
Iran Press,网络源
[BD]台視新聞,网络源
True Crime Network,网络源
Iran Jewish TV,网络源
[BD]民视,网络源
InWonder,网络源
[HD]纬来精彩[geo-blocked],网络源
True Crime Now,网络源
TRT 1,网络源
True History Channel,网络源
[BD]台视新聞,网络源
[BD]华艺中文 *wj,网络源
Iraq Future,网络源
[BD]民视第一,网络源
CGTN俄语,网络源
[BD]民视台湾,网络源
CGTN纪录,网络源
CGTN法语,网络源
[BD]华视 *wj,网络源
CCTV1,网络源
[BD]台视综合,网络源
Iqraa Arabic,网络源
True Lives (1080p),网络源
Iron Chef,网络源
Iqraa Africa & Europe,网络源
CGTN阿语,网络源
[BD]台视财经,网络源
cgtn西语,网络源
TSN The Ocho,网络源
Trufa,网络源
[BD]非凡新闻 *wj,网络源
TSN2,网络源
[BD]华视,网络源
TSN3,网络源
Island Luck TV,网络源
TSN5,网络源
Tu Música HD (1080p),网络源
Islam Channel Urdu,网络源
[BD]华视教育体育文化,网络源
[BD]华视新闻,网络源
Iraneman,网络源
20251102 04:14,网络源
倩女幽魂道道道,网络源
[HD]華視,网络源
Isibo TV,网络源
Ishara TV,网络源
It's Supernatural! Network,网络源
东莞生活资讯,网络源
中国村庄,网络源
Itage TV,网络源
东莞新闻综合,网络源
Italia Channel,网络源
iTV Afrobeats Music,网络源
iTV Arabic Music,网络源
ITV Deportes,网络源
光山综合,网络源
iTV Indian Music,网络源
iTV Latin Music,网络源
Italian Fishing TV,网络源
ITV Life,网络源
搜狐剧场,网络源
ITV Persian Music,网络源
TV 2/Bornholm,网络源
兵团五师双河影,网络源
iTV Urban Music,网络源
兰考新闻,网络源
TV1 KG (1080p),网络源
Iunior TV,网络源
凤凰电影,网络源
ITV Un Village Français,网络源
宁夏卫视,网络源
ITV3,网络源
海峡卫视,网络源
ITV4,网络源
Izmail TV,网络源
Jail,网络源
TV3CAT Originals (1080p),网络源
河北4K,网络源
电影八点档,网络源
电影丧尸片,网络源
电影功夫片,网络源
电影梁家辉,网络源
TV5,网络源
Japanim TV (1080p),网络源
电影谍战,网络源
新县综合,网络源
电影蜘蛛侠,网络源
电影贺岁,网络源
Jahanbin TV,网络源
JBS,网络源
电影周星星,网络源
JBN,网络源
自然传奇,网络源
淅川电视,网络源
白山公共,网络源
TV5Monde France Belgium Switzerland Monaco,网络源
JČ1 (1080p),网络源
Jersey Shore,网络源
TV5Monde Style,网络源
Jahonnamo,网络源
潢川综合,网络源
渑池新闻综合,网络源
韩国EBS少儿,网络源
龙门飞甲,网络源
韩国电影1,网络源
韩国电影2,网络源
飞碟之谜01,网络源
苏州4K,网络源
长影频道,网络源
飞碟之谜02,网络源
陕西秦腔,网络源
TV38 Sudost-Niedersachen,网络源
Jihočeská televize (1080p),网络源
Jin TV,网络源
山东齐鲁,网络源
JN19 (1080p) [Not 24/7],网络源
JN19 TV2 (1080p) [Not 24/7],网络源
鄢陵综合,网络源
TV 24,网络源
Joel Osteen Network,网络源
TV 100,网络源
TV Asia,网络源
番禺综合,网络源
TV Aparecida,网络源
"like Gecko) Chrome/129.0.0.0 Safari/537.36"",TV Bahia (1080i)",网络源
TV Arta,网络源
TV Alternativa,网络源
TV 264,网络源
TV Blossom (1080p),网络源
Josué TV (1080p),网络源
Jovem Pan News,网络源
JPD TV,网络源
JTV Jewelry Love [Geo-blocked],网络源
Jordan Archive,网络源
Jordan Comedy,网络源
TV BRICS Chinese,网络源
TV BRICS Africa,网络源
TV BRICS English,网络源
TV BRICS Russian,网络源
Judge Nosey,网络源
TV BRICS Portuguese,网络源
Jordan Drama,网络源
JTV Kediri,网络源
TV Canal Sur,网络源
Jordan Tourism,网络源
TV BRICS Spanish,网络源
Jordan Kitchen,网络源
TV Bahoriston,网络源
Just Tattoo of Us,网络源
Jordan Songs,网络源
TV Brno 1,网络源
Just.fishing,网络源
Jupiter TV,网络源
山东卫视,网络源
TV Câmara 2 (1080p) [Not 24/7],网络源
TV Câmara (1080p),网络源
Juice TV,网络源
Kajou TV,网络源
TV Cuatro 4.2,网络源
TV Daja,网络源
Kabbalah for the People Israel,网络源
TV Difusora Leste,网络源
TV Cultura,网络源
K News India,网络源
Kalac TV,网络源
TV Eger,网络源
TV Ellef,网络源
Famypanc TV,网络源
Kanade,网络源
KAN 11 Israel (1080p),网络源
TV Encontro das Aguas,网络源
TV Hispanic,网络源
Kanal12 Spremberg TV,网络源
TV Guarapari,网络源
Kanal Jadid,网络源
TV Land Drama,网络源
TV Land Sitcoms,网络源
TV Land,网络源
TV Ingolstadt,网络源
Kardelen TV,网络源
Kanal S,网络源
TV Liptov,网络源
Kanal Z,网络源
Kanal D,网络源
TV Mais Maricá (1080p),网络源
TV Mainfranken,网络源
Kanal Hayat,网络源
KCAT Public Media TV (1080p),网络源
TV Mar Los Cabos,网络源
KCBS-DT1,网络源
KCMN-LD6,网络源
Kern County Television,网络源
KCTV-DT1,网络源
Kecskemeti TV,网络源
TV Mar La Paz,网络源
TV Montana Canal 10,网络源
TV Monaco,网络源
Kay TV,网络源
KFTR-DT1,网络源
TV Maná 1 (1080p),网络源
TV Maná 2 (1080p),网络源
TV Maná Brasil (1080p),网络源
TV Maná English (1080p),网络源
TV Maná Russkiy (1080p),网络源
TV Maná Moçambique (1080p),网络源
Kent Türk TV (1080p) [Not 24/7],网络源
TV One Crime & Justice,网络源
KHL Prime,网络源
TV Muslim Thailand,网络源
TV Oberfranken,网络源
TV One,网络源
Kids Pang TV,网络源
TV Østfold (1080p),网络源
KidsFlix,网络源
Kiddo+,网络源
Khalij-e Fars TV,网络源
TV Peru,网络源
King of Queens,网络源
Khavaran TV,网络源
Ketabnama,网络源
TV Pirot,网络源
Khorasan Razavi TV,网络源
TV Prizreni,网络源
TV PRO,网络源
Kilisuci TV,网络源
KIRO-DT1,网络源
Kitchen Battles,网络源
Kiss Kiss TV,网络源
TV São Raimundo (268p),网络源
TV Ružinov (1080p) [Not 24/7],网络源
TV Quellón (1080p) [Not 24/7],网络源
KMEX-DT1,网络源
TV San Jorge,网络源
Klape i Tambure TV,网络源
Kiss TV,网络源
KMOV-DT1,网络源
TV Puls,网络源
Kish,网络源
KNBC-DT1,网络源
KK TV Angola (1080p),网络源
TV Sinamo,网络源
