original_channel_name,match_info
,未匹配
,未匹配
,未匹配
,未匹配
,未匹配
,未匹配
,未匹配
,未匹配
,未匹配
,未匹配
,未匹配
,未匹配
,未匹配
,未匹配
,未匹配
,未匹配
,未匹配
,未匹配
,未匹配
,未匹配
,未匹配
,未匹配
,未匹配
,未匹配
,未匹配
,未匹配
,未匹配
,未匹配
,未匹配
,未匹配
,未匹配
,未匹配
,未匹配
,未匹配
,未匹配
,未匹配
,未匹配
,未匹配
,未匹配
,未匹配
,未匹配
,未匹配
,未匹配
,未匹配
,未匹配
,未匹配
,未匹配
,未匹配
,未匹配
,未匹配
,未匹配
,未匹配
,未匹配
,未匹配
,未匹配
,未匹配
,未匹配
,未匹配
,未匹配
,未匹配
,未匹配
,未匹配
,未匹配
,未匹配
,未匹配
,未匹配
,未匹配
,未匹配
,未匹配
,未匹配
,未匹配
,未匹配
,未匹配
,未匹配
,未匹配
,未匹配
,未匹配
,未匹配
,未匹配
,未匹配
,未匹配
,未匹配
,未匹配
,未匹配
,未匹配
,未匹配
,未匹配
,未匹配
,未匹配
,未匹配
,未匹配
,未匹配
,未匹配
,未匹配
,未匹配
,未匹配
,未匹配
,未匹配
,未匹配
,未匹配
,未匹配
,未匹配
,未匹配
,未匹配
,未匹配
,未匹配
,未匹配
,未匹配
,未匹配
,未匹配
,未匹配
,未匹配
,未匹配
,未匹配
,未匹配
,未匹配
,未匹配
,未匹配
,未匹配
,未匹配
,未匹配
,未匹配
,未匹配
,未匹配
,未匹配
,未匹配
,未匹配
,未匹配
,未匹配
,未匹配
,未匹配
,未匹配
,未匹配
,未匹配
,未匹配
,未匹配
,未匹配
,未匹配
,未匹配
,未匹配
,未匹配
,未匹配
,未匹配
,未匹配
,未匹配
,未匹配
,未匹配
,未匹配
,未匹配
,未匹配
,未匹配
,未匹配
,未匹配
,未匹配
,未匹配
,未匹配
,未匹配
,未匹配
,未匹配
,未匹配
,未匹配
,未匹配
,未匹配
,未匹配
,未匹配
,未匹配
,未匹配
,未匹配
,未匹配
,未匹配
,未匹配
,未匹配
,未匹配
,未匹配
,未匹配
,未匹配
,未匹配
,未匹配
,未匹配
,未匹配
,未匹配
,未匹配
,未匹配
,未匹配
,未匹配
,未匹配
,未匹配
,未匹配
,未匹配
,未匹配
,未匹配
,未匹配
,未匹配
,未匹配
,未匹配
,未匹配
,未匹配
,未匹配
,未匹配
,未匹配
,未匹配
,未匹配
,未匹配
,未匹配
,未匹配
,未匹配
,未匹配
,未匹配
,未匹配
,未匹配
,未匹配
,未匹配
,未匹配
,未匹配
,未匹配
,未匹配
,未匹配
,未匹配
,未匹配
,未匹配
,未匹配
,未匹配
,未匹配
,未匹配
,未匹配
,未匹配
,未匹配
,未匹配
,未匹配
,未匹配
,未匹配
,未匹配
,未匹配
,未匹配
,未匹配
,未匹配
,未匹配
,未匹配
,未匹配
,未匹配
,未匹配
,未匹配
,未匹配
,未匹配
,未匹配
,未匹配
,未匹配
,未匹配
,未匹配
,未匹配
,未匹配
,未匹配
,未匹配
,未匹配
,未匹配
,未匹配
,未匹配
,未匹配
,未匹配
,未匹配
,未匹配
,未匹配
,未匹配
,未匹配
,未匹配
,未匹配
,未匹配
,未匹配
,未匹配
,未匹配
,未匹配
,未匹配
,未匹配
,未匹配
,未匹配
,未匹配
,未匹配
,未匹配
,未匹配
,未匹配
,未匹配
,未匹配
,未匹配
,未匹配
,未匹配
,未匹配
,未匹配
,未匹配
,未匹配
,未匹配
,未匹配
,未匹配
,未匹配
,未匹配
,未匹配
,未匹配
,未匹配
,未匹配
,未匹配
,未匹配
,未匹配
,未匹配
,未匹配
,未匹配
,未匹配
,未匹配
,未匹配
,未匹配
,未匹配
,未匹配
,未匹配
,未匹配
,未匹配
,未匹配
,未匹配
,未匹配
,未匹配
,未匹配
,未匹配
,未匹配
,未匹配
,未匹配
,未匹配
,未匹配
,未匹配
,未匹配
,未匹配
,未匹配
,未匹配
,未匹配
,未匹配
,未匹配
,未匹配
,未匹配
,未匹配
,未匹配
,未匹配
,未匹配
,未匹配
,未匹配
,未匹配
,未匹配
,未匹配
,未匹配
,未匹配
,未匹配
,未匹配
,未匹配
,未匹配
,未匹配
,未匹配
,未匹配
,未匹配
,未匹配
,未匹配
,未匹配
,未匹配
,未匹配
,未匹配
,未匹配
,未匹配
,未匹配
,未匹配
,未匹配
,未匹配
,未匹配
,未匹配
,未匹配
,未匹配
,未匹配
,未匹配
,未匹配
,未匹配
,未匹配
,未匹配
,未匹配
,未匹配
,未匹配
,未匹配
,未匹配
,未匹配
,未匹配
,未匹配
,未匹配
,未匹配
,未匹配
,未匹配
,未匹配
,未匹配
,未匹配
,未匹配
,未匹配
,未匹配
,未匹配
,未匹配
,未匹配
,未匹配
,未匹配
,未匹配
,未匹配
,未匹配
,未匹配
,未匹配
,未匹配
,未匹配
,未匹配
,未匹配
,未匹配
,未匹配
,未匹配
,未匹配
,未匹配
,未匹配
,未匹配
,未匹配
,未匹配
,未匹配
,未匹配
,未匹配
,未匹配
,未匹配
,未匹配
,未匹配
,未匹配
,未匹配
,未匹配
,未匹配
,未匹配
,未匹配
,未匹配
,未匹配
,未匹配
,未匹配
,未匹配
,未匹配
,未匹配
,未匹配
,未匹配
,未匹配
,未匹配
,未匹配
,未匹配
,未匹配
,未匹配
,未匹配
,未匹配
,未匹配
,未匹配
,未匹配
,未匹配
,未匹配
,未匹配
,未匹配
,未匹配
,未匹配
,未匹配
,未匹配
,未匹配
,未匹配
,未匹配
,未匹配
,未匹配
,未匹配
,未匹配
,未匹配
,未匹配
,未匹配
,未匹配
,未匹配
,未匹配
,未匹配
,未匹配
,未匹配
,未匹配
,未匹配
,未匹配
,未匹配
,未匹配
,未匹配
,未匹配
,未匹配
,未匹配
,未匹配
,未匹配
,未匹配
,未匹配
,未匹配
,未匹配
,未匹配
,未匹配
,未匹配
,未匹配
,未匹配
,未匹配
,未匹配
,未匹配
,未匹配
,未匹配
,未匹配
,未匹配
,未匹配
,未匹配
,未匹配
,未匹配
,未匹配
,未匹配
,未匹配
,未匹配
,未匹配
,未匹配
,未匹配
,未匹配
,未匹配
,未匹配
,未匹配
,未匹配
,未匹配
,未匹配
,未匹配
,未匹配
,未匹配
,未匹配
,未匹配
,未匹配
,未匹配
,未匹配
,未匹配
,未匹配
,未匹配
,未匹配
,未匹配
,未匹配
,未匹配
,未匹配
,未匹配
,未匹配
,未匹配
,未匹配
,未匹配
,未匹配
,未匹配
,未匹配
,未匹配
,未匹配
,未匹配
,未匹配
,未匹配
,未匹配
,未匹配
,未匹配
,未匹配
,未匹配
,未匹配
,未匹配
,未匹配
,未匹配
,未匹配
,未匹配
,未匹配
,未匹配
,未匹配
,未匹配
,未匹配
,未匹配
,未匹配
,未匹配
,未匹配
,未匹配
,未匹配
,未匹配
,未匹配
,未匹配
,未匹配
,未匹配
,未匹配
,未匹配
,未匹配
,未匹配
,未匹配
,未匹配
,未匹配
,未匹配
,未匹配
,未匹配
,未匹配
,未匹配
,未匹配
,未匹配
,未匹配
,未匹配
,未匹配
,未匹配
,未匹配
,未匹配
,未匹配
,未匹配
,未匹配
,未匹配
,未匹配
,未匹配
,未匹配
,未匹配
,未匹配
,未匹配
,未匹配
,未匹配
,未匹配
,未匹配
,未匹配
,未匹配
,未匹配
,未匹配
,未匹配
,未匹配
,未匹配
,未匹配
,未匹配
,未匹配
,未匹配
,未匹配
,未匹配
,未匹配
,未匹配
,未匹配
,未匹配
,未匹配
,未匹配
,未匹配
,未匹配
,未匹配
,未匹配
,未匹配
,未匹配
,未匹配
,未匹配
,未匹配
,未匹配
,未匹配
,未匹配
,未匹配
,未匹配
,未匹配
,未匹配
,未匹配
,未匹配
,未匹配
,未匹配
,未匹配
,未匹配
,未匹配
,未匹配
,未匹配
,未匹配
,未匹配
,未匹配
,未匹配
,未匹配
,未匹配
,未匹配
,未匹配
,未匹配
,未匹配
,未匹配
,未匹配
,未匹配
,未匹配
,未匹配
,未匹配
,未匹配
,未匹配
,未匹配
,未匹配
,未匹配
,未匹配
,未匹配
,未匹配
,未匹配
,未匹配
,未匹配
,未匹配
,未匹配
,未匹配
,未匹配
,未匹配
,未匹配
,未匹配
,未匹配
,未匹配
,未匹配
,未匹配
,未匹配
,未匹配
,未匹配
,未匹配
,未匹配
,未匹配
,未匹配
,未匹配
,未匹配
,未匹配
,未匹配
,未匹配
,未匹配
,未匹配
,未匹配
,未匹配
,未匹配
,未匹配
,未匹配
,未匹配
,未匹配
,未匹配
,未匹配
,未匹配
,未匹配
,未匹配
,未匹配
,未匹配
,未匹配
,未匹配
,未匹配
,未匹配
,未匹配
,未匹配
,未匹配
,未匹配
,未匹配
,未匹配
,未匹配
,未匹配
,未匹配
,未匹配
,未匹配
,未匹配
,未匹配
,未匹配
,未匹配
,未匹配
,未匹配
,未匹配
,未匹配
,未匹配
,未匹配
,未匹配
,未匹配
,未匹配
,未匹配
,未匹配
,未匹配
,未匹配
,未匹配
,未匹配
,未匹配
,未匹配
,未匹配
,未匹配
,未匹配
,未匹配
,未匹配
,未匹配
,未匹配
,未匹配
,未匹配
,未匹配
,未匹配
,未匹配
,未匹配
,未匹配
,未匹配
,未匹配
,未匹配
,未匹配
,未匹配
,未匹配
,未匹配
,未匹配
,未匹配
,未匹配
,未匹配
,未匹配
,未匹配
,未匹配
,未匹配
,未匹配
,未匹配
,未匹配
,未匹配
,未匹配
,未匹配
,未匹配
,未匹配
,未匹配
,未匹配
,未匹配
,未匹配
,未匹配
,未匹配
,未匹配
,未匹配
,未匹配
,未匹配
,未匹配
,未匹配
,未匹配
,未匹配
,未匹配
,未匹配
,未匹配
,未匹配
,未匹配
,未匹配
,未匹配
,未匹配
,未匹配
,未匹配
,未匹配
,未匹配
,未匹配
,未匹配
,未匹配
,未匹配
,未匹配
,未匹配
,未匹配
,未匹配
,未匹配
,未匹配
,未匹配
,未匹配
,未匹配
,未匹配
,未匹配
,未匹配
,未匹配
,未匹配
,未匹配
,未匹配
,未匹配
,未匹配
,未匹配
,未匹配
,未匹配
,未匹配
,未匹配
,未匹配
,未匹配
,未匹配
,未匹配
,未匹配
,未匹配
,未匹配
,未匹配
,未匹配
,未匹配
,未匹配
,未匹配
,未匹配
,未匹配
,未匹配
,未匹配
,未匹配
,未匹配
,未匹配
,未匹配
,未匹配
,未匹配
,未匹配
,未匹配
,未匹配
,未匹配
,未匹配
,未匹配
,未匹配
,未匹配
,未匹配
,未匹配
,未匹配
,未匹配
,未匹配
,未匹配
,未匹配
,未匹配
,未匹配
,未匹配
,未匹配
,未匹配
,未匹配
,未匹配
,未匹配
,未匹配
,未匹配
,未匹配
,未匹配
,未匹配
,未匹配
,未匹配
,未匹配
,未匹配
,未匹配
,未匹配
,未匹配
,未匹配
,未匹配
,未匹配
,未匹配
,未匹配
,未匹配
,未匹配
,未匹配
,未匹配
,未匹配
,未匹配
,未匹配
,未匹配
,未匹配
,未匹配
,未匹配
,未匹配
,未匹配
,未匹配
,未匹配
,未匹配
,未匹配
,未匹配
,未匹配
,未匹配
,未匹配
,未匹配
,未匹配
,未匹配
,未匹配
,未匹配
,未匹配
,未匹配
,未匹配
,未匹配
,未匹配
,未匹配
,未匹配
,未匹配
,未匹配
,未匹配
,未匹配
,未匹配
,未匹配
,未匹配
,未匹配
,未匹配
,未匹配
,未匹配
,未匹配
,未匹配
,未匹配
,未匹配
,未匹配
,未匹配
,未匹配
,未匹配
,未匹配
,未匹配
,未匹配
,未匹配
,未匹配
,未匹配
,未匹配
,未匹配
,未匹配
,未匹配
,未匹配
,未匹配
,未匹配
,未匹配
,未匹配
,未匹配
,未匹配
,未匹配
,未匹配
,未匹配
,未匹配
,未匹配
,未匹配
,未匹配
,未匹配
,未匹配
,未匹配
,未匹配
,未匹配
,未匹配
,未匹配
,未匹配
,未匹配
,未匹配
,未匹配
,未匹配
,未匹配
,未匹配
,未匹配
,未匹配
,未匹配
,未匹配
,未匹配
,未匹配
,未匹配
,未匹配
,未匹配
,未匹配
,未匹配
,未匹配
,未匹配
,未匹配
,未匹配
,未匹配
,未匹配
,未匹配
,未匹配
,未匹配
,未匹配
,未匹配
,未匹配
,未匹配
,未匹配
,未匹配
,未匹配
,未匹配
,未匹配
,未匹配
,未匹配
,未匹配
,未匹配
,未匹配
,未匹配
,未匹配
,未匹配
,未匹配
,未匹配
,未匹配
,未匹配
,未匹配
,未匹配
,未匹配
,未匹配
,未匹配
,未匹配
,未匹配
,未匹配
,未匹配
,未匹配
,未匹配
,未匹配
,未匹配
,未匹配
,未匹配
,未匹配
,未匹配
,未匹配
,未匹配
,未匹配
,未匹配
,未匹配
,未匹配
,未匹配
,未匹配
,未匹配
,未匹配
,未匹配
,未匹配
,未匹配
,未匹配
,未匹配
,未匹配
,未匹配
,未匹配
,未匹配
,未匹配
,未匹配
,未匹配
,未匹配
,未匹配
,未匹配
,未匹配
,未匹配
,未匹配
,未匹配
,未匹配
,未匹配
,未匹配
,未匹配
,未匹配
,未匹配
,未匹配
,未匹配
,未匹配
,未匹配
,未匹配
,未匹配
,未匹配
,未匹配
,未匹配
,未匹配
,未匹配
,未匹配
,未匹配
,未匹配
,未匹配
,未匹配
,未匹配
,未匹配
,未匹配
,未匹配
,未匹配
,未匹配
,未匹配
,未匹配
,未匹配
,未匹配
,未匹配
,未匹配
,未匹配
,未匹配
,未匹配
,未匹配
,未匹配
,未匹配
,未匹配
,未匹配
,未匹配
,未匹配
,未匹配
,未匹配
,未匹配
,未匹配
,未匹配
,未匹配
,未匹配
,未匹配
,未匹配
,未匹配
,未匹配
,未匹配
,未匹配
,未匹配
,未匹配
,未匹配
,未匹配
,未匹配
,未匹配
,未匹配
,未匹配
,未匹配
,未匹配
,未匹配
,未匹配
,未匹配
,未匹配
,未匹配
,未匹配
,未匹配
,未匹配
,未匹配
,未匹配
,未匹配
,未匹配
,未匹配
,未匹配
,未匹配
,未匹配
,未匹配
,未匹配
,未匹配
,未匹配
,未匹配
,未匹配
,未匹配
,未匹配
,未匹配
,未匹配
,未匹配
,未匹配
,未匹配
,未匹配
,未匹配
,未匹配
,未匹配
,未匹配
,未匹配
,未匹配
,未匹配
,未匹配
,未匹配
,未匹配
,未匹配
,未匹配
,未匹配
,未匹配
,未匹配
,未匹配
,未匹配
,未匹配
,未匹配
,未匹配
,未匹配
,未匹配
,未匹配
,未匹配
,未匹配
,未匹配
,未匹配
,未匹配
,未匹配
,未匹配
,未匹配
,未匹配
,未匹配
,未匹配
,未匹配
,未匹配
,未匹配
,未匹配
,未匹配
,未匹配
,未匹配
,未匹配
,未匹配
,未匹配
,未匹配
,未匹配
,未匹配
,未匹配
,未匹配
,未匹配
,未匹配
,未匹配
,未匹配
,未匹配
,未匹配
,未匹配
,未匹配
,未匹配
,未匹配
,未匹配
,未匹配
,未匹配
,未匹配
,未匹配
,未匹配
,未匹配
,未匹配
,未匹配
,未匹配
,未匹配
,未匹配
,未匹配
,未匹配
,未匹配
,未匹配
,未匹配
,未匹配
,未匹配
,未匹配
,未匹配
,未匹配
,未匹配
,未匹配
,未匹配
,未匹配
,未匹配
,未匹配
,未匹配
,未匹配
,未匹配
,未匹配
,未匹配
,未匹配
,未匹配
,未匹配
,未匹配
,未匹配
,未匹配
,未匹配
,未匹配
,未匹配
,未匹配
,未匹配
,未匹配
,未匹配
,未匹配
,未匹配
,未匹配
,未匹配
,未匹配
,未匹配
,未匹配
,未匹配
,未匹配
,未匹配
,未匹配
,未匹配
,未匹配
,未匹配
,未匹配
,未匹配
,未匹配
,未匹配
,未匹配
,未匹配
,未匹配
,未匹配
,未匹配
,未匹配
,未匹配
,未匹配
,未匹配
,未匹配
,未匹配
,未匹配
,未匹配
,未匹配
,未匹配
,未匹配
,未匹配
,未匹配
,未匹配
,未匹配
,未匹配
,未匹配
,未匹配
,未匹配
,未匹配
,未匹配
,未匹配
,未匹配
,未匹配
,未匹配
,未匹配
,未匹配
,未匹配
,未匹配
,未匹配
,未匹配
,未匹配
,未匹配
,未匹配
,未匹配
,未匹配
,未匹配
,未匹配
,未匹配
,未匹配
,未匹配
,未匹配
,未匹配
,未匹配
,未匹配
,未匹配
,未匹配
,未匹配
,未匹配
,未匹配
,未匹配
,未匹配
,未匹配
,未匹配
,未匹配
,未匹配
,未匹配
,未匹配
,未匹配
,未匹配
,未匹配
,未匹配
,未匹配
,未匹配
,未匹配
,未匹配
,未匹配
,未匹配
,未匹配
,未匹配
,未匹配
,未匹配
,未匹配
,未匹配
,未匹配
,未匹配
,未匹配
,未匹配
,未匹配
,未匹配
,未匹配
,未匹配
,未匹配
,未匹配
,未匹配
,未匹配
,未匹配
,未匹配
,未匹配
,未匹配
,未匹配
,未匹配
,未匹配
,未匹配
,未匹配
,未匹配
,未匹配
,未匹配
,未匹配
,未匹配
,未匹配
,未匹配
,未匹配
,未匹配
,未匹配
,未匹配
,未匹配
,未匹配
,未匹配
,未匹配
,未匹配
,未匹配
,未匹配
,未匹配
,未匹配
,未匹配
,未匹配
,未匹配
,未匹配
,未匹配
,未匹配
,未匹配
,未匹配
,未匹配
,未匹配
,未匹配
,未匹配
,未匹配
,未匹配
,未匹配
,未匹配
,未匹配
,未匹配
,未匹配
,未匹配
,未匹配
,未匹配
,未匹配
,未匹配
,未匹配
,未匹配
,未匹配
,未匹配
,未匹配
,未匹配
,未匹配
,未匹配
,未匹配
,未匹配
,未匹配
,未匹配
,未匹配
,未匹配
,未匹配
,未匹配
,未匹配
,未匹配
,未匹配
,未匹配
,未匹配
,未匹配
,未匹配
,未匹配
,未匹配
,未匹配
,未匹配
,未匹配
,未匹配
,未匹配
,未匹配
,未匹配
,未匹配
,未匹配
,未匹配
,未匹配
,未匹配
,未匹配
,未匹配
,未匹配
,未匹配
,未匹配
,未匹配
,未匹配
,未匹配
,未匹配
,未匹配
,未匹配
,未匹配
,未匹配
,未匹配
,未匹配
,未匹配
,未匹配
,未匹配
,未匹配
,未匹配
,未匹配
,未匹配
,未匹配
,未匹配
,未匹配
,未匹配
,未匹配
,未匹配
,未匹配
,未匹配
,未匹配
,未匹配
,未匹配
,未匹配
,未匹配
,未匹配
,未匹配
,未匹配
,未匹配
,未匹配
,未匹配
,未匹配
,未匹配
,未匹配
,未匹配
,未匹配
,未匹配
,未匹配
,未匹配
,未匹配
,未匹配
,未匹配
,未匹配
,未匹配
,未匹配
,未匹配
,未匹配
,未匹配
,未匹配
,未匹配
,未匹配
,未匹配
,未匹配
,未匹配
,未匹配
,未匹配
,未匹配
,未匹配
,未匹配
,未匹配
,未匹配
,未匹配
,未匹配
,未匹配
,未匹配
,未匹配
,未匹配
,未匹配
,未匹配
,未匹配
,未匹配
,未匹配
,未匹配
,未匹配
,未匹配
,未匹配
,未匹配
,未匹配
,未匹配
,未匹配
,未匹配
,未匹配
,未匹配
,未匹配
,未匹配
,未匹配
,未匹配
,未匹配
,未匹配
,未匹配
,未匹配
,未匹配
,未匹配
,未匹配
,未匹配
,未匹配
,未匹配
,未匹配
,未匹配
,未匹配
,未匹配
,未匹配
,未匹配
,未匹配
,未匹配
,未匹配
,未匹配
,未匹配
,未匹配
,未匹配
,未匹配
,未匹配
,未匹配
,未匹配
,未匹配
,未匹配
,未匹配
,未匹配
,未匹配
,未匹配
,未匹配
,未匹配
,未匹配
,未匹配
,未匹配
,未匹配
,未匹配
,未匹配
,未匹配
,未匹配
,未匹配
,未匹配
,未匹配
,未匹配
,未匹配
,未匹配
,未匹配
,未匹配
,未匹配
,未匹配
,未匹配
,未匹配
,未匹配
,未匹配
,未匹配
,未匹配
,未匹配
,未匹配
,未匹配
,未匹配
,未匹配
,未匹配
,未匹配
,未匹配
,未匹配
,未匹配
,未匹配
,未匹配
,未匹配
,未匹配
,未匹配
,未匹配
,未匹配
,未匹配
,未匹配
,未匹配
,未匹配
,未匹配
,未匹配
,未匹配
,未匹配
,未匹配
,未匹配
,未匹配
,未匹配
,未匹配
,未匹配
,未匹配
,未匹配
,未匹配
,未匹配
,未匹配
,未匹配
,未匹配
,未匹配
,未匹配
,未匹配
,未匹配
,未匹配
,未匹配
,未匹配
,未匹配
,未匹配
,未匹配
,未匹配
,未匹配
,未匹配
,未匹配
,未匹配
,未匹配
,未匹配
,未匹配
,未匹配
,未匹配
,未匹配
,未匹配
,未匹配
,未匹配
,未匹配
,未匹配
,未匹配
,未匹配
,未匹配
,未匹配
,未匹配
,未匹配
,未匹配
,未匹配
,未匹配
,未匹配
,未匹配
,未匹配
,未匹配
,未匹配
,未匹配
,未匹配
,未匹配
,未匹配
,未匹配
,未匹配
,未匹配
,未匹配
,未匹配
,未匹配
,未匹配
,未匹配
,未匹配
,未匹配
,未匹配
,未匹配
,未匹配
,未匹配
,未匹配
,未匹配
,未匹配
,未匹配
,未匹配
,未匹配
,未匹配
,未匹配
,未匹配
,未匹配
,未匹配
,未匹配
,未匹配
,未匹配
,未匹配
,未匹配
,未匹配
,未匹配
,未匹配
,未匹配
,未匹配
,未匹配
,未匹配
,未匹配
,未匹配
,未匹配
,未匹配
,未匹配
,未匹配
,未匹配
,未匹配
,未匹配
,未匹配
,未匹配
,未匹配
,未匹配
,未匹配
,未匹配
,未匹配
,未匹配
,未匹配
,未匹配
,未匹配
,未匹配
,未匹配
,未匹配
,未匹配
,未匹配
,未匹配
,未匹配
,未匹配
,未匹配
,未匹配
,未匹配
,未匹配
,未匹配
,未匹配
,未匹配
,未匹配
,未匹配
,未匹配
,未匹配
,未匹配
,未匹配
,未匹配
,未匹配
,未匹配
,未匹配
,未匹配
,未匹配
,未匹配
,未匹配
,未匹配
,未匹配
,未匹配
,未匹配
,未匹配
,未匹配
,未匹配
,未匹配
,未匹配
,未匹配
,未匹配
,未匹配
,未匹配
,未匹配
,未匹配
,未匹配
,未匹配
,未匹配
,未匹配
,未匹配
,未匹配
,未匹配
,未匹配
,未匹配
,未匹配
,未匹配
,未匹配
,未匹配
,未匹配
,未匹配
,未匹配
,未匹配
,未匹配
,未匹配
,未匹配
,未匹配
,未匹配
,未匹配
,未匹配
,未匹配
,未匹配
,未匹配
,未匹配
,未匹配
,未匹配
,未匹配
,未匹配
,未匹配
,未匹配
,未匹配
,未匹配
,未匹配
,未匹配
,未匹配
,未匹配
,未匹配
,未匹配
,未匹配
,未匹配
,未匹配
,未匹配
,未匹配
,未匹配
,未匹配
,未匹配
,未匹配
,未匹配
,未匹配
,未匹配
,未匹配
,未匹配
,未匹配
,未匹配
,未匹配
,未匹配
,未匹配
,未匹配
,未匹配
,未匹配
,未匹配
,未匹配
,未匹配
,未匹配
,未匹配
,未匹配
,未匹配
,未匹配
,未匹配
,未匹配
,未匹配
,未匹配
,未匹配
,未匹配
,未匹配
,未匹配
,未匹配
,未匹配
,未匹配
,未匹配
,未匹配
,未匹配
,未匹配
,未匹配
,未匹配
,未匹配
,未匹配
,未匹配
,未匹配
,未匹配
,未匹配
,未匹配
,未匹配
,未匹配
,未匹配
,未匹配
,未匹配
,未匹配
,未匹配
,未匹配
,未匹配
,未匹配
,未匹配
,未匹配
,未匹配
,未匹配
,未匹配
,未匹配
,未匹配
,未匹配
,未匹配
,未匹配
,未匹配
,未匹配
,未匹配
,未匹配
,未匹配
,未匹配
,未匹配
,未匹配
,未匹配
,未匹配
,未匹配
,未匹配
,未匹配
,未匹配
,未匹配
,未匹配
,未匹配
,未匹配
,未匹配
,未匹配
,未匹配
,未匹配
,未匹配
,未匹配
,未匹配
,未匹配
,未匹配
,未匹配
,未匹配
,未匹配
,未匹配
,未匹配
,未匹配
,未匹配
,未匹配
,未匹配
,未匹配
,未匹配
,未匹配
,未匹配
,未匹配
,未匹配
,未匹配
,未匹配
,未匹配
,未匹配
,未匹配
,未匹配
,未匹配
,未匹配
,未匹配
,未匹配
,未匹配
,未匹配
,未匹配
,未匹配
,未匹配
,未匹配
,未匹配
,未匹配
,未匹配
,未匹配
,未匹配
,未匹配
,未匹配
,未匹配
,未匹配
,未匹配
,未匹配
,未匹配
,未匹配
,未匹配
,未匹配
,未匹配
,未匹配
,未匹配
,未匹配
,未匹配
,未匹配
,未匹配
,未匹配
,未匹配
,未匹配
,未匹配
,未匹配
,未匹配
,未匹配
,未匹配
,未匹配
,未匹配
,未匹配
,未匹配
,未匹配
,未匹配
,未匹配
,未匹配
,未匹配
,未匹配
,未匹配
,未匹配
,未匹配
,未匹配
,未匹配
,未匹配
,未匹配
,未匹配
,未匹配
,未匹配
,未匹配
,未匹配
,未匹配
,未匹配
,未匹配
,未匹配
,未匹配
,未匹配
,未匹配
,未匹配
,未匹配
,未匹配
,未匹配
,未匹配
,未匹配
,未匹配
,未匹配
,未匹配
,未匹配
,未匹配
,未匹配
,未匹配
,未匹配
,未匹配
,未匹配
,未匹配
,未匹配
,未匹配
,未匹配
,未匹配
,未匹配
,未匹配
,未匹配
,未匹配
,未匹配
,未匹配
,未匹配
,未匹配
,未匹配
,未匹配
,未匹配
,未匹配
,未匹配
,未匹配
,未匹配
,未匹配
,未匹配
,未匹配
,未匹配
,未匹配
,未匹配
,未匹配
,未匹配
,未匹配
,未匹配
,未匹配
,未匹配
,未匹配
,未匹配
,未匹配
,未匹配
,未匹配
,未匹配
,未匹配
,未匹配
,未匹配
,未匹配
,未匹配
,未匹配
,未匹配
,未匹配
,未匹配
,未匹配
,未匹配
,未匹配
,未匹配
,未匹配
,未匹配
,未匹配
,未匹配
,未匹配
,未匹配
,未匹配
,未匹配
,未匹配
,未匹配
,未匹配
,未匹配
,未匹配
,未匹配
,未匹配
,未匹配
,未匹配
,未匹配
,未匹配
,未匹配
,未匹配
,未匹配
,未匹配
,未匹配
,未匹配
,未匹配
,未匹配
,未匹配
,未匹配
,未匹配
,未匹配
,未匹配
,未匹配
,未匹配
,未匹配
,未匹配
,未匹配
,未匹配
,未匹配
,未匹配
,未匹配
,未匹配
,未匹配
,未匹配
,未匹配
,未匹配
,未匹配
,未匹配
,未匹配
,未匹配
,未匹配
,未匹配
,未匹配
,未匹配
,未匹配
,未匹配
,未匹配
,未匹配
,未匹配
,未匹配
,未匹配
,未匹配
,未匹配
,未匹配
,未匹配
,未匹配
,未匹配
,未匹配
,未匹配
,未匹配
,未匹配
,未匹配
,未匹配
,未匹配
,未匹配
,未匹配
,未匹配
,未匹配
,未匹配
,未匹配
,未匹配
,未匹配
,未匹配
,未匹配
,未匹配
,未匹配
,未匹配
,未匹配
,未匹配
,未匹配
,未匹配
,未匹配
,未匹配
,未匹配
,未匹配
,未匹配
,未匹配
,未匹配
,未匹配
,未匹配
,未匹配
,未匹配
,未匹配
,未匹配
,未匹配
,未匹配
,未匹配
,未匹配
,未匹配
,未匹配
,未匹配
,未匹配
,未匹配
,未匹配
,未匹配
,未匹配
,未匹配
,未匹配
,未匹配
,未匹配
,未匹配
,未匹配
,未匹配
,未匹配
,未匹配
,未匹配
,未匹配
,未匹配
,未匹配
,未匹配
,未匹配
,未匹配
,未匹配
,未匹配
,未匹配
,未匹配
,未匹配
,未匹配
,未匹配
,未匹配
,未匹配
,未匹配
,未匹配
,未匹配
,未匹配
,未匹配
,未匹配
,未匹配
,未匹配
,未匹配
,未匹配
,未匹配
,未匹配
,未匹配
,未匹配
,未匹配
,未匹配
,未匹配
,未匹配
,未匹配
,未匹配
,未匹配
,未匹配
,未匹配
,未匹配
,未匹配
,未匹配
,未匹配
,未匹配
,未匹配
,未匹配
,未匹配
,未匹配
,未匹配
,未匹配
,未匹配
,未匹配
,未匹配
,未匹配
,未匹配
,未匹配
,未匹配
,未匹配
,未匹配
,未匹配
,未匹配
,未匹配
,未匹配
,未匹配
,未匹配
,未匹配
,未匹配
,未匹配
,未匹配
,未匹配
,未匹配
,未匹配
,未匹配
,未匹配
,未匹配
,未匹配
,未匹配
,未匹配
,未匹配
,未匹配
,未匹配
,未匹配
,未匹配
,未匹配
,未匹配
,未匹配
,未匹配
,未匹配
,未匹配
,未匹配
,未匹配
,未匹配
,未匹配
,未匹配
,未匹配
,未匹配
,未匹配
,未匹配
,未匹配
,未匹配
,未匹配
,未匹配
,未匹配
,未匹配
,未匹配
,未匹配
,未匹配
,未匹配
,未匹配
,未匹配
,未匹配
,未匹配
,未匹配
,未匹配
,未匹配
,未匹配
,未匹配
,未匹配
,未匹配
,未匹配
,未匹配
,未匹配
,未匹配
,未匹配
,未匹配
,未匹配
,未匹配
,未匹配
,未匹配
,未匹配
,未匹配
,未匹配
,未匹配
,未匹配
,未匹配
,未匹配
,未匹配
,未匹配
,未匹配
,未匹配
,未匹配
,未匹配
,未匹配
,未匹配
,未匹配
,未匹配
,未匹配
,未匹配
,未匹配
,未匹配
,未匹配
,未匹配
,未匹配
,未匹配
,未匹配
,未匹配
,未匹配
,未匹配
,未匹配
,未匹配
,未匹配
,未匹配
,未匹配
,未匹配
,未匹配
,未匹配
,未匹配
,未匹配
,未匹配
,未匹配
,未匹配
,未匹配
,未匹配
,未匹配
,未匹配
,未匹配
,未匹配
,未匹配
,未匹配
,未匹配
,未匹配
,未匹配
,未匹配
,未匹配
,未匹配
,未匹配
,未匹配
,未匹配
,未匹配
,未匹配
,未匹配
,未匹配
,未匹配
,未匹配
,未匹配
,未匹配
,未匹配
,未匹配
,未匹配
,未匹配
,未匹配
,未匹配
,未匹配
,未匹配
,未匹配
,未匹配
,未匹配
,未匹配
,未匹配
,未匹配
,未匹配
,未匹配
,未匹配
,未匹配
,未匹配
,未匹配
,未匹配
,未匹配
,未匹配
,未匹配
,未匹配
,未匹配
,未匹配
,未匹配
,未匹配
,未匹配
,未匹配
,未匹配
,未匹配
,未匹配
,未匹配
,未匹配
,未匹配
,未匹配
,未匹配
,未匹配
,未匹配
,未匹配
,未匹配
,未匹配
,未匹配
,未匹配
,未匹配
,未匹配
,未匹配
,未匹配
,未匹配
,未匹配
,未匹配
,未匹配
,未匹配
,未匹配
,未匹配
,未匹配
,未匹配
,未匹配
,未匹配
,未匹配
,未匹配
,未匹配
,未匹配
,未匹配
,未匹配
,未匹配
,未匹配
,未匹配
,未匹配
,未匹配
,未匹配
,未匹配
,未匹配
,未匹配
,未匹配
,未匹配
,未匹配
,未匹配
,未匹配
,未匹配
,未匹配
,未匹配
,未匹配
,未匹配
,未匹配
,未匹配
,未匹配
,未匹配
,未匹配
,未匹配
,未匹配
,未匹配
,未匹配
,未匹配
,未匹配
,未匹配
,未匹配
,未匹配
,未匹配
,未匹配
,未匹配
,未匹配
,未匹配
,未匹配
,未匹配
,未匹配
,未匹配
,未匹配
,未匹配
,未匹配
,未匹配
,未匹配
,未匹配
,未匹配
,未匹配
,未匹配
,未匹配
,未匹配
,未匹配
,未匹配
,未匹配
,未匹配
,未匹配
,未匹配
,未匹配
,未匹配
,未匹配
,未匹配
,未匹配
,未匹配
,未匹配
,未匹配
,未匹配
,未匹配
,未匹配
,未匹配
,未匹配
,未匹配
,未匹配
,未匹配
,未匹配
,未匹配
,未匹配
,未匹配
,未匹配
,未匹配
,未匹配
,未匹配
,未匹配
,未匹配
,未匹配
,未匹配
,未匹配
,未匹配
,未匹配
,未匹配
,未匹配
,未匹配
,未匹配
,未匹配
,未匹配
,未匹配
,未匹配
,未匹配
,未匹配
,未匹配
,未匹配
,未匹配
,未匹配
,未匹配
,未匹配
,未匹配
,未匹配
,未匹配
,未匹配
,未匹配
,未匹配
,未匹配
,未匹配
,未匹配
,未匹配
,未匹配
,未匹配
,未匹配
,未匹配
,未匹配
,未匹配
,未匹配
,未匹配
,未匹配
,未匹配
,未匹配
,未匹配
,未匹配
,未匹配
,未匹配
,未匹配
,未匹配
,未匹配
,未匹配
,未匹配
,未匹配
,未匹配
,未匹配
,未匹配
,未匹配
,未匹配
,未匹配
,未匹配
,未匹配
,未匹配
,未匹配
,未匹配
,未匹配
,未匹配
,未匹配
,未匹配
,未匹配
,未匹配
,未匹配
,未匹配
,未匹配
,未匹配
,未匹配
,未匹配
,未匹配
,未匹配
,未匹配
,未匹配
,未匹配
,未匹配
,未匹配
,未匹配
,未匹配
,未匹配
,未匹配
,未匹配
,未匹配
,未匹配
,未匹配
,未匹配
,未匹配
,未匹配
,未匹配
,未匹配
,未匹配
,未匹配
,未匹配
,未匹配
,未匹配
,未匹配
,未匹配
,未匹配
,未匹配
,未匹配
,未匹配
,未匹配
,未匹配
,未匹配
,未匹配
,未匹配
,未匹配
,未匹配
,未匹配
,未匹配
,未匹配
,未匹配
,未匹配
,未匹配
,未匹配
,未匹配
,未匹配
,未匹配
,未匹配
,未匹配
,未匹配
,未匹配
,未匹配
,未匹配
,未匹配
,未匹配
,未匹配
,未匹配
,未匹配
,未匹配
,未匹配
,未匹配
,未匹配
,未匹配
,未匹配
,未匹配
,未匹配
,未匹配
,未匹配
,未匹配
,未匹配
,未匹配
,未匹配
,未匹配
,未匹配
,未匹配
,未匹配
,未匹配
,未匹配
,未匹配
,未匹配
,未匹配
,未匹配
,未匹配
,未匹配
,未匹配
,未匹配
,未匹配
,未匹配
,未匹配
,未匹配
,未匹配
,未匹配
,未匹配
,未匹配
,未匹配
,未匹配
,未匹配
,未匹配
,未匹配
,未匹配
,未匹配
,未匹配
,未匹配
,未匹配
,未匹配
,未匹配
,未匹配
,未匹配
,未匹配
,未匹配
,未匹配
,未匹配
,未匹配
,未匹配
,未匹配
,未匹配
,未匹配
,未匹配
,未匹配
,未匹配
,未匹配
,未匹配
,未匹配
,未匹配
,未匹配
,未匹配
,未匹配
,未匹配
,未匹配
,未匹配
,未匹配
,未匹配
,未匹配
,未匹配
,未匹配
,未匹配
,未匹配
,未匹配
,未匹配
,未匹配
,未匹配
,未匹配
,未匹配
,未匹配
,未匹配
,未匹配
,未匹配
,未匹配
,未匹配
,未匹配
,未匹配
,未匹配
,未匹配
,未匹配
,未匹配
,未匹配
,未匹配
,未匹配
,未匹配
,未匹配
,未匹配
,未匹配
,未匹配
,未匹配
,未匹配
,未匹配
,未匹配
,未匹配
,未匹配
,未匹配
,未匹配
,未匹配
,未匹配
,未匹配
,未匹配
,未匹配
,未匹配
,未匹配
,未匹配
,未匹配
,未匹配
,未匹配
,未匹配
,未匹配
,未匹配
,未匹配
,未匹配
,未匹配
,未匹配
,未匹配
,未匹配
,未匹配
,未匹配
,未匹配
,未匹配
,未匹配
,未匹配
,未匹配
,未匹配
,未匹配
,未匹配
,未匹配
,未匹配
,未匹配
,未匹配
,未匹配
,未匹配
,未匹配
,未匹配
,未匹配
,未匹配
,未匹配
,未匹配
,未匹配
,未匹配
,未匹配
,未匹配
,未匹配
,未匹配
,未匹配
,未匹配
,未匹配
,未匹配
,未匹配
,未匹配
,未匹配
,未匹配
,未匹配
,未匹配
,未匹配
,未匹配
,未匹配
,未匹配
,未匹配
,未匹配
,未匹配
,未匹配
,未匹配
,未匹配
,未匹配
,未匹配
,未匹配
,未匹配
,未匹配
,未匹配
,未匹配
,未匹配
,未匹配
,未匹配
,未匹配
,未匹配
,未匹配
,未匹配
,未匹配
,未匹配
,未匹配
,未匹配
,未匹配
,未匹配
,未匹配
,未匹配
,未匹配
,未匹配
,未匹配
,未匹配
,未匹配
,未匹配
,未匹配
,未匹配
,未匹配
,未匹配
,未匹配
,未匹配
,未匹配
,未匹配
,未匹配
,未匹配
,未匹配
,未匹配
,未匹配
,未匹配
,未匹配
,未匹配
,未匹配
,未匹配
,未匹配
,未匹配
,未匹配
,未匹配
,未匹配
,未匹配
,未匹配
,未匹配
,未匹配
,未匹配
,未匹配
,未匹配
,未匹配
,未匹配
,未匹配
,未匹配
,未匹配
,未匹配
,未匹配
,未匹配
,未匹配
,未匹配
,未匹配
,未匹配
,未匹配
,未匹配
,未匹配
,未匹配
,未匹配
,未匹配
,未匹配
,未匹配
,未匹配
,未匹配
,未匹配
,未匹配
,未匹配
,未匹配
,未匹配
,未匹配
,未匹配
,未匹配
,未匹配
,未匹配
,未匹配
,未匹配
,未匹配
,未匹配
,未匹配
,未匹配
,未匹配
,未匹配
,未匹配
,未匹配
,未匹配
,未匹配
,未匹配
,未匹配
,未匹配
,未匹配
,未匹配
,未匹配
,未匹配
,未匹配
,未匹配
,未匹配
,未匹配
,未匹配
,未匹配
,未匹配
,未匹配
,未匹配
,未匹配
,未匹配
,未匹配
,未匹配
,未匹配
,未匹配
,未匹配
,未匹配
,未匹配
,未匹配
,未匹配
,未匹配
,未匹配
,未匹配
,未匹配
,未匹配
,未匹配
,未匹配
,未匹配
,未匹配
,未匹配
,未匹配
,未匹配
,未匹配
,未匹配
,未匹配
,未匹配
,未匹配
,未匹配
,未匹配
,未匹配
,未匹配
,未匹配
,未匹配
,未匹配
,未匹配
,未匹配
,未匹配
,未匹配
,未匹配
,未匹配
,未匹配
,未匹配
,未匹配
,未匹配
,未匹配
,未匹配
,未匹配
,未匹配
,未匹配
,未匹配
,未匹配
,未匹配
,未匹配
,未匹配
,未匹配
,未匹配
,未匹配
,未匹配
,未匹配
,未匹配
,未匹配
,未匹配
,未匹配
,未匹配
,未匹配
,未匹配
,未匹配
,未匹配
,未匹配
,未匹配
,未匹配
,未匹配
,未匹配
,未匹配
,未匹配
,未匹配
,未匹配
,未匹配
,未匹配
,未匹配
,未匹配
,未匹配
,未匹配
,未匹配
,未匹配
,未匹配
,未匹配
,未匹配
,未匹配
,未匹配
,未匹配
,未匹配
,未匹配
,未匹配
,未匹配
,未匹配
,未匹配
,未匹配
,未匹配
,未匹配
,未匹配
,未匹配
,未匹配
,未匹配
,未匹配
,未匹配
,未匹配
,未匹配
,未匹配
,未匹配
,未匹配
,未匹配
,未匹配
,未匹配
,未匹配
,未匹配
,未匹配
,未匹配
,未匹配
,未匹配
,未匹配
,未匹配
,未匹配
,未匹配
,未匹配
,未匹配
,未匹配
,未匹配
,未匹配
,未匹配
,未匹配
,未匹配
,未匹配
,未匹配
,未匹配
,未匹配
,未匹配
,未匹配
,未匹配
,未匹配
,未匹配
,未匹配
,未匹配
,未匹配
,未匹配
,未匹配
,未匹配
,未匹配
,未匹配
,未匹配
,未匹配
,未匹配
,未匹配
,未匹配
,未匹配
,未匹配
,未匹配
,未匹配
,未匹配
,未匹配
,未匹配
,未匹配
,未匹配
,未匹配
,未匹配
,未匹配
,未匹配
,未匹配
,未匹配
,未匹配
,未匹配
,未匹配
,未匹配
,未匹配
,未匹配
,未匹配
,未匹配
,未匹配
,未匹配
,未匹配
,未匹配
,未匹配
,未匹配
,未匹配
,未匹配
,未匹配
,未匹配
,未匹配
,未匹配
,未匹配
,未匹配
,未匹配
,未匹配
,未匹配
,未匹配
,未匹配
,未匹配
,未匹配
,未匹配
,未匹配
,未匹配
,未匹配
,未匹配
,未匹配
,未匹配
,未匹配
,未匹配
,未匹配
,未匹配
,未匹配
,未匹配
,未匹配
,未匹配
,未匹配
,未匹配
,未匹配
,未匹配
,未匹配
,未匹配
,未匹配
,未匹配
,未匹配
,未匹配
,未匹配
,未匹配
,未匹配
,未匹配
,未匹配
,未匹配
,未匹配
,未匹配
,未匹配
,未匹配
,未匹配
,未匹配
,未匹配
,未匹配
,未匹配
,未匹配
,未匹配
,未匹配
,未匹配
,未匹配
,未匹配
,未匹配
,未匹配
,未匹配
,未匹配
,未匹配
,未匹配
,未匹配
,未匹配
,未匹配
,未匹配
,未匹配
,未匹配
,未匹配
,未匹配
,未匹配
,未匹配
,未匹配
,未匹配
,未匹配
,未匹配
,未匹配
,未匹配
,未匹配
,未匹配
,未匹配
,未匹配
,未匹配
,未匹配
,未匹配
,未匹配
,未匹配
,未匹配
,未匹配
,未匹配
,未匹配
,未匹配
,未匹配
,未匹配
,未匹配
,未匹配
,未匹配
,未匹配
,未匹配
,未匹配
,未匹配
,未匹配
,未匹配
,未匹配
,未匹配
,未匹配
,未匹配
,未匹配
,未匹配
,未匹配
,未匹配
,未匹配
,未匹配
,未匹配
,未匹配
,未匹配
,未匹配
,未匹配
,未匹配
,未匹配
,未匹配
,未匹配
,未匹配
,未匹配
,未匹配
,未匹配
,未匹配
,未匹配
,未匹配
,未匹配
,未匹配
,未匹配
,未匹配
,未匹配
,未匹配
,未匹配
,未匹配
,未匹配
,未匹配
,未匹配
,未匹配
,未匹配
,未匹配
,未匹配
,未匹配
,未匹配
,未匹配
,未匹配
,未匹配
,未匹配
,未匹配
,未匹配
,未匹配
,未匹配
,未匹配
,未匹配
,未匹配
,未匹配
,未匹配
,未匹配
,未匹配
,未匹配
,未匹配
,未匹配
,未匹配
,未匹配
,未匹配
,未匹配
,未匹配
,未匹配
,未匹配
,未匹配
,未匹配
,未匹配
,未匹配
,未匹配
,未匹配
,未匹配
,未匹配
,未匹配
,未匹配
,未匹配
,未匹配
,未匹配
,未匹配
,未匹配
,未匹配
,未匹配
,未匹配
,未匹配
,未匹配
,未匹配
,未匹配
,未匹配
,未匹配
,未匹配
,未匹配
,未匹配
,未匹配
,未匹配
,未匹配
,未匹配
,未匹配
,未匹配
,未匹配
,未匹配
,未匹配
,未匹配
,未匹配
,未匹配
,未匹配
,未匹配
,未匹配
,未匹配
,未匹配
,未匹配
,未匹配
,未匹配
,未匹配
,未匹配
,未匹配
,未匹配
,未匹配
,未匹配
,未匹配
,未匹配
,未匹配
,未匹配
,未匹配
,未匹配
,未匹配
,未匹配
,未匹配
,未匹配
,未匹配
,未匹配
,未匹配
,未匹配
,未匹配
,未匹配
,未匹配
,未匹配
,未匹配
,未匹配
,未匹配
,未匹配
,未匹配
,未匹配
,未匹配
,未匹配
,未匹配
,未匹配
,未匹配
,未匹配
,未匹配
,未匹配
,未匹配
,未匹配
,未匹配
,未匹配
,未匹配
,未匹配
,未匹配
,未匹配
,未匹配
,未匹配
,未匹配
,未匹配
,未匹配
,未匹配
,未匹配
,未匹配
,未匹配
,未匹配
,未匹配
,未匹配
,未匹配
,未匹配
,未匹配
,未匹配
,未匹配
,未匹配
,未匹配
,未匹配
,未匹配
,未匹配
,未匹配
,未匹配
,未匹配
,未匹配
,未匹配
,未匹配
,未匹配
,未匹配
,未匹配
,未匹配
,未匹配
,未匹配
,未匹配
,未匹配
,未匹配
,未匹配
,未匹配
,未匹配
,未匹配
,未匹配
,未匹配
,未匹配
,未匹配
,未匹配
,未匹配
,未匹配
,未匹配
,未匹配
,未匹配
,未匹配
,未匹配
,未匹配
,未匹配
,未匹配
,未匹配
,未匹配
,未匹配
,未匹配
,未匹配
,未匹配
,未匹配
,未匹配
,未匹配
,未匹配
,未匹配
,未匹配
,未匹配
,未匹配
,未匹配
,未匹配
,未匹配
,未匹配
,未匹配
,未匹配
,未匹配
,未匹配
,未匹配
,未匹配
,未匹配
,未匹配
,未匹配
,未匹配
,未匹配
,未匹配
,未匹配
,未匹配
,未匹配
,未匹配
,未匹配
,未匹配
,未匹配
,未匹配
,未匹配
,未匹配
,未匹配
,未匹配
,未匹配
,未匹配
,未匹配
,未匹配
,未匹配
,未匹配
,未匹配
,未匹配
,未匹配
,未匹配
,未匹配
,未匹配
,未匹配
,未匹配
,未匹配
,未匹配
,未匹配
,未匹配
,未匹配
,未匹配
,未匹配
,未匹配
,未匹配
,未匹配
,未匹配
,未匹配
,未匹配
,未匹配
,未匹配
,未匹配
,未匹配
,未匹配
,未匹配
,未匹配
,未匹配
,未匹配
,未匹配
,未匹配
,未匹配
,未匹配
,未匹配
,未匹配
,未匹配
,未匹配
,未匹配
,未匹配
,未匹配
,未匹配
,未匹配
,未匹配
,未匹配
,未匹配
,未匹配
,未匹配
,未匹配
,未匹配
,未匹配
,未匹配
,未匹配
,未匹配
,未匹配
,未匹配
,未匹配
,未匹配
,未匹配
,未匹配
,未匹配
,未匹配
,未匹配
,未匹配
,未匹配
,未匹配
,未匹配
,未匹配
,未匹配
,未匹配
,未匹配
,未匹配
,未匹配
,未匹配
,未匹配
,未匹配
,未匹配
,未匹配
,未匹配
,未匹配
,未匹配
,未匹配
,未匹配
,未匹配
,未匹配
,未匹配
,未匹配
,未匹配
,未匹配
,未匹配
,未匹配
,未匹配
,未匹配
,未匹配
,未匹配
,未匹配
,未匹配
,未匹配
,未匹配
,未匹配
,未匹配
,未匹配
,未匹配
,未匹配
,未匹配
,未匹配
,未匹配
,未匹配
,未匹配
,未匹配
,未匹配
,未匹配
,未匹配
,未匹配
,未匹配
,未匹配
,未匹配
,未匹配
,未匹配
,未匹配
,未匹配
,未匹配
,未匹配
,未匹配
,未匹配
,未匹配
,未匹配
,未匹配
,未匹配
,未匹配
,未匹配
,未匹配
,未匹配
,未匹配
,未匹配
,未匹配
,未匹配
,未匹配
,未匹配
,未匹配
,未匹配
,未匹配
,未匹配
,未匹配
,未匹配
,未匹配
,未匹配
,未匹配
,未匹配
,未匹配
,未匹配
,未匹配
,未匹配
,未匹配
,未匹配
,未匹配
,未匹配
,未匹配
,未匹配
,未匹配
,未匹配
,未匹配
,未匹配
,未匹配
,未匹配
,未匹配
,未匹配
,未匹配
,未匹配
,未匹配
,未匹配
,未匹配
,未匹配
,未匹配
,未匹配
,未匹配
,未匹配
,未匹配
,未匹配
,未匹配
,未匹配
,未匹配
,未匹配
,未匹配
,未匹配
,未匹配
,未匹配
,未匹配
,未匹配
,未匹配
,未匹配
,未匹配
,未匹配
,未匹配
,未匹配
,未匹配
,未匹配
,未匹配
,未匹配
,未匹配
,未匹配
,未匹配
,未匹配
,未匹配
,未匹配
,未匹配
,未匹配
,未匹配
,未匹配
,未匹配
,未匹配
,未匹配
,未匹配
,未匹配
,未匹配
,未匹配
,未匹配
,未匹配
,未匹配
,未匹配
,未匹配
,未匹配
,未匹配
,未匹配
,未匹配
,未匹配
,未匹配
,未匹配
,未匹配
,未匹配
,未匹配
,未匹配
,未匹配
,未匹配
,未匹配
,未匹配
,未匹配
,未匹配
,未匹配
,未匹配
,未匹配
,未匹配
,未匹配
,未匹配
,未匹配
,未匹配
,未匹配
,未匹配
,未匹配
,未匹配
,未匹配
,未匹配
,未匹配
,未匹配
,未匹配
,未匹配
,未匹配
,未匹配
,未匹配
,未匹配
,未匹配
,未匹配
,未匹配
,未匹配
,未匹配
,未匹配
,未匹配
,未匹配
,未匹配
,未匹配
,未匹配
,未匹配
,未匹配
,未匹配
,未匹配
,未匹配
,未匹配
,未匹配
,未匹配
,未匹配
,未匹配
,未匹配
,未匹配
,未匹配
,未匹配
,未匹配
,未匹配
,未匹配
,未匹配
,未匹配
,未匹配
,未匹配
,未匹配
,未匹配
,未匹配
,未匹配
,未匹配
,未匹配
,未匹配
,未匹配
,未匹配
,未匹配
,未匹配
,未匹配
,未匹配
,未匹配
,未匹配
,未匹配
,未匹配
,未匹配
,未匹配
,未匹配
,未匹配
,未匹配
,未匹配
,未匹配
,未匹配
,未匹配
,未匹配
,未匹配
,未匹配
,未匹配
,未匹配
,未匹配
,未匹配
,未匹配
,未匹配
,未匹配
,未匹配
,未匹配
,未匹配
,未匹配
,未匹配
,未匹配
,未匹配
,未匹配
,未匹配
,未匹配
,未匹配
,未匹配
,未匹配
,未匹配
,未匹配
,未匹配
,未匹配
,未匹配
,未匹配
,未匹配
,未匹配
,未匹配
,未匹配
,未匹配
,未匹配
,未匹配
,未匹配
,未匹配
,未匹配
,未匹配
,未匹配
,未匹配
,未匹配
,未匹配
,未匹配
,未匹配
,未匹配
,未匹配
,未匹配
,未匹配
,未匹配
,未匹配
,未匹配
,未匹配
,未匹配
,未匹配
,未匹配
,未匹配
,未匹配
,未匹配
,未匹配
,未匹配
,未匹配
,未匹配
,未匹配
,未匹配
,未匹配
,未匹配
,未匹配
,未匹配
,未匹配
,未匹配
,未匹配
,未匹配
,未匹配
,未匹配
,未匹配
,未匹配
,未匹配
,未匹配
,未匹配
,未匹配
,未匹配
,未匹配
,未匹配
,未匹配
,未匹配
,未匹配
,未匹配
,未匹配
,未匹配
,未匹配
,未匹配
,未匹配
,未匹配
,未匹配
,未匹配
,未匹配
,未匹配
,未匹配
,未匹配
,未匹配
,未匹配
,未匹配
,未匹配
,未匹配
,未匹配
,未匹配
,未匹配
,未匹配
,未匹配
,未匹配
,未匹配
,未匹配
,未匹配
,未匹配
,未匹配
,未匹配
,未匹配
,未匹配
,未匹配
,未匹配
,未匹配
,未匹配
,未匹配
,未匹配
,未匹配
,未匹配
,未匹配
,未匹配
,未匹配
,未匹配
,未匹配
,未匹配
,未匹配
,未匹配
,未匹配
,未匹配
,未匹配
,未匹配
,未匹配
,未匹配
,未匹配
,未匹配
,未匹配
,未匹配
,未匹配
,未匹配
,未匹配
,未匹配
,未匹配
,未匹配
,未匹配
,未匹配
,未匹配
,未匹配
,未匹配
,未匹配
,未匹配
,未匹配
,未匹配
,未匹配
,未匹配
,未匹配
,未匹配
,未匹配
,未匹配
,未匹配
,未匹配
,未匹配
,未匹配
,未匹配
,未匹配
,未匹配
,未匹配
,未匹配
,未匹配
,未匹配
,未匹配
,未匹配
,未匹配
,未匹配
,未匹配
,未匹配
,未匹配
,未匹配
,未匹配
,未匹配
,未匹配
,未匹配
,未匹配
,未匹配
,未匹配
,未匹配
,未匹配
,未匹配
,未匹配
,未匹配
,未匹配
,未匹配
,未匹配
,未匹配
,未匹配
,未匹配
,未匹配
,未匹配
,未匹配
,未匹配
,未匹配
,未匹配
,未匹配
,未匹配
,未匹配
,未匹配
,未匹配
,未匹配
,未匹配
,未匹配
,未匹配
,未匹配
,未匹配
,未匹配
,未匹配
,未匹配
,未匹配
,未匹配
,未匹配
,未匹配
,未匹配
,未匹配
,未匹配
,未匹配
,未匹配
,未匹配
,未匹配
,未匹配
,未匹配
,未匹配
,未匹配
,未匹配
,未匹配
,未匹配
,未匹配
,未匹配
,未匹配
,未匹配
,未匹配
,未匹配
,未匹配
,未匹配
,未匹配
,未匹配
,未匹配
,未匹配
,未匹配
,未匹配
,未匹配
,未匹配
,未匹配
,未匹配
,未匹配
,未匹配
,未匹配
,未匹配
,未匹配
,未匹配
,未匹配
,未匹配
,未匹配
,未匹配
,未匹配
,未匹配
,未匹配
,未匹配
,未匹配
,未匹配
,未匹配
,未匹配
,未匹配
,未匹配
,未匹配
,未匹配
,未匹配
,未匹配
,未匹配
,未匹配
,未匹配
,未匹配
,未匹配
,未匹配
,未匹配
,未匹配
,未匹配
,未匹配
,未匹配
,未匹配
,未匹配
,未匹配
,未匹配
,未匹配
,未匹配
,未匹配
,未匹配
,未匹配
,未匹配
,未匹配
,未匹配
,未匹配
,未匹配
,未匹配
,未匹配
,未匹配
,未匹配
,未匹配
,未匹配
,未匹配
,未匹配
,未匹配
,未匹配
,未匹配
,未匹配
,未匹配
,未匹配
,未匹配
,未匹配
,未匹配
,未匹配
,未匹配
,未匹配
,未匹配
,未匹配
,未匹配
,未匹配
,未匹配
,未匹配
,未匹配
,未匹配
,未匹配
,未匹配
,未匹配
,未匹配
,未匹配
,未匹配
,未匹配
,未匹配
,未匹配
,未匹配
,未匹配
,未匹配
,未匹配
,未匹配
,未匹配
,未匹配
,未匹配
,未匹配
,未匹配
,未匹配
,未匹配
,未匹配
,未匹配
,未匹配
,未匹配
,未匹配
,未匹配
,未匹配
,未匹配
,未匹配
,未匹配
,未匹配
,未匹配
,未匹配
,未匹配
,未匹配
,未匹配
,未匹配
,未匹配
,未匹配
,未匹配
,未匹配
,未匹配
,未匹配
,未匹配
,未匹配
,未匹配
,未匹配
,未匹配
,未匹配
,未匹配
,未匹配
,未匹配
,未匹配
,未匹配
,未匹配
,未匹配
,未匹配
,未匹配
,未匹配
,未匹配
,未匹配
,未匹配
,未匹配
,未匹配
,未匹配
,未匹配
,未匹配
,未匹配
,未匹配
,未匹配
,未匹配
,未匹配
,未匹配
,未匹配
,未匹配
,未匹配
,未匹配
,未匹配
,未匹配
,未匹配
,未匹配
,未匹配
,未匹配
,未匹配
,未匹配
,未匹配
,未匹配
,未匹配
,未匹配
,未匹配
,未匹配
,未匹配
,未匹配
,未匹配
,未匹配
,未匹配
,未匹配
,未匹配
,未匹配
,未匹配
,未匹配
,未匹配
,未匹配
,未匹配
,未匹配
,未匹配
,未匹配
,未匹配
,未匹配
,未匹配
,未匹配
,未匹配
,未匹配
,未匹配
,未匹配
,未匹配
,未匹配
,未匹配
,未匹配
,未匹配
,未匹配
,未匹配
,未匹配
,未匹配
,未匹配
,未匹配
,未匹配
,未匹配
,未匹配
,未匹配
,未匹配
,未匹配
,未匹配
,未匹配
,未匹配
,未匹配
,未匹配
,未匹配
,未匹配
,未匹配
,未匹配
,未匹配
,未匹配
,未匹配
,未匹配
,未匹配
,未匹配
,未匹配
,未匹配
,未匹配
,未匹配
,未匹配
,未匹配
,未匹配
,未匹配
,未匹配
,未匹配
,未匹配
,未匹配
,未匹配
,未匹配
,未匹配
,未匹配
,未匹配
,未匹配
,未匹配
,未匹配
,未匹配
,未匹配
,未匹配
,未匹配
,未匹配
,未匹配
,未匹配
,未匹配
,未匹配
,未匹配
,未匹配
,未匹配
,未匹配
,未匹配
,未匹配
,未匹配
,未匹配
,未匹配
,未匹配
,未匹配
,未匹配
,未匹配
,未匹配
,未匹配
,未匹配
,未匹配
,未匹配
,未匹配
,未匹配
,未匹配
,未匹配
,未匹配
,未匹配
,未匹配
,未匹配
,未匹配
,未匹配
,未匹配
,未匹配
,未匹配
,未匹配
,未匹配
,未匹配
,未匹配
,未匹配
,未匹配
,未匹配
,未匹配
,未匹配
,未匹配
,未匹配
,未匹配
,未匹配
,未匹配
,未匹配
,未匹配
,未匹配
,未匹配
,未匹配
,未匹配
,未匹配
,未匹配
,未匹配
,未匹配
,未匹配
,未匹配
,未匹配
,未匹配
,未匹配
,未匹配
,未匹配
,未匹配
,未匹配
,未匹配
,未匹配
,未匹配
,未匹配
,未匹配
,未匹配
,未匹配
,未匹配
,未匹配
,未匹配
,未匹配
,未匹配
,未匹配
,未匹配
,未匹配
,未匹配
,未匹配
,未匹配
,未匹配
,未匹配
,未匹配
,未匹配
,未匹配
,未匹配
,未匹配
,未匹配
,未匹配
,未匹配
,未匹配
,未匹配
,未匹配
,未匹配
,未匹配
,未匹配
,未匹配
,未匹配
,未匹配
,未匹配
,未匹配
,未匹配
,未匹配
,未匹配
,未匹配
,未匹配
,未匹配
,未匹配
,未匹配
,未匹配
,未匹配
,未匹配
,未匹配
,未匹配
,未匹配
,未匹配
,未匹配
,未匹配
,未匹配
,未匹配
,未匹配
,未匹配
,未匹配
,未匹配
,未匹配
,未匹配
,未匹配
,未匹配
,未匹配
,未匹配
,未匹配
,未匹配
,未匹配
,未匹配
,未匹配
,未匹配
,未匹配
,未匹配
,未匹配
,未匹配
,未匹配
,未匹配
,未匹配
,未匹配
,未匹配
,未匹配
,未匹配
,未匹配
,未匹配
,未匹配
,未匹配
,未匹配
,未匹配
,未匹配
,未匹配
,未匹配
,未匹配
,未匹配
,未匹配
,未匹配
,未匹配
,未匹配
,未匹配
,未匹配
,未匹配
,未匹配
,未匹配
,未匹配
,未匹配
,未匹配
,未匹配
,未匹配
,未匹配
,未匹配
,未匹配
,未匹配
,未匹配
,未匹配
,未匹配
,未匹配
,未匹配
,未匹配
,未匹配
,未匹配
,未匹配
,未匹配
,未匹配
,未匹配
,未匹配
,未匹配
,未匹配
,未匹配
,未匹配
,未匹配
,未匹配
,未匹配
,未匹配
,未匹配
,未匹配
,未匹配
,未匹配
,未匹配
,未匹配
,未匹配
,未匹配
,未匹配
,未匹配
,未匹配
,未匹配
,未匹配
,未匹配
,未匹配
,未匹配
,未匹配
,未匹配
,未匹配
,未匹配
,未匹配
,未匹配
,未匹配
,未匹配
,未匹配
,未匹配
,未匹配
,未匹配
,未匹配
,未匹配
,未匹配
,未匹配
,未匹配
,未匹配
,未匹配
,未匹配
,未匹配
,未匹配
,未匹配
,未匹配
,未匹配
,未匹配
,未匹配
,未匹配
,未匹配
,未匹配
,未匹配
,未匹配
,未匹配
,未匹配
,未匹配
,未匹配
,未匹配
,未匹配
,未匹配
,未匹配
,未匹配
,未匹配
,未匹配
,未匹配
,未匹配
,未匹配
,未匹配
,未匹配
,未匹配
,未匹配
,未匹配
,未匹配
,未匹配
,未匹配
,未匹配
,未匹配
,未匹配
,未匹配
,未匹配
,未匹配
,未匹配
,未匹配
,未匹配
,未匹配
,未匹配
,未匹配
,未匹配
,未匹配
,未匹配
,未匹配
,未匹配
,未匹配
,未匹配
,未匹配
,未匹配
,未匹配
,未匹配
,未匹配
,未匹配
,未匹配
,未匹配
,未匹配
,未匹配
,未匹配
,未匹配
,未匹配
,未匹配
,未匹配
,未匹配
,未匹配
,未匹配
,未匹配
,未匹配
,未匹配
,未匹配
,未匹配
,未匹配
,未匹配
,未匹配
,未匹配
,未匹配
,未匹配
,未匹配
,未匹配
,未匹配
,未匹配
,未匹配
,未匹配
,未匹配
,未匹配
,未匹配
,未匹配
,未匹配
,未匹配
,未匹配
,未匹配
,未匹配
,未匹配
,未匹配
,未匹配
,未匹配
,未匹配
,未匹配
,未匹配
,未匹配
,未匹配
,未匹配
,未匹配
,未匹配
,未匹配
,未匹配
,未匹配
,未匹配
,未匹配
,未匹配
,未匹配
,未匹配
,未匹配
,未匹配
,未匹配
,未匹配
,未匹配
,未匹配
,未匹配
,未匹配
,未匹配
,未匹配
,未匹配
,未匹配
,未匹配
,未匹配
,未匹配
,未匹配
,未匹配
,未匹配
,未匹配
,未匹配
,未匹配
,未匹配
,未匹配
,未匹配
,未匹配
,未匹配
,未匹配
,未匹配
,未匹配
,未匹配
,未匹配
,未匹配
,未匹配
,未匹配
,未匹配
,未匹配
,未匹配
,未匹配
,未匹配
,未匹配
,未匹配
,未匹配
,未匹配
,未匹配
,未匹配
,未匹配
,未匹配
,未匹配
,未匹配
,未匹配
,未匹配
,未匹配
,未匹配
,未匹配
,未匹配
,未匹配
,未匹配
,未匹配
,未匹配
,未匹配
,未匹配
,未匹配
,未匹配
,未匹配
,未匹配
,未匹配
,未匹配
,未匹配
,未匹配
,未匹配
,未匹配
,未匹配
,未匹配
,未匹配
,未匹配
,未匹配
,未匹配
,未匹配
,未匹配
,未匹配
,未匹配
,未匹配
,未匹配
,未匹配
,未匹配
,未匹配
,未匹配
,未匹配
,未匹配
,未匹配
,未匹配
,未匹配
,未匹配
,未匹配
,未匹配
,未匹配
,未匹配
,未匹配
,未匹配
,未匹配
,未匹配
,未匹配
,未匹配
,未匹配
,未匹配
,未匹配
,未匹配
,未匹配
,未匹配
,未匹配
,未匹配
,未匹配
,未匹配
,未匹配
,未匹配
,未匹配
,未匹配
,未匹配
,未匹配
,未匹配
,未匹配
,未匹配
,未匹配
,未匹配
,未匹配
,未匹配
,未匹配
,未匹配
,未匹配
,未匹配
,未匹配
,未匹配
,未匹配
,未匹配
,未匹配
,未匹配
,未匹配
,未匹配
,未匹配
,未匹配
,未匹配
,未匹配
,未匹配
,未匹配
,未匹配
,未匹配
,未匹配
,未匹配
,未匹配
,未匹配
,未匹配
,未匹配
,未匹配
,未匹配
,未匹配
,未匹配
,未匹配
,未匹配
,未匹配
,未匹配
,未匹配
,未匹配
,未匹配
,未匹配
,未匹配
,未匹配
,未匹配
,未匹配
,未匹配
,未匹配
,未匹配
,未匹配
,未匹配
,未匹配
,未匹配
,未匹配
,未匹配
,未匹配
,未匹配
,未匹配
,未匹配
,未匹配
,未匹配
,未匹配
,未匹配
,未匹配
,未匹配
,未匹配
,未匹配
,未匹配
,未匹配
,未匹配
,未匹配
,未匹配
,未匹配
,未匹配
,未匹配
,未匹配
,未匹配
,未匹配
,未匹配
,未匹配
,未匹配
,未匹配
,未匹配
,未匹配
,未匹配
,未匹配
,未匹配
,未匹配
,未匹配
,未匹配
,未匹配
,未匹配
,未匹配
,未匹配
,未匹配
,未匹配
,未匹配
,未匹配
,未匹配
,未匹配
,未匹配
,未匹配
,未匹配
,未匹配
,未匹配
,未匹配
,未匹配
,未匹配
,未匹配
,未匹配
,未匹配
,未匹配
,未匹配
,未匹配
,未匹配
,未匹配
,未匹配
,未匹配
,未匹配
,未匹配
,未匹配
,未匹配
,未匹配
,未匹配
,未匹配
,未匹配
,未匹配
,未匹配
,未匹配
,未匹配
,未匹配
,未匹配
,未匹配
,未匹配
,未匹配
,未匹配
,未匹配
,未匹配
,未匹配
,未匹配
,未匹配
,未匹配
,未匹配
,未匹配
,未匹配
,未匹配
,未匹配
,未匹配
,未匹配
,未匹配
,未匹配
,未匹配
,未匹配
,未匹配
,未匹配
,未匹配
,未匹配
,未匹配
,未匹配
,未匹配
,未匹配
,未匹配
,未匹配
,未匹配
,未匹配
,未匹配
,未匹配
,未匹配
,未匹配
,未匹配
,未匹配
,未匹配
,未匹配
,未匹配
,未匹配
,未匹配
,未匹配
,未匹配
,未匹配
,未匹配
,未匹配
,未匹配
,未匹配
,未匹配
,未匹配
,未匹配
,未匹配
,未匹配
,未匹配
,未匹配
,未匹配
,未匹配
,未匹配
,未匹配
,未匹配
,未匹配
,未匹配
,未匹配
,未匹配
,未匹配
,未匹配
,未匹配
,未匹配
,未匹配
,未匹配
,未匹配
,未匹配
,未匹配
,未匹配
,未匹配
,未匹配
,未匹配
,未匹配
,未匹配
,未匹配
,未匹配
,未匹配
,未匹配
,未匹配
,未匹配
,未匹配
,未匹配
,未匹配
,未匹配
,未匹配
,未匹配
,未匹配
,未匹配
,未匹配
,未匹配
,未匹配
,未匹配
,未匹配
,未匹配
,未匹配
,未匹配
,未匹配
,未匹配
,未匹配
,未匹配
,未匹配
,未匹配
,未匹配
,未匹配
,未匹配
,未匹配
,未匹配
,未匹配
,未匹配
,未匹配
,未匹配
,未匹配
,未匹配
,未匹配
,未匹配
,未匹配
,未匹配
,未匹配
,未匹配
,未匹配
,未匹配
,未匹配
,未匹配
,未匹配
,未匹配
,未匹配
,未匹配
,未匹配
,未匹配
,未匹配
,未匹配
,未匹配
,未匹配
,未匹配
,未匹配
,未匹配
,未匹配
,未匹配
,未匹配
,未匹配
,未匹配
,未匹配
,未匹配
,未匹配
,未匹配
,未匹配
,未匹配
,未匹配
,未匹配
,未匹配
,未匹配
,未匹配
,未匹配
,未匹配
,未匹配
,未匹配
,未匹配
,未匹配
,未匹配
,未匹配
,未匹配
,未匹配
,未匹配
,未匹配
,未匹配
,未匹配
,未匹配
,未匹配
,未匹配
,未匹配
,未匹配
,未匹配
,未匹配
,未匹配
,未匹配
,未匹配
,未匹配
,未匹配
,未匹配
,未匹配
,未匹配
,未匹配
,未匹配
,未匹配
,未匹配
,未匹配
,未匹配
,未匹配
,未匹配
,未匹配
,未匹配
,未匹配
,未匹配
,未匹配
,未匹配
,未匹配
,未匹配
,未匹配
,未匹配
,未匹配
,未匹配
,未匹配
,未匹配
,未匹配
,未匹配
,未匹配
,未匹配
,未匹配
,未匹配
,未匹配
,未匹配
,未匹配
,未匹配
,未匹配
,未匹配
,未匹配
,未匹配
,未匹配
,未匹配
,未匹配
,未匹配
,未匹配
,未匹配
,未匹配
,未匹配
,未匹配
,未匹配
,未匹配
,未匹配
,未匹配
,未匹配
,未匹配
,未匹配
,未匹配
,未匹配
,未匹配
,未匹配
,未匹配
,未匹配
,未匹配
,未匹配
,未匹配
,未匹配
,未匹配
,未匹配
,未匹配
,未匹配
,未匹配
,未匹配
,未匹配
,未匹配
,未匹配
,未匹配
,未匹配
,未匹配
,未匹配
,未匹配
,未匹配
,未匹配
,未匹配
,未匹配
,未匹配
,未匹配
,未匹配
,未匹配
,未匹配
,未匹配
,未匹配
,未匹配
,未匹配
,未匹配
,未匹配
,未匹配
,未匹配
,未匹配
,未匹配
,未匹配
,未匹配
,未匹配
,未匹配
,未匹配
,未匹配
,未匹配
,未匹配
,未匹配
,未匹配
,未匹配
,未匹配
,未匹配
,未匹配
,未匹配
,未匹配
,未匹配
,未匹配
,未匹配
,未匹配
,未匹配
,未匹配
,未匹配
,未匹配
,未匹配
,未匹配
,未匹配
,未匹配
,未匹配
,未匹配
,未匹配
,未匹配
,未匹配
,未匹配
,未匹配
,未匹配
,未匹配
,未匹配
,未匹配
,未匹配
,未匹配
,未匹配
,未匹配
,未匹配
,未匹配
,未匹配
,未匹配
,未匹配
,未匹配
,未匹配
,未匹配
,未匹配
,未匹配
,未匹配
,未匹配
,未匹配
,未匹配
,未匹配
,未匹配
,未匹配
,未匹配
,未匹配
,未匹配
,未匹配
,未匹配
,未匹配
,未匹配
,未匹配
,未匹配
,未匹配
,未匹配
,未匹配
,未匹配
,未匹配
,未匹配
,未匹配
,未匹配
,未匹配
,未匹配
,未匹配
,未匹配
,未匹配
,未匹配
,未匹配
,未匹配
,未匹配
,未匹配
,未匹配
,未匹配
,未匹配
,未匹配
,未匹配
,未匹配
,未匹配
,未匹配
,未匹配
,未匹配
,未匹配
,未匹配
,未匹配
,未匹配
,未匹配
,未匹配
,未匹配
,未匹配
,未匹配
,未匹配
,未匹配
,未匹配
,未匹配
,未匹配
,未匹配
,未匹配
,未匹配
,未匹配
,未匹配
,未匹配
,未匹配
,未匹配
,未匹配
,未匹配
,未匹配
,未匹配
,未匹配
,未匹配
,未匹配
,未匹配
,未匹配
,未匹配
,未匹配
,未匹配
,未匹配
,未匹配
,未匹配
,未匹配
,未匹配
,未匹配
,未匹配
,未匹配
,未匹配
,未匹配
,未匹配
,未匹配
,未匹配
,未匹配
,未匹配
,未匹配
,未匹配
,未匹配
,未匹配
,未匹配
,未匹配
,未匹配
,未匹配
,未匹配
,未匹配
,未匹配
,未匹配
,未匹配
,未匹配
,未匹配
,未匹配
,未匹配
,未匹配
,未匹配
,未匹配
,未匹配
,未匹配
,未匹配
,未匹配
,未匹配
,未匹配
,未匹配
,未匹配
,未匹配
,未匹配
,未匹配
,未匹配
,未匹配
,未匹配
,未匹配
,未匹配
,未匹配
,未匹配
,未匹配
,未匹配
,未匹配
,未匹配
,未匹配
,未匹配
,未匹配
,未匹配
,未匹配
,未匹配
,未匹配
,未匹配
,未匹配
,未匹配
,未匹配
,未匹配
,未匹配
,未匹配
,未匹配
,未匹配
,未匹配
,未匹配
,未匹配
,未匹配
,未匹配
,未匹配
,未匹配
,未匹配
,未匹配
,未匹配
,未匹配
,未匹配
,未匹配
,未匹配
,未匹配
,未匹配
,未匹配
,未匹配
,未匹配
,未匹配
,未匹配
,未匹配
,未匹配
,未匹配
,未匹配
,未匹配
,未匹配
,未匹配
,未匹配
,未匹配
,未匹配
,未匹配
,未匹配
,未匹配
,未匹配
,未匹配
,未匹配
,未匹配
,未匹配
,未匹配
,未匹配
,未匹配
,未匹配
,未匹配
,未匹配
,未匹配
,未匹配
,未匹配
,未匹配
,未匹配
,未匹配
,未匹配
,未匹配
,未匹配
,未匹配
,未匹配
,未匹配
,未匹配
,未匹配
,未匹配
,未匹配
,未匹配
,未匹配
,未匹配
,未匹配
,未匹配
,未匹配
,未匹配
,未匹配
,未匹配
,未匹配
,未匹配
,未匹配
,未匹配
,未匹配
,未匹配
,未匹配
,未匹配
,未匹配
,未匹配
,未匹配
,未匹配
,未匹配
,未匹配
,未匹配
,未匹配
,未匹配
,未匹配
,未匹配
,未匹配
,未匹配
,未匹配
,未匹配
,未匹配
,未匹配
,未匹配
,未匹配
,未匹配
,未匹配
,未匹配
,未匹配
,未匹配
,未匹配
,未匹配
,未匹配
,未匹配
,未匹配
,未匹配
,未匹配
,未匹配
,未匹配
,未匹配
,未匹配
,未匹配
,未匹配
,未匹配
,未匹配
,未匹配
,未匹配
,未匹配
,未匹配
,未匹配
,未匹配
,未匹配
,未匹配
,未匹配
,未匹配
,未匹配
,未匹配
,未匹配
,未匹配
,未匹配
,未匹配
,未匹配
,未匹配
,未匹配
,未匹配
,未匹配
,未匹配
,未匹配
,未匹配
,未匹配
,未匹配
,未匹配
,未匹配
,未匹配
,未匹配
,未匹配
,未匹配
,未匹配
,未匹配
,未匹配
,未匹配
,未匹配
,未匹配
,未匹配
,未匹配
,未匹配
,未匹配
,未匹配
,未匹配
,未匹配
,未匹配
,未匹配
,未匹配
,未匹配
,未匹配
,未匹配
,未匹配
,未匹配
,未匹配
,未匹配
,未匹配
,未匹配
,未匹配
,未匹配
,未匹配
,未匹配
,未匹配
,未匹配
,未匹配
,未匹配
,未匹配
,未匹配
,未匹配
,未匹配
,未匹配
,未匹配
,未匹配
,未匹配
,未匹配
,未匹配
,未匹配
,未匹配
,未匹配
,未匹配
,未匹配
,未匹配
,未匹配
,未匹配
,未匹配
,未匹配
,未匹配
,未匹配
,未匹配
,未匹配
,未匹配
,未匹配
,未匹配
,未匹配
,未匹配
,未匹配
,未匹配
,未匹配
,未匹配
,未匹配
,未匹配
,未匹配
,未匹配
,未匹配
,未匹配
,未匹配
,未匹配
,未匹配
,未匹配
,未匹配
,未匹配
,未匹配
,未匹配
,未匹配
,未匹配
,未匹配
,未匹配
,未匹配
,未匹配
,未匹配
,未匹配
,未匹配
,未匹配
,未匹配
,未匹配
,未匹配
,未匹配
,未匹配
,未匹配
,未匹配
,未匹配
,未匹配
,未匹配
,未匹配
,未匹配
,未匹配
,未匹配
,未匹配
,未匹配
,未匹配
,未匹配
,未匹配
,未匹配
,未匹配
,未匹配
,未匹配
,未匹配
,未匹配
,未匹配
,未匹配
,未匹配
,未匹配
,未匹配
,未匹配
,未匹配
,未匹配
,未匹配
,未匹配
,未匹配
,未匹配
,未匹配
,未匹配
,未匹配
,未匹配
,未匹配
,未匹配
,未匹配
,未匹配
,未匹配
,未匹配
,未匹配
,未匹配
,未匹配
,未匹配
,未匹配
,未匹配
,未匹配
,未匹配
,未匹配
,未匹配
,未匹配
,未匹配
,未匹配
,未匹配
,未匹配
,未匹配
,未匹配
,未匹配
,未匹配
,未匹配
,未匹配
,未匹配
,未匹配
,未匹配
,未匹配
,未匹配
,未匹配
,未匹配
,未匹配
,未匹配
,未匹配
,未匹配
,未匹配
,未匹配
,未匹配
,未匹配
,未匹配
,未匹配
,未匹配
,未匹配
,未匹配
,未匹配
,未匹配
,未匹配
,未匹配
,未匹配
,未匹配
,未匹配
,未匹配
,未匹配
,未匹配
,未匹配
,未匹配
,未匹配
,未匹配
,未匹配
,未匹配
,未匹配
,未匹配
,未匹配
,未匹配
,未匹配
,未匹配
,未匹配
,未匹配
,未匹配
,未匹配
,未匹配
,未匹配
,未匹配
,未匹配
,未匹配
,未匹配
,未匹配
,未匹配
,未匹配
,未匹配
,未匹配
,未匹配
,未匹配
,未匹配
,未匹配
,未匹配
,未匹配
,未匹配
,未匹配
,未匹配
,未匹配
,未匹配
,未匹配
,未匹配
,未匹配
,未匹配
,未匹配
,未匹配
,未匹配
,未匹配
,未匹配
,未匹配
,未匹配
,未匹配
,未匹配
,未匹配
,未匹配
,未匹配
,未匹配
,未匹配
,未匹配
,未匹配
,未匹配
,未匹配
,未匹配
,未匹配
,未匹配
,未匹配
,未匹配
,未匹配
,未匹配
,未匹配
,未匹配
,未匹配
,未匹配
,未匹配
,未匹配
,未匹配
,未匹配
,未匹配
,未匹配
,未匹配
,未匹配
,未匹配
,未匹配
,未匹配
,未匹配
,未匹配
,未匹配
,未匹配
,未匹配
,未匹配
,未匹配
,未匹配
,未匹配
,未匹配
,未匹配
,未匹配
,未匹配
,未匹配
,未匹配
,未匹配
,未匹配
,未匹配
,未匹配
,未匹配
,未匹配
,未匹配
,未匹配
,未匹配
,未匹配
,未匹配
,未匹配
,未匹配
,未匹配
,未匹配
,未匹配
,未匹配
,未匹配
,未匹配
,未匹配
,未匹配
,未匹配
,未匹配
,未匹配
,未匹配
,未匹配
,未匹配
,未匹配
,未匹配
,未匹配
,未匹配
,未匹配
,未匹配
,未匹配
,未匹配
,未匹配
,未匹配
,未匹配
,未匹配
,未匹配
,未匹配
,未匹配
,未匹配
,未匹配
,未匹配
,未匹配
,未匹配
,未匹配
,未匹配
,未匹配
,未匹配
,未匹配
,未匹配
,未匹配
,未匹配
,未匹配
,未匹配
,未匹配
,未匹配
,未匹配
,未匹配
,未匹配
,未匹配
,未匹配
,未匹配
,未匹配
,未匹配
,未匹配
,未匹配
,未匹配
,未匹配
,未匹配
,未匹配
,未匹配
,未匹配
,未匹配
,未匹配
,未匹配
,未匹配
,未匹配
,未匹配
,未匹配
,未匹配
,未匹配
,未匹配
,未匹配
,未匹配
,未匹配
,未匹配
,未匹配
,未匹配
,未匹配
,未匹配
,未匹配
,未匹配
,未匹配
,未匹配
,未匹配
,未匹配
,未匹配
,未匹配
,未匹配
,未匹配
,未匹配
,未匹配
,未匹配
,未匹配
,未匹配
,未匹配
,未匹配
,未匹配
,未匹配
,未匹配
,未匹配
,未匹配
,未匹配
,未匹配
,未匹配
,未匹配
,未匹配
,未匹配
,未匹配
,未匹配
,未匹配
,未匹配
,未匹配
,未匹配
,未匹配
,未匹配
,未匹配
,未匹配
,未匹配
,未匹配
,未匹配
,未匹配
,未匹配
,未匹配
,未匹配
,未匹配
,未匹配
,未匹配
,未匹配
,未匹配
,未匹配
,未匹配
,未匹配
,未匹配
,未匹配
,未匹配
,未匹配
,未匹配
,未匹配
,未匹配
,未匹配
,未匹配
,未匹配
,未匹配
,未匹配
,未匹配
,未匹配
,未匹配
,未匹配
,未匹配
,未匹配
,未匹配
,未匹配
,未匹配
,未匹配
,未匹配
,未匹配
,未匹配
,未匹配
,未匹配
,未匹配
,未匹配
,未匹配
,未匹配
,未匹配
,未匹配
,未匹配
,未匹配
,未匹配
,未匹配
,未匹配
,未匹配
,未匹配
,未匹配
,未匹配
,未匹配
,未匹配
,未匹配
,未匹配
,未匹配
,未匹配
,未匹配
,未匹配
,未匹配
,未匹配
,未匹配
,未匹配
,未匹配
,未匹配
,未匹配
,未匹配
,未匹配
,未匹配
,未匹配
,未匹配
,未匹配
,未匹配
,未匹配
,未匹配
,未匹配
,未匹配
,未匹配
,未匹配
,未匹配
,未匹配
,未匹配
,未匹配
,未匹配
,未匹配
,未匹配
,未匹配
,未匹配
,未匹配
,未匹配
,未匹配
,未匹配
,未匹配
,未匹配
,未匹配
,未匹配
,未匹配
,未匹配
,未匹配
,未匹配
,未匹配
,未匹配
,未匹配
,未匹配
,未匹配
,未匹配
,未匹配
,未匹配
,未匹配
,未匹配
,未匹配
,未匹配
,未匹配
,未匹配
,未匹配
,未匹配
,未匹配
,未匹配
,未匹配
,未匹配
,未匹配
,未匹配
,未匹配
,未匹配
,未匹配
,未匹配
,未匹配
,未匹配
,未匹配
,未匹配
,未匹配
,未匹配
,未匹配
,未匹配
,未匹配
,未匹配
,未匹配
,未匹配
,未匹配
,未匹配
,未匹配
,未匹配
,未匹配
,未匹配
,未匹配
,未匹配
,未匹配
,未匹配
,未匹配
,未匹配
,未匹配
,未匹配
,未匹配
,未匹配
,未匹配
,未匹配
,未匹配
,未匹配
,未匹配
,未匹配
,未匹配
,未匹配
,未匹配
,未匹配
,未匹配
,未匹配
,未匹配
,未匹配
,未匹配
,未匹配
,未匹配
,未匹配
,未匹配
,未匹配
,未匹配
,未匹配
,未匹配
,未匹配
,未匹配
,未匹配
,未匹配
,未匹配
,未匹配
,未匹配
,未匹配
,未匹配
,未匹配
,未匹配
,未匹配
,未匹配
,未匹配
,未匹配
,未匹配
,未匹配
,未匹配
,未匹配
,未匹配
,未匹配
,未匹配
,未匹配
,未匹配
,未匹配
,未匹配
,未匹配
,未匹配
,未匹配
,未匹配
,未匹配
,未匹配
,未匹配
,未匹配
,未匹配
,未匹配
,未匹配
,未匹配
,未匹配
,未匹配
,未匹配
,未匹配
,未匹配
,未匹配
,未匹配
,未匹配
,未匹配
,未匹配
,未匹配
,未匹配
,未匹配
,未匹配
,未匹配
,未匹配
,未匹配
,未匹配
,未匹配
,未匹配
,未匹配
,未匹配
,未匹配
,未匹配
,未匹配
,未匹配
,未匹配
,未匹配
,未匹配
,未匹配
,未匹配
,未匹配
,未匹配
,未匹配
,未匹配
,未匹配
,未匹配
,未匹配
,未匹配
,未匹配
,未匹配
,未匹配
,未匹配
,未匹配
,未匹配
,未匹配
,未匹配
,未匹配
,未匹配
,未匹配
,未匹配
,未匹配
,未匹配
,未匹配
,未匹配
,未匹配
,未匹配
,未匹配
,未匹配
,未匹配
,未匹配
,未匹配
,未匹配
,未匹配
,未匹配
,未匹配
,未匹配
,未匹配
,未匹配
,未匹配
,未匹配
,未匹配
,未匹配
,未匹配
,未匹配
,未匹配
,未匹配
,未匹配
,未匹配
,未匹配
,未匹配
,未匹配
,未匹配
,未匹配
,未匹配
,未匹配
,未匹配
,未匹配
,未匹配
,未匹配
,未匹配
,未匹配
,未匹配
,未匹配
,未匹配
,未匹配
,未匹配
,未匹配
,未匹配
,未匹配
,未匹配
,未匹配
,未匹配
,未匹配
,未匹配
,未匹配
,未匹配
,未匹配
,未匹配
,未匹配
,未匹配
,未匹配
,未匹配
,未匹配
,未匹配
,未匹配
,未匹配
,未匹配
,未匹配
,未匹配
,未匹配
,未匹配
,未匹配
,未匹配
,未匹配
,未匹配
,未匹配
,未匹配
,未匹配
,未匹配
,未匹配
,未匹配
,未匹配
,未匹配
,未匹配
,未匹配
,未匹配
,未匹配
,未匹配
,未匹配
,未匹配
,未匹配
,未匹配
,未匹配
,未匹配
,未匹配
,未匹配
,未匹配
,未匹配
,未匹配
,未匹配
,未匹配
,未匹配
,未匹配
,未匹配
,未匹配
,未匹配
,未匹配
,未匹配
,未匹配
,未匹配
,未匹配
,未匹配
,未匹配
,未匹配
,未匹配
,未匹配
,未匹配
,未匹配
,未匹配
,未匹配
,未匹配
,未匹配
,未匹配
,未匹配
,未匹配
,未匹配
,未匹配
,未匹配
,未匹配
,未匹配
,未匹配
,未匹配
,未匹配
,未匹配
,未匹配
,未匹配
,未匹配
,未匹配
,未匹配
,未匹配
,未匹配
,未匹配
,未匹配
,未匹配
,未匹配
,未匹配
,未匹配
,未匹配
,未匹配
,未匹配
,未匹配
,未匹配
,未匹配
,未匹配
,未匹配
,未匹配
,未匹配
,未匹配
,未匹配
,未匹配
,未匹配
,未匹配
,未匹配
,未匹配
,未匹配
,未匹配
,未匹配
,未匹配
,未匹配
,未匹配
,未匹配
,未匹配
,未匹配
,未匹配
,未匹配
,未匹配
,未匹配
,未匹配
,未匹配
,未匹配
,未匹配
,未匹配
,未匹配
,未匹配
,未匹配
,未匹配
,未匹配
,未匹配
,未匹配
,未匹配
,未匹配
,未匹配
,未匹配
,未匹配
,未匹配
,未匹配
,未匹配
,未匹配
,未匹配
,未匹配
,未匹配
,未匹配
,未匹配
,未匹配
,未匹配
,未匹配
,未匹配
,未匹配
,未匹配
,未匹配
,未匹配
,未匹配
,未匹配
,未匹配
,未匹配
,未匹配
,未匹配
,未匹配
,未匹配
,未匹配
,未匹配
,未匹配
,未匹配
,未匹配
,未匹配
,未匹配
,未匹配
,未匹配
,未匹配
,未匹配
,未匹配
,未匹配
,未匹配
,未匹配
,未匹配
,未匹配
,未匹配
,未匹配
,未匹配
,未匹配
,未匹配
,未匹配
,未匹配
,未匹配
,未匹配
,未匹配
,未匹配
,未匹配
,未匹配
,未匹配
,未匹配
,未匹配
,未匹配
,未匹配
,未匹配
,未匹配
,未匹配
,未匹配
,未匹配
,未匹配
,未匹配
,未匹配
,未匹配
,未匹配
,未匹配
,未匹配
,未匹配
,未匹配
,未匹配
,未匹配
,未匹配
,未匹配
,未匹配
,未匹配
,未匹配
,未匹配
,未匹配
,未匹配
,未匹配
,未匹配
,未匹配
,未匹配
,未匹配
,未匹配
,未匹配
,未匹配
,未匹配
,未匹配
,未匹配
,未匹配
,未匹配
,未匹配
,未匹配
,未匹配
,未匹配
,未匹配
,未匹配
,未匹配
,未匹配
,未匹配
,未匹配
,未匹配
,未匹配
,未匹配
,未匹配
,未匹配
,未匹配
,未匹配
,未匹配
,未匹配
,未匹配
,未匹配
,未匹配
,未匹配
,未匹配
,未匹配
,未匹配
,未匹配
,未匹配
,未匹配
,未匹配
,未匹配
,未匹配
,未匹配
,未匹配
,未匹配
,未匹配
,未匹配
,未匹配
,未匹配
,未匹配
,未匹配
,未匹配
,未匹配
,未匹配
,未匹配
,未匹配
,未匹配
,未匹配
,未匹配
,未匹配
,未匹配
,未匹配
,未匹配
,未匹配
,未匹配
,未匹配
,未匹配
,未匹配
,未匹配
,未匹配
,未匹配
,未匹配
,未匹配
,未匹配
,未匹配
,未匹配
,未匹配
,未匹配
,未匹配
,未匹配
,未匹配
,未匹配
,未匹配
,未匹配
,未匹配
,未匹配
,未匹配
,未匹配
,未匹配
,未匹配
,未匹配
,未匹配
,未匹配
,未匹配
,未匹配
,未匹配
,未匹配
,未匹配
,未匹配
,未匹配
,未匹配
,未匹配
,未匹配
,未匹配
,未匹配
,未匹配
,未匹配
,未匹配
,未匹配
,未匹配
,未匹配
,未匹配
,未匹配
,未匹配
,未匹配
,未匹配
,未匹配
,未匹配
,未匹配
,未匹配
,未匹配
,未匹配
,未匹配
,未匹配
,未匹配
,未匹配
,未匹配
,未匹配
,未匹配
,未匹配
,未匹配
,未匹配
,未匹配
,未匹配
,未匹配
,未匹配
,未匹配
,未匹配
,未匹配
,未匹配
,未匹配
,未匹配
,未匹配
,未匹配
,未匹配
,未匹配
,未匹配
,未匹配
,未匹配
,未匹配
,未匹配
,未匹配
,未匹配
,未匹配
,未匹配
,未匹配
,未匹配
,未匹配
,未匹配
,未匹配
,未匹配
,未匹配
,未匹配
,未匹配
,未匹配
,未匹配
,未匹配
,未匹配
,未匹配
,未匹配
,未匹配
,未匹配
,未匹配
,未匹配
,未匹配
,未匹配
,未匹配
,未匹配
,未匹配
,未匹配
,未匹配
,未匹配
,未匹配
,未匹配
,未匹配
,未匹配
,未匹配
,未匹配
,未匹配
,未匹配
,未匹配
,未匹配
,未匹配
,未匹配
,未匹配
,未匹配
,未匹配
,未匹配
,未匹配
,未匹配
,未匹配
,未匹配
,未匹配
,未匹配
,未匹配
,未匹配
,未匹配
,未匹配
,未匹配
,未匹配
,未匹配
,未匹配
,未匹配
,未匹配
,未匹配
,未匹配
,未匹配
,未匹配
,未匹配
,未匹配
,未匹配
,未匹配
,未匹配
,未匹配
,未匹配
,未匹配
,未匹配
,未匹配
,未匹配
,未匹配
,未匹配
,未匹配
,未匹配
,未匹配
,未匹配
,未匹配
,未匹配
,未匹配
,未匹配
,未匹配
,未匹配
,未匹配
,未匹配
,未匹配
,未匹配
,未匹配
,未匹配
,未匹配
,未匹配
,未匹配
,未匹配
,未匹配
,未匹配
,未匹配
,未匹配
,未匹配
,未匹配
,未匹配
,未匹配
,未匹配
,未匹配
,未匹配
,未匹配
,未匹配
,未匹配
,未匹配
,未匹配
,未匹配
,未匹配
,未匹配
,未匹配
,未匹配
,未匹配
,未匹配
,未匹配
,未匹配
,未匹配
,未匹配
,未匹配
,未匹配
,未匹配
,未匹配
,未匹配
,未匹配
,未匹配
,未匹配
,未匹配
,未匹配
,未匹配
,未匹配
,未匹配
,未匹配
,未匹配
,未匹配
,未匹配
,未匹配
,未匹配
,未匹配
,未匹配
,未匹配
,未匹配
,未匹配
,未匹配
,未匹配
,未匹配
,未匹配
,未匹配
,未匹配
,未匹配
,未匹配
,未匹配
,未匹配
,未匹配
,未匹配
,未匹配
,未匹配
,未匹配
,未匹配
,未匹配
,未匹配
,未匹配
,未匹配
,未匹配
,未匹配
,未匹配
,未匹配
,未匹配
,未匹配
,未匹配
,未匹配
,未匹配
,未匹配
,未匹配
,未匹配
,未匹配
,未匹配
,未匹配
,未匹配
,未匹配
,未匹配
,未匹配
,未匹配
,未匹配
,未匹配
,未匹配
,未匹配
,未匹配
,未匹配
,未匹配
,未匹配
,未匹配
,未匹配
,未匹配
,未匹配
,未匹配
,未匹配
,未匹配
,未匹配
,未匹配
,未匹配
,未匹配
,未匹配
,未匹配
,未匹配
,未匹配
,未匹配
,未匹配
,未匹配
,未匹配
,未匹配
,未匹配
,未匹配
,未匹配
,未匹配
,未匹配
,未匹配
,未匹配
,未匹配
,未匹配
,未匹配
,未匹配
,未匹配
,未匹配
,未匹配
,未匹配
,未匹配
,未匹配
,未匹配
,未匹配
,未匹配
,未匹配
,未匹配
,未匹配
,未匹配
,未匹配
,未匹配
,未匹配
,未匹配
,未匹配
,未匹配
,未匹配
,未匹配
,未匹配
,未匹配
,未匹配
,未匹配
,未匹配
,未匹配
,未匹配
,未匹配
,未匹配
,未匹配
,未匹配
,未匹配
,未匹配
,未匹配
,未匹配
,未匹配
,未匹配
,未匹配
,未匹配
,未匹配
,未匹配
,未匹配
,未匹配
,未匹配
,未匹配
,未匹配
,未匹配
,未匹配
,未匹配
,未匹配
,未匹配
,未匹配
,未匹配
,未匹配
,未匹配
,未匹配
,未匹配
,未匹配
,未匹配
,未匹配
,未匹配
,未匹配
,未匹配
,未匹配
,未匹配
,未匹配
,未匹配
,未匹配
,未匹配
,未匹配
,未匹配
,未匹配
,未匹配
,未匹配
,未匹配
,未匹配
,未匹配
,未匹配
,未匹配
,未匹配
,未匹配
,未匹配
,未匹配
,未匹配
,未匹配
,未匹配
,未匹配
,未匹配
,未匹配
,未匹配
,未匹配
,未匹配
,未匹配
,未匹配
,未匹配
,未匹配
,未匹配
,未匹配
,未匹配
,未匹配
,未匹配
,未匹配
,未匹配
,未匹配
,未匹配
,未匹配
,未匹配
,未匹配
,未匹配
,未匹配
,未匹配
,未匹配
,未匹配
,未匹配
,未匹配
,未匹配
,未匹配
,未匹配
,未匹配
,未匹配
,未匹配
,未匹配
,未匹配
,未匹配
,未匹配
,未匹配
,未匹配
,未匹配
,未匹配
,未匹配
,未匹配
,未匹配
,未匹配
,未匹配
,未匹配
,未匹配
,未匹配
,未匹配
,未匹配
,未匹配
,未匹配
,未匹配
,未匹配
,未匹配
,未匹配
,未匹配
,未匹配
,未匹配
,未匹配
,未匹配
,未匹配
,未匹配
,未匹配
,未匹配
,未匹配
,未匹配
,未匹配
,未匹配
,未匹配
,未匹配
,未匹配
,未匹配
,未匹配
,未匹配
,未匹配
,未匹配
,未匹配
,未匹配
,未匹配
,未匹配
,未匹配
,未匹配
,未匹配
,未匹配
,未匹配
,未匹配
,未匹配
,未匹配
,未匹配
,未匹配
,未匹配
,未匹配
,未匹配
,未匹配
,未匹配
,未匹配
,未匹配
,未匹配
,未匹配
,未匹配
,未匹配
,未匹配
,未匹配
,未匹配
,未匹配
,未匹配
,未匹配
,未匹配
,未匹配
,未匹配
,未匹配
,未匹配
,未匹配
,未匹配
,未匹配
,未匹配
,未匹配
,未匹配
,未匹配
,未匹配
,未匹配
,未匹配
,未匹配
,未匹配
,未匹配
,未匹配
,未匹配
,未匹配
,未匹配
,未匹配
,未匹配
,未匹配
,未匹配
,未匹配
,未匹配
,未匹配
,未匹配
,未匹配
,未匹配
,未匹配
,未匹配
,未匹配
,未匹配
,未匹配
,未匹配
,未匹配
,未匹配
,未匹配
,未匹配
,未匹配
,未匹配
,未匹配
,未匹配
,未匹配
,未匹配
,未匹配
,未匹配
,未匹配
,未匹配
,未匹配
,未匹配
,未匹配
,未匹配
,未匹配
,未匹配
,未匹配
,未匹配
,未匹配
,未匹配
,未匹配
,未匹配
,未匹配
,未匹配
,未匹配
,未匹配
,未匹配
,未匹配
,未匹配
,未匹配
,未匹配
,未匹配
,未匹配
,未匹配
,未匹配
,未匹配
,未匹配
,未匹配
,未匹配
,未匹配
,未匹配
,未匹配
,未匹配
,未匹配
,未匹配
,未匹配
,未匹配
,未匹配
,未匹配
,未匹配
,未匹配
,未匹配
,未匹配
,未匹配
,未匹配
,未匹配
,未匹配
,未匹配
,未匹配
,未匹配
,未匹配
,未匹配
,未匹配
,未匹配
,未匹配
,未匹配
,未匹配
,未匹配
,未匹配
,未匹配
,未匹配
,未匹配
,未匹配
,未匹配
,未匹配
,未匹配
,未匹配
,未匹配
,未匹配
,未匹配
,未匹配
,未匹配
,未匹配
,未匹配
,未匹配
,未匹配
,未匹配
,未匹配
,未匹配
,未匹配
,未匹配
,未匹配
,未匹配
,未匹配
,未匹配
,未匹配
,未匹配
,未匹配
,未匹配
,未匹配
,未匹配
,未匹配
,未匹配
,未匹配
,未匹配
,未匹配
,未匹配
,未匹配
,未匹配
,未匹配
,未匹配
,未匹配
,未匹配
,未匹配
,未匹配
,未匹配
,未匹配
,未匹配
,未匹配
,未匹配
,未匹配
,未匹配
,未匹配
,未匹配
,未匹配
,未匹配
,未匹配
,未匹配
,未匹配
,未匹配
,未匹配
,未匹配
,未匹配
,未匹配
,未匹配
,未匹配
,未匹配
,未匹配
,未匹配
,未匹配
,未匹配
,未匹配
,未匹配
,未匹配
,未匹配
,未匹配
,未匹配
,未匹配
,未匹配
,未匹配
,未匹配
,未匹配
,未匹配
,未匹配
,未匹配
,未匹配
,未匹配
,未匹配
,未匹配
,未匹配
,未匹配
,未匹配
,未匹配
,未匹配
,未匹配
,未匹配
,未匹配
,未匹配
,未匹配
,未匹配
,未匹配
,未匹配
,未匹配
,未匹配
,未匹配
,未匹配
,未匹配
,未匹配
,未匹配
,未匹配
,未匹配
,未匹配
,未匹配
,未匹配
,未匹配
,未匹配
,未匹配
,未匹配
,未匹配
,未匹配
,未匹配
,未匹配
,未匹配
,未匹配
,未匹配
,未匹配
,未匹配
,未匹配
,未匹配
,未匹配
,未匹配
,未匹配
,未匹配
,未匹配
,未匹配
,未匹配
,未匹配
,未匹配
,未匹配
,未匹配
,未匹配
,未匹配
,未匹配
,未匹配
,未匹配
,未匹配
,未匹配
,未匹配
,未匹配
,未匹配
,未匹配
,未匹配
,未匹配
,未匹配
,未匹配
,未匹配
,未匹配
,未匹配
,未匹配
,未匹配
,未匹配
,未匹配
,未匹配
,未匹配
,未匹配
,未匹配
,未匹配
,未匹配
,未匹配
,未匹配
,未匹配
,未匹配
,未匹配
,未匹配
,未匹配
,未匹配
,未匹配
,未匹配
,未匹配
,未匹配
,未匹配
,未匹配
,未匹配
,未匹配
,未匹配
,未匹配
,未匹配
,未匹配
,未匹配
,未匹配
,未匹配
,未匹配
,未匹配
,未匹配
,未匹配
,未匹配
,未匹配
,未匹配
,未匹配
,未匹配
,未匹配
,未匹配
,未匹配
,未匹配
,未匹配
,未匹配
,未匹配
,未匹配
,未匹配
,未匹配
,未匹配
,未匹配
,未匹配
,未匹配
,未匹配
,未匹配
,未匹配
,未匹配
,未匹配
,未匹配
,未匹配
,未匹配
,未匹配
,未匹配
,未匹配
,未匹配
,未匹配
,未匹配
,未匹配
,未匹配
,未匹配
,未匹配
,未匹配
,未匹配
,未匹配
,未匹配
,未匹配
,未匹配
,未匹配
,未匹配
,未匹配
,未匹配
,未匹配
,未匹配
,未匹配
,未匹配
,未匹配
,未匹配
,未匹配
,未匹配
,未匹配
,未匹配
,未匹配
,未匹配
,未匹配
,未匹配
,未匹配
,未匹配
,未匹配
,未匹配
,未匹配
,未匹配
,未匹配
,未匹配
,未匹配
,未匹配
,未匹配
,未匹配
,未匹配
,未匹配
,未匹配
,未匹配
,未匹配
,未匹配
,未匹配
,未匹配
,未匹配
,未匹配
,未匹配
,未匹配
,未匹配
,未匹配
,未匹配
,未匹配
,未匹配
,未匹配
,未匹配
,未匹配
,未匹配
,未匹配
,未匹配
,未匹配
,未匹配
,未匹配
,未匹配
,未匹配
,未匹配
,未匹配
,未匹配
,未匹配
,未匹配
,未匹配
,未匹配
,未匹配
,未匹配
,未匹配
,未匹配
,未匹配
,未匹配
,未匹配
,未匹配
,未匹配
,未匹配
,未匹配
,未匹配
,未匹配
,未匹配
,未匹配
,未匹配
,未匹配
,未匹配
,未匹配
,未匹配
,未匹配
,未匹配
,未匹配
,未匹配
,未匹配
,未匹配
,未匹配
,未匹配
,未匹配
,未匹配
,未匹配
,未匹配
,未匹配
,未匹配
,未匹配
,未匹配
,未匹配
,未匹配
,未匹配
,未匹配
,未匹配
,未匹配
,未匹配
,未匹配
,未匹配
,未匹配
,未匹配
,未匹配
,未匹配
,未匹配
,未匹配
,未匹配
,未匹配
,未匹配
,未匹配
,未匹配
,未匹配
,未匹配
,未匹配
,未匹配
,未匹配
,未匹配
,未匹配
,未匹配
,未匹配
,未匹配
,未匹配
,未匹配
,未匹配
,未匹配
,未匹配
,未匹配
,未匹配
,未匹配
,未匹配
,未匹配
,未匹配
,未匹配
,未匹配
,未匹配
,未匹配
,未匹配
,未匹配
,未匹配
,未匹配
,未匹配
,未匹配
,未匹配
,未匹配
,未匹配
,未匹配
,未匹配
,未匹配
,未匹配
,未匹配
,未匹配
,未匹配
,未匹配
,未匹配
,未匹配
,未匹配
,未匹配
,未匹配
,未匹配
,未匹配
,未匹配
,未匹配
,未匹配
,未匹配
,未匹配
,未匹配
,未匹配
,未匹配
,未匹配
,未匹配
,未匹配
,未匹配
,未匹配
,未匹配
,未匹配
,未匹配
,未匹配
,未匹配
,未匹配
,未匹配
,未匹配
,未匹配
,未匹配
,未匹配
,未匹配
,未匹配
,未匹配
,未匹配
,未匹配
,未匹配
,未匹配
,未匹配
,未匹配
,未匹配
,未匹配
,未匹配
,未匹配
,未匹配
,未匹配
,未匹配
,未匹配
,未匹配
,未匹配
,未匹配
,未匹配
,未匹配
,未匹配
,未匹配
,未匹配
,未匹配
,未匹配
,未匹配
,未匹配
,未匹配
,未匹配
,未匹配
,未匹配
,未匹配
,未匹配
,未匹配
,未匹配
,未匹配
,未匹配
,未匹配
,未匹配
,未匹配
,未匹配
,未匹配
,未匹配
,未匹配
,未匹配
,未匹配
,未匹配
,未匹配
,未匹配
,未匹配
,未匹配
,未匹配
,未匹配
,未匹配
,未匹配
,未匹配
,未匹配
,未匹配
,未匹配
,未匹配
,未匹配
,未匹配
,未匹配
,未匹配
,未匹配
,未匹配
,未匹配
,未匹配
,未匹配
,未匹配
,未匹配
,未匹配
,未匹配
,未匹配
,未匹配
,未匹配
,未匹配
,未匹配
,未匹配
,未匹配
,未匹配
,未匹配
,未匹配
,未匹配
,未匹配
,未匹配
,未匹配
,未匹配
,未匹配
,未匹配
,未匹配
,未匹配
,未匹配
,未匹配
,未匹配
,未匹配
,未匹配
,未匹配
,未匹配
,未匹配
,未匹配
,未匹配
,未匹配
,未匹配
,未匹配
,未匹配
,未匹配
,未匹配
,未匹配
,未匹配
,未匹配
,未匹配
,未匹配
,未匹配
,未匹配
,未匹配
,未匹配
,未匹配
,未匹配
,未匹配
,未匹配
,未匹配
,未匹配
,未匹配
,未匹配
,未匹配
,未匹配
,未匹配
,未匹配
,未匹配
,未匹配
,未匹配
,未匹配
,未匹配
,未匹配
,未匹配
,未匹配
,未匹配
,未匹配
,未匹配
,未匹配
,未匹配
,未匹配
,未匹配
,未匹配
,未匹配
,未匹配
,未匹配
,未匹配
,未匹配
,未匹配
,未匹配
,未匹配
,未匹配
,未匹配
,未匹配
,未匹配
,未匹配
,未匹配
,未匹配
,未匹配
,未匹配
,未匹配
,未匹配
,未匹配
,未匹配
,未匹配
,未匹配
,未匹配
,未匹配
,未匹配
,未匹配
,未匹配
,未匹配
,未匹配
,未匹配
,未匹配
,未匹配
,未匹配
,未匹配
,未匹配
,未匹配
,未匹配
,未匹配
,未匹配
,未匹配
,未匹配
,未匹配
,未匹配
,未匹配
,未匹配
,未匹配
,未匹配
,未匹配
,未匹配
,未匹配
,未匹配
,未匹配
,未匹配
,未匹配
,未匹配
,未匹配
,未匹配
,未匹配
,未匹配
,未匹配
,未匹配
,未匹配
,未匹配
,未匹配
,未匹配
,未匹配
,未匹配
,未匹配
,未匹配
,未匹配
,未匹配
,未匹配
,未匹配
,未匹配
,未匹配
,未匹配
,未匹配
,未匹配
,未匹配
,未匹配
,未匹配
,未匹配
,未匹配
,未匹配
,未匹配
,未匹配
,未匹配
,未匹配
,未匹配
,未匹配
,未匹配
,未匹配
,未匹配
,未匹配
,未匹配
,未匹配
,未匹配
,未匹配
,未匹配
,未匹配
,未匹配
,未匹配
,未匹配
,未匹配
,未匹配
,未匹配
,未匹配
,未匹配
,未匹配
,未匹配
,未匹配
,未匹配
,未匹配
,未匹配
,未匹配
,未匹配
,未匹配
,未匹配
,未匹配
,未匹配
,未匹配
,未匹配
,未匹配
,未匹配
,未匹配
,未匹配
,未匹配
,未匹配
,未匹配
,未匹配
,未匹配
,未匹配
,未匹配
,未匹配
,未匹配
,未匹配
,未匹配
,未匹配
,未匹配
,未匹配
,未匹配
,未匹配
,未匹配
,未匹配
,未匹配
,未匹配
,未匹配
,未匹配
,未匹配
,未匹配
,未匹配
,未匹配
,未匹配
,未匹配
,未匹配
,未匹配
,未匹配
,未匹配
,未匹配
,未匹配
,未匹配
,未匹配
,未匹配
,未匹配
,未匹配
,未匹配
,未匹配
,未匹配
,未匹配
,未匹配
,未匹配
,未匹配
,未匹配
,未匹配
,未匹配
,未匹配
,未匹配
,未匹配
,未匹配
,未匹配
,未匹配
,未匹配
,未匹配
,未匹配
,未匹配
,未匹配
,未匹配
,未匹配
,未匹配
,未匹配
,未匹配
,未匹配
,未匹配
,未匹配
,未匹配
,未匹配
,未匹配
,未匹配
,未匹配
,未匹配
,未匹配
,未匹配
,未匹配
,未匹配
,未匹配
,未匹配
,未匹配
,未匹配
,未匹配
,未匹配
,未匹配
,未匹配
,未匹配
,未匹配
,未匹配
,未匹配
,未匹配
,未匹配
,未匹配
,未匹配
,未匹配
,未匹配
,未匹配
,未匹配
,未匹配
,未匹配
,未匹配
,未匹配
,未匹配
,未匹配
,未匹配
,未匹配
,未匹配
,未匹配
,未匹配
,未匹配
,未匹配
,未匹配
,未匹配
,未匹配
,未匹配
,未匹配
,未匹配
,未匹配
,未匹配
,未匹配
,未匹配
,未匹配
,未匹配
,未匹配
,未匹配
,未匹配
,未匹配
,未匹配
,未匹配
,未匹配
,未匹配
,未匹配
,未匹配
,未匹配
,未匹配
,未匹配
,未匹配
,未匹配
,未匹配
,未匹配
,未匹配
,未匹配
,未匹配
,未匹配
,未匹配
,未匹配
,未匹配
,未匹配
,未匹配
,未匹配
,未匹配
,未匹配
,未匹配
,未匹配
,未匹配
,未匹配
,未匹配
,未匹配
,未匹配
,未匹配
,未匹配
,未匹配
,未匹配
,未匹配
,未匹配
,未匹配
,未匹配
,未匹配
,未匹配
,未匹配
,未匹配
,未匹配
,未匹配
,未匹配
,未匹配
,未匹配
,未匹配
,未匹配
,未匹配
,未匹配
,未匹配
,未匹配
,未匹配
,未匹配
,未匹配
,未匹配
,未匹配
,未匹配
,未匹配
,未匹配
,未匹配
,未匹配
,未匹配
,未匹配
,未匹配
,未匹配
,未匹配
,未匹配
,未匹配
,未匹配
,未匹配
,未匹配
,未匹配
,未匹配
,未匹配
,未匹配
,未匹配
,未匹配
,未匹配
,未匹配
,未匹配
,未匹配
,未匹配
,未匹配
,未匹配
,未匹配
,未匹配
,未匹配
,未匹配
,未匹配
,未匹配
,未匹配
,未匹配
,未匹配
,未匹配
,未匹配
,未匹配
,未匹配
,未匹配
,未匹配
,未匹配
,未匹配
,未匹配
,未匹配
,未匹配
,未匹配
,未匹配
,未匹配
,未匹配
,未匹配
,未匹配
,未匹配
,未匹配
,未匹配
,未匹配
,未匹配
,未匹配
,未匹配
,未匹配
,未匹配
,未匹配
,未匹配
,未匹配
,未匹配
,未匹配
,未匹配
,未匹配
,未匹配
,未匹配
,未匹配
,未匹配
,未匹配
,未匹配
,未匹配
,未匹配
,未匹配
,未匹配
,未匹配
,未匹配
,未匹配
,未匹配
,未匹配
,未匹配
,未匹配
,未匹配
,未匹配
,未匹配
,未匹配
,未匹配
,未匹配
,未匹配
,未匹配
,未匹配
,未匹配
,未匹配
,未匹配
,未匹配
,未匹配
,未匹配
,未匹配
,未匹配
,未匹配
,未匹配
,未匹配
,未匹配
,未匹配
,未匹配
,未匹配
,未匹配
,未匹配
,未匹配
,未匹配
,未匹配
,未匹配
,未匹配
,未匹配
,未匹配
,未匹配
,未匹配
,未匹配
,未匹配
,未匹配
,未匹配
,未匹配
,未匹配
,未匹配
,未匹配
,未匹配
,未匹配
,未匹配
,未匹配
,未匹配
,未匹配
,未匹配
,未匹配
,未匹配
,未匹配
,未匹配
,未匹配
,未匹配
,未匹配
,未匹配
,未匹配
,未匹配
,未匹配
,未匹配
,未匹配
,未匹配
,未匹配
,未匹配
,未匹配
,未匹配
,未匹配
,未匹配
,未匹配
,未匹配
,未匹配
,未匹配
,未匹配
,未匹配
,未匹配
,未匹配
,未匹配
,未匹配
,未匹配
,未匹配
,未匹配
,未匹配
,未匹配
,未匹配
,未匹配
,未匹配
,未匹配
,未匹配
,未匹配
,未匹配
,未匹配
,未匹配
,未匹配
,未匹配
,未匹配
,未匹配
,未匹配
,未匹配
,未匹配
,未匹配
,未匹配
,未匹配
,未匹配
,未匹配
,未匹配
,未匹配
,未匹配
,未匹配
,未匹配
,未匹配
,未匹配
,未匹配
,未匹配
,未匹配
,未匹配
,未匹配
,未匹配
,未匹配
,未匹配
,未匹配
,未匹配
,未匹配
,未匹配
,未匹配
,未匹配
,未匹配
,未匹配
,未匹配
,未匹配
,未匹配
,未匹配
,未匹配
,未匹配
,未匹配
,未匹配
,未匹配
,未匹配
,未匹配
,未匹配
,未匹配
,未匹配
,未匹配
,未匹配
,未匹配
,未匹配
,未匹配
,未匹配
,未匹配
,未匹配
,未匹配
,未匹配
,未匹配
,未匹配
,未匹配
,未匹配
,未匹配
,未匹配
,未匹配
,未匹配
,未匹配
,未匹配
,未匹配
,未匹配
,未匹配
,未匹配
,未匹配
,未匹配
,未匹配
,未匹配
,未匹配
,未匹配
,未匹配
,未匹配
,未匹配
,未匹配
,未匹配
,未匹配
,未匹配
,未匹配
,未匹配
,未匹配
,未匹配
,未匹配
,未匹配
,未匹配
,未匹配
,未匹配
,未匹配
,未匹配
,未匹配
,未匹配
,未匹配
,未匹配
,未匹配
,未匹配
,未匹配
,未匹配
,未匹配
,未匹配
,未匹配
,未匹配
,未匹配
,未匹配
,未匹配
,未匹配
,未匹配
,未匹配
,未匹配
,未匹配
,未匹配
,未匹配
,未匹配
,未匹配
,未匹配
,未匹配
,未匹配
,未匹配
,未匹配
,未匹配
,未匹配
,未匹配
,未匹配
,未匹配
,未匹配
,未匹配
,未匹配
,未匹配
,未匹配
,未匹配
,未匹配
,未匹配
,未匹配
,未匹配
,未匹配
,未匹配
,未匹配
,未匹配
,未匹配
,未匹配
,未匹配
,未匹配
,未匹配
,未匹配
,未匹配
,未匹配
,未匹配
,未匹配
,未匹配
,未匹配
,未匹配
,未匹配
,未匹配
,未匹配
,未匹配
,未匹配
,未匹配
,未匹配
,未匹配
,未匹配
,未匹配
,未匹配
,未匹配
,未匹配
,未匹配
,未匹配
,未匹配
,未匹配
,未匹配
,未匹配
,未匹配
,未匹配
,未匹配
,未匹配
,未匹配
,未匹配
,未匹配
,未匹配
,未匹配
,未匹配
,未匹配
,未匹配
,未匹配
,未匹配
,未匹配
,未匹配
,未匹配
,未匹配
,未匹配
,未匹配
,未匹配
,未匹配
,未匹配
,未匹配
,未匹配
,未匹配
,未匹配
,未匹配
,未匹配
,未匹配
,未匹配
,未匹配
,未匹配
,未匹配
,未匹配
,未匹配
,未匹配
,未匹配
,未匹配
,未匹配
,未匹配
,未匹配
,未匹配
,未匹配
,未匹配
,未匹配
,未匹配
,未匹配
,未匹配
,未匹配
,未匹配
,未匹配
,未匹配
,未匹配
,未匹配
,未匹配
,未匹配
,未匹配
,未匹配
,未匹配
,未匹配
,未匹配
,未匹配
,未匹配
,未匹配
,未匹配
,未匹配
,未匹配
,未匹配
,未匹配
,未匹配
,未匹配
,未匹配
,未匹配
,未匹配
,未匹配
,未匹配
,未匹配
,未匹配
,未匹配
,未匹配
,未匹配
,未匹配
,未匹配
,未匹配
,未匹配
,未匹配
,未匹配
,未匹配
,未匹配
,未匹配
,未匹配
,未匹配
,未匹配
,未匹配
,未匹配
,未匹配
,未匹配
,未匹配
,未匹配
,未匹配
,未匹配
,未匹配
,未匹配
,未匹配
,未匹配
,未匹配
,未匹配
,未匹配
,未匹配
,未匹配
,未匹配
,未匹配
,未匹配
,未匹配
,未匹配
,未匹配
,未匹配
,未匹配
,未匹配
,未匹配
,未匹配
,未匹配
,未匹配
,未匹配
,未匹配
,未匹配
,未匹配
,未匹配
,未匹配
,未匹配
,未匹配
,未匹配
,未匹配
,未匹配
,未匹配
,未匹配
,未匹配
,未匹配
,未匹配
,未匹配
,未匹配
,未匹配
,未匹配
,未匹配
,未匹配
,未匹配
,未匹配
,未匹配
,未匹配
,未匹配
,未匹配
,未匹配
,未匹配
,未匹配
,未匹配
,未匹配
,未匹配
,未匹配
,未匹配
,未匹配
,未匹配
,未匹配
,未匹配
,未匹配
,未匹配
,未匹配
,未匹配
,未匹配
,未匹配
,未匹配
,未匹配
,未匹配
,未匹配
,未匹配
,未匹配
,未匹配
,未匹配
,未匹配
,未匹配
,未匹配
,未匹配
,未匹配
,未匹配
,未匹配
,未匹配
,未匹配
,未匹配
,未匹配
,未匹配
,未匹配
,未匹配
,未匹配
,未匹配
,未匹配
,未匹配
,未匹配
,未匹配
,未匹配
,未匹配
,未匹配
,未匹配
,未匹配
,未匹配
,未匹配
,未匹配
,未匹配
,未匹配
,未匹配
,未匹配
,未匹配
,未匹配
,未匹配
,未匹配
,未匹配
,未匹配
,未匹配
,未匹配
,未匹配
,未匹配
,未匹配
,未匹配
,未匹配
,未匹配
,未匹配
,未匹配
,未匹配
,未匹配
,未匹配
,未匹配
,未匹配
,未匹配
,未匹配
,未匹配
,未匹配
,未匹配
,未匹配
,未匹配
,未匹配
,未匹配
,未匹配
,未匹配
,未匹配
,未匹配
,未匹配
,未匹配
,未匹配
,未匹配
,未匹配
,未匹配
,未匹配
,未匹配
,未匹配
,未匹配
,未匹配
,未匹配
,未匹配
,未匹配
,未匹配
,未匹配
,未匹配
,未匹配
,未匹配
,未匹配
,未匹配
,未匹配
,未匹配
,未匹配
,未匹配
,未匹配
,未匹配
,未匹配
,未匹配
,未匹配
,未匹配
,未匹配
,未匹配
,未匹配
,未匹配
,未匹配
,未匹配
,未匹配
,未匹配
,未匹配
,未匹配
,未匹配
,未匹配
,未匹配
,未匹配
,未匹配
,未匹配
,未匹配
,未匹配
,未匹配
,未匹配
,未匹配
,未匹配
,未匹配
,未匹配
,未匹配
,未匹配
,未匹配
,未匹配
,未匹配
,未匹配
,未匹配
,未匹配
,未匹配
,未匹配
,未匹配
,未匹配
,未匹配
,未匹配
,未匹配
,未匹配
,未匹配
,未匹配
,未匹配
,未匹配
,未匹配
,未匹配
,未匹配
,未匹配
,未匹配
,未匹配
,未匹配
,未匹配
,未匹配
,未匹配
,未匹配
,未匹配
,未匹配
,未匹配
,未匹配
,未匹配
,未匹配
,未匹配
,未匹配
,未匹配
,未匹配
,未匹配
,未匹配
,未匹配
,未匹配
,未匹配
,未匹配
,未匹配
,未匹配
,未匹配
,未匹配
,未匹配
,未匹配
,未匹配
,未匹配
,未匹配
,未匹配
,未匹配
,未匹配
,未匹配
,未匹配
,未匹配
,未匹配
,未匹配
,未匹配
,未匹配
,未匹配
,未匹配
,未匹配
,未匹配
,未匹配
,未匹配
,未匹配
,未匹配
,未匹配
,未匹配
,未匹配
,未匹配
,未匹配
,未匹配
,未匹配
,未匹配
,未匹配
,未匹配
,未匹配
,未匹配
,未匹配
,未匹配
,未匹配
,未匹配
,未匹配
,未匹配
,未匹配
,未匹配
,未匹配
,未匹配
,未匹配
,未匹配
,未匹配
,未匹配
,未匹配
,未匹配
,未匹配
,未匹配
,未匹配
,未匹配
,未匹配
,未匹配
,未匹配
,未匹配
,未匹配
,未匹配
,未匹配
,未匹配
,未匹配
,未匹配
,未匹配
,未匹配
,未匹配
,未匹配
,未匹配
,未匹配
,未匹配
,未匹配
,未匹配
,未匹配
,未匹配
,未匹配
,未匹配
,未匹配
,未匹配
,未匹配
,未匹配
,未匹配
,未匹配
,未匹配
,未匹配
,未匹配
,未匹配
,未匹配
,未匹配
,未匹配
,未匹配
,未匹配
,未匹配
,未匹配
,未匹配
,未匹配
,未匹配
,未匹配
,未匹配
,未匹配
,未匹配
,未匹配
,未匹配
,未匹配
,未匹配
,未匹配
,未匹配
,未匹配
,未匹配
,未匹配
,未匹配
,未匹配
,未匹配
,未匹配
,未匹配
,未匹配
,未匹配
,未匹配
,未匹配
,未匹配
,未匹配
,未匹配
,未匹配
,未匹配
,未匹配
,未匹配
,未匹配
,未匹配
,未匹配
,未匹配
,未匹配
,未匹配
,未匹配
,未匹配
,未匹配
,未匹配
,未匹配
,未匹配
,未匹配
,未匹配
,未匹配
,未匹配
,未匹配
,未匹配
,未匹配
,未匹配
,未匹配
,未匹配
,未匹配
,未匹配
,未匹配
,未匹配
,未匹配
,未匹配
,未匹配
,未匹配
,未匹配
,未匹配
,未匹配
,未匹配
,未匹配
,未匹配
,未匹配
,未匹配
,未匹配
,未匹配
,未匹配
,未匹配
,未匹配
,未匹配
,未匹配
,未匹配
,未匹配
,未匹配
,未匹配
,未匹配
,未匹配
,未匹配
,未匹配
,未匹配
,未匹配
,未匹配
,未匹配
,未匹配
,未匹配
,未匹配
,未匹配
,未匹配
,未匹配
,未匹配
,未匹配
,未匹配
,未匹配
,未匹配
,未匹配
,未匹配
,未匹配
,未匹配
,未匹配
,未匹配
,未匹配
,未匹配
,未匹配
,未匹配
,未匹配
,未匹配
,未匹配
,未匹配
,未匹配
,未匹配
,未匹配
,未匹配
,未匹配
,未匹配
,未匹配
,未匹配
,未匹配
,未匹配
,未匹配
,未匹配
,未匹配
,未匹配
,未匹配
,未匹配
,未匹配
,未匹配
,未匹配
,未匹配
,未匹配
,未匹配
,未匹配
,未匹配
,未匹配
,未匹配
,未匹配
,未匹配
,未匹配
,未匹配
,未匹配
,未匹配
,未匹配
,未匹配
,未匹配
,未匹配
,未匹配
,未匹配
,未匹配
,未匹配
,未匹配
,未匹配
,未匹配
,未匹配
,未匹配
,未匹配
,未匹配
,未匹配
,未匹配
,未匹配
,未匹配
,未匹配
,未匹配
,未匹配
,未匹配
,未匹配
,未匹配
,未匹配
,未匹配
,未匹配
,未匹配
,未匹配
,未匹配
,未匹配
,未匹配
,未匹配
,未匹配
,未匹配
,未匹配
,未匹配
,未匹配
,未匹配
,未匹配
,未匹配
,未匹配
,未匹配
,未匹配
,未匹配
,未匹配
,未匹配
,未匹配
,未匹配
,未匹配
,未匹配
,未匹配
,未匹配
,未匹配
,未匹配
,未匹配
,未匹配
,未匹配
,未匹配
,未匹配
,未匹配
,未匹配
,未匹配
,未匹配
,未匹配
,未匹配
,未匹配
,未匹配
,未匹配
,未匹配
,未匹配
,未匹配
,未匹配
,未匹配
,未匹配
,未匹配
,未匹配
,未匹配
,未匹配
,未匹配
,未匹配
,未匹配
,未匹配
,未匹配
,未匹配
,未匹配
,未匹配
,未匹配
,未匹配
,未匹配
,未匹配
,未匹配
,未匹配
,未匹配
,未匹配
,未匹配
,未匹配
,未匹配
,未匹配
,未匹配
,未匹配
,未匹配
,未匹配
,未匹配
,未匹配
,未匹配
,未匹配
,未匹配
,未匹配
,未匹配
,未匹配
,未匹配
,未匹配
,未匹配
,未匹配
,未匹配
,未匹配
,未匹配
,未匹配
,未匹配
,未匹配
,未匹配
,未匹配
,未匹配
,未匹配
,未匹配
,未匹配
,未匹配
,未匹配
,未匹配
,未匹配
,未匹配
,未匹配
,未匹配
,未匹配
,未匹配
,未匹配
,未匹配
,未匹配
,未匹配
,未匹配
,未匹配
,未匹配
,未匹配
,未匹配
,未匹配
,未匹配
,未匹配
,未匹配
,未匹配
,未匹配
,未匹配
,未匹配
,未匹配
,未匹配
,未匹配
,未匹配
,未匹配
,未匹配
,未匹配
,未匹配
,未匹配
,未匹配
,未匹配
,未匹配
,未匹配
,未匹配
,未匹配
,未匹配
,未匹配
,未匹配
,未匹配
,未匹配
,未匹配
,未匹配
,未匹配
,未匹配
,未匹配
,未匹配
,未匹配
,未匹配
,未匹配
,未匹配
,未匹配
,未匹配
,未匹配
,未匹配
,未匹配
,未匹配
,未匹配
,未匹配
,未匹配
,未匹配
,未匹配
,未匹配
,未匹配
,未匹配
,未匹配
,未匹配
,未匹配
,未匹配
,未匹配
,未匹配
,未匹配
,未匹配
,未匹配
,未匹配
,未匹配
,未匹配
,未匹配
,未匹配
,未匹配
,未匹配
,未匹配
,未匹配
,未匹配
,未匹配
,未匹配
,未匹配
,未匹配
,未匹配
,未匹配
,未匹配
,未匹配
,未匹配
,未匹配
,未匹配
,未匹配
,未匹配
,未匹配
,未匹配
,未匹配
,未匹配
,未匹配
,未匹配
,未匹配
,未匹配
,未匹配
,未匹配
,未匹配
,未匹配
,未匹配
,未匹配
,未匹配
,未匹配
,未匹配
,未匹配
,未匹配
,未匹配
,未匹配
,未匹配
,未匹配
,未匹配
,未匹配
,未匹配
,未匹配
,未匹配
,未匹配
,未匹配
,未匹配
,未匹配
,未匹配
,未匹配
,未匹配
,未匹配
,未匹配
,未匹配
,未匹配
,未匹配
,未匹配
,未匹配
,未匹配
,未匹配
,未匹配
,未匹配
,未匹配
,未匹配
,未匹配
,未匹配
,未匹配
,未匹配
,未匹配
,未匹配
,未匹配
,未匹配
,未匹配
,未匹配
,未匹配
,未匹配
,未匹配
,未匹配
,未匹配
,未匹配
,未匹配
,未匹配
,未匹配
,未匹配
,未匹配
,未匹配
,未匹配
,未匹配
,未匹配
,未匹配
,未匹配
,未匹配
,未匹配
,未匹配
,未匹配
,未匹配
,未匹配
,未匹配
,未匹配
,未匹配
,未匹配
,未匹配
,未匹配
,未匹配
,未匹配
,未匹配
,未匹配
,未匹配
,未匹配
,未匹配
,未匹配
,未匹配
,未匹配
,未匹配
,未匹配
,未匹配
,未匹配
,未匹配
,未匹配
,未匹配
,未匹配
,未匹配
,未匹配
,未匹配
,未匹配
,未匹配
,未匹配
,未匹配
,未匹配
,未匹配
,未匹配
,未匹配
,未匹配
,未匹配
,未匹配
,未匹配
,未匹配
,未匹配
,未匹配
,未匹配
,未匹配
,未匹配
,未匹配
,未匹配
,未匹配
,未匹配
,未匹配
,未匹配
,未匹配
,未匹配
,未匹配
,未匹配
,未匹配
,未匹配
,未匹配
,未匹配
,未匹配
,未匹配
,未匹配
,未匹配
,未匹配
,未匹配
,未匹配
,未匹配
,未匹配
,未匹配
,未匹配
,未匹配
,未匹配
,未匹配
,未匹配
,未匹配
,未匹配
,未匹配
,未匹配
,未匹配
,未匹配
,未匹配
,未匹配
,未匹配
,未匹配
,未匹配
,未匹配
,未匹配
,未匹配
,未匹配
,未匹配
,未匹配
,未匹配
,未匹配
,未匹配
,未匹配
,未匹配
,未匹配
,未匹配
,未匹配
,未匹配
,未匹配
,未匹配
,未匹配
,未匹配
,未匹配
,未匹配
,未匹配
,未匹配
,未匹配
,未匹配
,未匹配
,未匹配
,未匹配
,未匹配
,未匹配
,未匹配
,未匹配
,未匹配
,未匹配
,未匹配
,未匹配
,未匹配
,未匹配
,未匹配
,未匹配
,未匹配
,未匹配
,未匹配
,未匹配
,未匹配
,未匹配
,未匹配
,未匹配
,未匹配
,未匹配
,未匹配
,未匹配
,未匹配
,未匹配
,未匹配
,未匹配
,未匹配
,未匹配
,未匹配
,未匹配
,未匹配
,未匹配
,未匹配
,未匹配
,未匹配
,未匹配
,未匹配
,未匹配
,未匹配
,未匹配
,未匹配
,未匹配
,未匹配
,未匹配
,未匹配
,未匹配
,未匹配
,未匹配
,未匹配
,未匹配
,未匹配
,未匹配
,未匹配
,未匹配
,未匹配
,未匹配
,未匹配
,未匹配
,未匹配
,未匹配
,未匹配
,未匹配
,未匹配
,未匹配
,未匹配
,未匹配
,未匹配
,未匹配
,未匹配
,未匹配
,未匹配
,未匹配
,未匹配
,未匹配
,未匹配
,未匹配
,未匹配
,未匹配
,未匹配
,未匹配
,未匹配
,未匹配
,未匹配
,未匹配
,未匹配
,未匹配
,未匹配
,未匹配
,未匹配
,未匹配
,未匹配
,未匹配
,未匹配
,未匹配
,未匹配
,未匹配
,未匹配
,未匹配
,未匹配
,未匹配
,未匹配
,未匹配
,未匹配
,未匹配
,未匹配
,未匹配
,未匹配
,未匹配
,未匹配
,未匹配
,未匹配
,未匹配
,未匹配
,未匹配
,未匹配
,未匹配
,未匹配
,未匹配
,未匹配
,未匹配
,未匹配
,未匹配
,未匹配
,未匹配
,未匹配
,未匹配
,未匹配
,未匹配
,未匹配
,未匹配
,未匹配
,未匹配
,未匹配
,未匹配
,未匹配
,未匹配
,未匹配
,未匹配
,未匹配
,未匹配
,未匹配
,未匹配
,未匹配
,未匹配
,未匹配
,未匹配
,未匹配
,未匹配
,未匹配
,未匹配
,未匹配
,未匹配
,未匹配
,未匹配
,未匹配
,未匹配
,未匹配
,未匹配
,未匹配
,未匹配
,未匹配
,未匹配
,未匹配
,未匹配
,未匹配
,未匹配
,未匹配
,未匹配
,未匹配
,未匹配
,未匹配
,未匹配
,未匹配
,未匹配
,未匹配
,未匹配
,未匹配
,未匹配
,未匹配
,未匹配
,未匹配
,未匹配
,未匹配
,未匹配
,未匹配
,未匹配
,未匹配
,未匹配
,未匹配
,未匹配
,未匹配
,未匹配
,未匹配
,未匹配
,未匹配
,未匹配
,未匹配
,未匹配
,未匹配
,未匹配
,未匹配
,未匹配
,未匹配
,未匹配
,未匹配
,未匹配
,未匹配
,未匹配
,未匹配
,未匹配
,未匹配
,未匹配
,未匹配
,未匹配
,未匹配
,未匹配
,未匹配
,未匹配
,未匹配
,未匹配
,未匹配
,未匹配
,未匹配
,未匹配
,未匹配
,未匹配
,未匹配
,未匹配
,未匹配
,未匹配
,未匹配
,未匹配
,未匹配
,未匹配
,未匹配
,未匹配
,未匹配
,未匹配
,未匹配
,未匹配
,未匹配
,未匹配
,未匹配
,未匹配
,未匹配
,未匹配
,未匹配
,未匹配
,未匹配
,未匹配
,未匹配
,未匹配
,未匹配
,未匹配
,未匹配
,未匹配
,未匹配
,未匹配
,未匹配
,未匹配
,未匹配
,未匹配
,未匹配
,未匹配
,未匹配
,未匹配
,未匹配
,未匹配
,未匹配
,未匹配
,未匹配
,未匹配
,未匹配
,未匹配
,未匹配
,未匹配
,未匹配
,未匹配
,未匹配
,未匹配
,未匹配
,未匹配
,未匹配
,未匹配
,未匹配
,未匹配
,未匹配
,未匹配
,未匹配
,未匹配
,未匹配
,未匹配
,未匹配
,未匹配
,未匹配
,未匹配
,未匹配
,未匹配
,未匹配
,未匹配
,未匹配
,未匹配
,未匹配
,未匹配
,未匹配
,未匹配
,未匹配
,未匹配
,未匹配
,未匹配
,未匹配
,未匹配
,未匹配
,未匹配
,未匹配
,未匹配
,未匹配
,未匹配
,未匹配
,未匹配
,未匹配
,未匹配
,未匹配
,未匹配
,未匹配
,未匹配
,未匹配
,未匹配
,未匹配
,未匹配
,未匹配
,未匹配
,未匹配
,未匹配
,未匹配
,未匹配
,未匹配
,未匹配
,未匹配
,未匹配
,未匹配
,未匹配
,未匹配
,未匹配
,未匹配
,未匹配
,未匹配
,未匹配
,未匹配
,未匹配
,未匹配
,未匹配
,未匹配
,未匹配
,未匹配
,未匹配
,未匹配
,未匹配
,未匹配
,未匹配
,未匹配
,未匹配
,未匹配
,未匹配
,未匹配
,未匹配
,未匹配
,未匹配
,未匹配
,未匹配
,未匹配
,未匹配
,未匹配
,未匹配
,未匹配
,未匹配
,未匹配
,未匹配
,未匹配
,未匹配
,未匹配
,未匹配
,未匹配
,未匹配
,未匹配
,未匹配
,未匹配
,未匹配
,未匹配
,未匹配
,未匹配
,未匹配
,未匹配
,未匹配
,未匹配
,未匹配
,未匹配
,未匹配
,未匹配
,未匹配
,未匹配
,未匹配
,未匹配
,未匹配
,未匹配
,未匹配
,未匹配
,未匹配
,未匹配
,未匹配
,未匹配
,未匹配
,未匹配
,未匹配
,未匹配
,未匹配
,未匹配
,未匹配
,未匹配
,未匹配
,未匹配
,未匹配
,未匹配
,未匹配
,未匹配
,未匹配
,未匹配
,未匹配
,未匹配
,未匹配
,未匹配
,未匹配
,未匹配
,未匹配
,未匹配
,未匹配
,未匹配
,未匹配
,未匹配
,未匹配
,未匹配
,未匹配
,未匹配
,未匹配
,未匹配
,未匹配
,未匹配
,未匹配
,未匹配
,未匹配
,未匹配
,未匹配
,未匹配
,未匹配
,未匹配
,未匹配
,未匹配
,未匹配
,未匹配
,未匹配
,未匹配
,未匹配
,未匹配
,未匹配
,未匹配
,未匹配
,未匹配
,未匹配
,未匹配
,未匹配
,未匹配
,未匹配
,未匹配
,未匹配
,未匹配
,未匹配
,未匹配
,未匹配
,未匹配
,未匹配
,未匹配
,未匹配
,未匹配
,未匹配
,未匹配
,未匹配
,未匹配
,未匹配
,未匹配
,未匹配
,未匹配
,未匹配
,未匹配
,未匹配
,未匹配
,未匹配
,未匹配
,未匹配
,未匹配
,未匹配
,未匹配
,未匹配
,未匹配
,未匹配
,未匹配
,未匹配
,未匹配
,未匹配
,未匹配
,未匹配
,未匹配
,未匹配
,未匹配
,未匹配
,未匹配
,未匹配
,未匹配
,未匹配
,未匹配
,未匹配
,未匹配
,未匹配
,未匹配
,未匹配
,未匹配
,未匹配
,未匹配
,未匹配
,未匹配
,未匹配
,未匹配
,未匹配
,未匹配
,未匹配
,未匹配
,未匹配
,未匹配
,未匹配
,未匹配
,未匹配
,未匹配
,未匹配
,未匹配
,未匹配
,未匹配
,未匹配
,未匹配
,未匹配
,未匹配
,未匹配
,未匹配
,未匹配
,未匹配
,未匹配
,未匹配
,未匹配
,未匹配
,未匹配
,未匹配
,未匹配
,未匹配
,未匹配
,未匹配
,未匹配
,未匹配
,未匹配
,未匹配
,未匹配
,未匹配
,未匹配
,未匹配
,未匹配
,未匹配
,未匹配
,未匹配
,未匹配
,未匹配
,未匹配
,未匹配
,未匹配
,未匹配
,未匹配
,未匹配
,未匹配
,未匹配
,未匹配
,未匹配
,未匹配
,未匹配
,未匹配
,未匹配
,未匹配
,未匹配
,未匹配
,未匹配
,未匹配
,未匹配
,未匹配
,未匹配
,未匹配
,未匹配
,未匹配
,未匹配
,未匹配
,未匹配
,未匹配
,未匹配
,未匹配
,未匹配
,未匹配
,未匹配
,未匹配
,未匹配
,未匹配
,未匹配
,未匹配
,未匹配
,未匹配
,未匹配
,未匹配
,未匹配
,未匹配
,未匹配
,未匹配
,未匹配
,未匹配
,未匹配
,未匹配
,未匹配
,未匹配
,未匹配
,未匹配
,未匹配
,未匹配
,未匹配
,未匹配
,未匹配
,未匹配
,未匹配
,未匹配
,未匹配
,未匹配
,未匹配
,未匹配
,未匹配
,未匹配
,未匹配
,未匹配
,未匹配
,未匹配
,未匹配
,未匹配
,未匹配
,未匹配
,未匹配
,未匹配
,未匹配
,未匹配
,未匹配
,未匹配
,未匹配
,未匹配
,未匹配
,未匹配
,未匹配
,未匹配
,未匹配
,未匹配
,未匹配
,未匹配
,未匹配
,未匹配
,未匹配
,未匹配
,未匹配
,未匹配
,未匹配
,未匹配
,未匹配
,未匹配
,未匹配
,未匹配
,未匹配
,未匹配
,未匹配
,未匹配
,未匹配
,未匹配
,未匹配
,未匹配
,未匹配
,未匹配
,未匹配
,未匹配
,未匹配
,未匹配
,未匹配
,未匹配
,未匹配
,未匹配
,未匹配
,未匹配
,未匹配
,未匹配
,未匹配
,未匹配
,未匹配
,未匹配
,未匹配
,未匹配
,未匹配
,未匹配
,未匹配
,未匹配
,未匹配
,未匹配
,未匹配
,未匹配
,未匹配
,未匹配
,未匹配
,未匹配
,未匹配
,未匹配
,未匹配
,未匹配
,未匹配
,未匹配
,未匹配
,未匹配
,未匹配
,未匹配
,未匹配
,未匹配
,未匹配
,未匹配
,未匹配
,未匹配
,未匹配
,未匹配
,未匹配
,未匹配
,未匹配
,未匹配
,未匹配
,未匹配
,未匹配
,未匹配
,未匹配
,未匹配
,未匹配
,未匹配
,未匹配
,未匹配
,未匹配
,未匹配
,未匹配
,未匹配
,未匹配
,未匹配
,未匹配
,未匹配
,未匹配
,未匹配
,未匹配
,未匹配
,未匹配
,未匹配
,未匹配
,未匹配
,未匹配
,未匹配
,未匹配
,未匹配
,未匹配
,未匹配
,未匹配
,未匹配
,未匹配
,未匹配
,未匹配
,未匹配
,未匹配
,未匹配
,未匹配
,未匹配
,未匹配
,未匹配
,未匹配
,未匹配
,未匹配
,未匹配
,未匹配
,未匹配
,未匹配
,未匹配
,未匹配
,未匹配
,未匹配
,未匹配
,未匹配
,未匹配
,未匹配
,未匹配
,未匹配
,未匹配
,未匹配
,未匹配
,未匹配
,未匹配
,未匹配
,未匹配
,未匹配
,未匹配
,未匹配
,未匹配
,未匹配
,未匹配
,未匹配
,未匹配
,未匹配
,未匹配
,未匹配
,未匹配
,未匹配
,未匹配
,未匹配
,未匹配
,未匹配
,未匹配
,未匹配
,未匹配
,未匹配
,未匹配
,未匹配
,未匹配
,未匹配
,未匹配
,未匹配
,未匹配
,未匹配
,未匹配
,未匹配
,未匹配
,未匹配
,未匹配
,未匹配
,未匹配
,未匹配
,未匹配
,未匹配
,未匹配
,未匹配
,未匹配
,未匹配
,未匹配
,未匹配
,未匹配
,未匹配
,未匹配
,未匹配
,未匹配
,未匹配
,未匹配
,未匹配
,未匹配
,未匹配
,未匹配
,未匹配
,未匹配
,未匹配
,未匹配
,未匹配
,未匹配
,未匹配
,未匹配
,未匹配
,未匹配
,未匹配
,未匹配
,未匹配
,未匹配
,未匹配
,未匹配
,未匹配
,未匹配
,未匹配
,未匹配
,未匹配
,未匹配
,未匹配
,未匹配
,未匹配
,未匹配
,未匹配
,未匹配
,未匹配
,未匹配
,未匹配
,未匹配
,未匹配
,未匹配
,未匹配
,未匹配
,未匹配
,未匹配
,未匹配
,未匹配
,未匹配
,未匹配
,未匹配
,未匹配
,未匹配
,未匹配
,未匹配
,未匹配
,未匹配
,未匹配
,未匹配
,未匹配
,未匹配
,未匹配
,未匹配
,未匹配
,未匹配
,未匹配
,未匹配
,未匹配
,未匹配
,未匹配
,未匹配
,未匹配
,未匹配
,未匹配
,未匹配
,未匹配
,未匹配
,未匹配
,未匹配
,未匹配
,未匹配
,未匹配
,未匹配
,未匹配
,未匹配
,未匹配
,未匹配
,未匹配
,未匹配
,未匹配
,未匹配
,未匹配
,未匹配
,未匹配
,未匹配
,未匹配
,未匹配
,未匹配
,未匹配
,未匹配
,未匹配
,未匹配
,未匹配
,未匹配
,未匹配
,未匹配
,未匹配
,未匹配
,未匹配
,未匹配
,未匹配
,未匹配
,未匹配
,未匹配
,未匹配
,未匹配
,未匹配
,未匹配
,未匹配
,未匹配
,未匹配
,未匹配
,未匹配
,未匹配
,未匹配
,未匹配
,未匹配
,未匹配
,未匹配
,未匹配
,未匹配
,未匹配
,未匹配
,未匹配
,未匹配
,未匹配
,未匹配
,未匹配
,未匹配
,未匹配
,未匹配
,未匹配
,未匹配
,未匹配
,未匹配
,未匹配
,未匹配
,未匹配
,未匹配
,未匹配
,未匹配
,未匹配
,未匹配
,未匹配
,未匹配
,未匹配
,未匹配
,未匹配
,未匹配
,未匹配
,未匹配
,未匹配
,未匹配
,未匹配
,未匹配
,未匹配
,未匹配
,未匹配
,未匹配
,未匹配
,未匹配
,未匹配
,未匹配
,未匹配
,未匹配
,未匹配
,未匹配
,未匹配
,未匹配
,未匹配
,未匹配
,未匹配
,未匹配
,未匹配
,未匹配
,未匹配
,未匹配
,未匹配
,未匹配
,未匹配
,未匹配
,未匹配
,未匹配
,未匹配
,未匹配
,未匹配
,未匹配
,未匹配
,未匹配
,未匹配
,未匹配
,未匹配
,未匹配
,未匹配
,未匹配
,未匹配
,未匹配
,未匹配
,未匹配
,未匹配
,未匹配
,未匹配
,未匹配
,未匹配
,未匹配
,未匹配
,未匹配
,未匹配
,未匹配
,未匹配
,未匹配
,未匹配
,未匹配
,未匹配
,未匹配
,未匹配
,未匹配
,未匹配
,未匹配
,未匹配
,未匹配
,未匹配
,未匹配
,未匹配
,未匹配
,未匹配
,未匹配
,未匹配
,未匹配
,未匹配
,未匹配
,未匹配
,未匹配
,未匹配
,未匹配
,未匹配
,未匹配
,未匹配
,未匹配
,未匹配
,未匹配
,未匹配
,未匹配
,未匹配
,未匹配
,未匹配
,未匹配
,未匹配
,未匹配
,未匹配
,未匹配
,未匹配
,未匹配
,未匹配
,未匹配
,未匹配
,未匹配
,未匹配
,未匹配
,未匹配
,未匹配
,未匹配
,未匹配
,未匹配
,未匹配
,未匹配
,未匹配
,未匹配
,未匹配
,未匹配
,未匹配
,未匹配
,未匹配
,未匹配
,未匹配
,未匹配
,未匹配
,未匹配
,未匹配
,未匹配
,未匹配
,未匹配
,未匹配
,未匹配
,未匹配
,未匹配
,未匹配
,未匹配
,未匹配
,未匹配
,未匹配
,未匹配
,未匹配
,未匹配
,未匹配
,未匹配
,未匹配
,未匹配
,未匹配
,未匹配
,未匹配
,未匹配
,未匹配
,未匹配
,未匹配
,未匹配
,未匹配
,未匹配
,未匹配
,未匹配
,未匹配
,未匹配
,未匹配
,未匹配
,未匹配
,未匹配
,未匹配
,未匹配
,未匹配
,未匹配
,未匹配
,未匹配
,未匹配
,未匹配
,未匹配
,未匹配
,未匹配
,未匹配
,未匹配
,未匹配
,未匹配
,未匹配
,未匹配
,未匹配
,未匹配
,未匹配
,未匹配
,未匹配
,未匹配
,未匹配
,未匹配
,未匹配
,未匹配
,未匹配
,未匹配
,未匹配
,未匹配
,未匹配
,未匹配
,未匹配
,未匹配
,未匹配
,未匹配
,未匹配
,未匹配
,未匹配
,未匹配
,未匹配
,未匹配
,未匹配
,未匹配
,未匹配
,未匹配
,未匹配
,未匹配
,未匹配
,未匹配
,未匹配
,未匹配
,未匹配
,未匹配
,未匹配
,未匹配
,未匹配
,未匹配
,未匹配
,未匹配
,未匹配
,未匹配
,未匹配
,未匹配
,未匹配
,未匹配
,未匹配
,未匹配
,未匹配
,未匹配
,未匹配
,未匹配
,未匹配
,未匹配
,未匹配
,未匹配
,未匹配
,未匹配
,未匹配
,未匹配
,未匹配
,未匹配
,未匹配
,未匹配
,未匹配
,未匹配
,未匹配
,未匹配
,未匹配
,未匹配
,未匹配
,未匹配
,未匹配
,未匹配
,未匹配
,未匹配
,未匹配
,未匹配
,未匹配
,未匹配
,未匹配
,未匹配
,未匹配
,未匹配
,未匹配
,未匹配
,未匹配
,未匹配
,未匹配
,未匹配
,未匹配
,未匹配
,未匹配
,未匹配
,未匹配
,未匹配
,未匹配
,未匹配
,未匹配
,未匹配
,未匹配
,未匹配
,未匹配
,未匹配
,未匹配
,未匹配
,未匹配
,未匹配
,未匹配
,未匹配
,未匹配
,未匹配
,未匹配
,未匹配
,未匹配
,未匹配
,未匹配
,未匹配
,未匹配
,未匹配
,未匹配
,未匹配
,未匹配
,未匹配
,未匹配
,未匹配
,未匹配
,未匹配
,未匹配
,未匹配
,未匹配
,未匹配
,未匹配
,未匹配
,未匹配
,未匹配
,未匹配
,未匹配
,未匹配
,未匹配
,未匹配
,未匹配
,未匹配
,未匹配
,未匹配
,未匹配
,未匹配
,未匹配
,未匹配
,未匹配
,未匹配
,未匹配
,未匹配
,未匹配
,未匹配
,未匹配
,未匹配
,未匹配
,未匹配
,未匹配
,未匹配
,未匹配
,未匹配
,未匹配
,未匹配
,未匹配
,未匹配
,未匹配
,未匹配
,未匹配
,未匹配
,未匹配
,未匹配
,未匹配
,未匹配
,未匹配
,未匹配
,未匹配
,未匹配
,未匹配
,未匹配
,未匹配
,未匹配
,未匹配
,未匹配
,未匹配
,未匹配
,未匹配
,未匹配
,未匹配
,未匹配
,未匹配
,未匹配
,未匹配
,未匹配
,未匹配
,未匹配
,未匹配
,未匹配
,未匹配
,未匹配
,未匹配
,未匹配
,未匹配
,未匹配
,未匹配
,未匹配
,未匹配
,未匹配
,未匹配
,未匹配
,未匹配
,未匹配
,未匹配
,未匹配
,未匹配
,未匹配
,未匹配
,未匹配
,未匹配
,未匹配
,未匹配
,未匹配
,未匹配
,未匹配
,未匹配
,未匹配
,未匹配
,未匹配
,未匹配
,未匹配
,未匹配
,未匹配
,未匹配
,未匹配
,未匹配
,未匹配
,未匹配
,未匹配
,未匹配
,未匹配
,未匹配
,未匹配
,未匹配
,未匹配
,未匹配
,未匹配
,未匹配
,未匹配
,未匹配
,未匹配
,未匹配
,未匹配
,未匹配
,未匹配
,未匹配
,未匹配
,未匹配
,未匹配
,未匹配
,未匹配
,未匹配
,未匹配
,未匹配
,未匹配
,未匹配
,未匹配
,未匹配
,未匹配
,未匹配
,未匹配
,未匹配
,未匹配
,未匹配
,未匹配
,未匹配
,未匹配
,未匹配
,未匹配
,未匹配
,未匹配
,未匹配
,未匹配
,未匹配
,未匹配
,未匹配
,未匹配
,未匹配
,未匹配
,未匹配
,未匹配
,未匹配
,未匹配
,未匹配
,未匹配
,未匹配
,未匹配
,未匹配
,未匹配
,未匹配
,未匹配
,未匹配
,未匹配
,未匹配
,未匹配
,未匹配
,未匹配
,未匹配
,未匹配
,未匹配
,未匹配
,未匹配
,未匹配
,未匹配
,未匹配
,未匹配
,未匹配
,未匹配
,未匹配
,未匹配
,未匹配
,未匹配
,未匹配
,未匹配
,未匹配
,未匹配
,未匹配
,未匹配
,未匹配
,未匹配
,未匹配
,未匹配
,未匹配
,未匹配
,未匹配
,未匹配
,未匹配
,未匹配
,未匹配
,未匹配
,未匹配
,未匹配
,未匹配
,未匹配
,未匹配
,未匹配
,未匹配
,未匹配
,未匹配
,未匹配
,未匹配
,未匹配
,未匹配
,未匹配
,未匹配
,未匹配
,未匹配
,未匹配
,未匹配
,未匹配
,未匹配
,未匹配
,未匹配
,未匹配
,未匹配
,未匹配
,未匹配
,未匹配
,未匹配
,未匹配
,未匹配
,未匹配
,未匹配
,未匹配
,未匹配
,未匹配
,未匹配
,未匹配
,未匹配
,未匹配
,未匹配
,未匹配
,未匹配
,未匹配
,未匹配
,未匹配
,未匹配
,未匹配
,未匹配
,未匹配
,未匹配
,未匹配
,未匹配
,未匹配
,未匹配
,未匹配
,未匹配
,未匹配
,未匹配
,未匹配
,未匹配
,未匹配
,未匹配
,未匹配
,未匹配
,未匹配
,未匹配
,未匹配
,未匹配
,未匹配
,未匹配
,未匹配
,未匹配
,未匹配
,未匹配
,未匹配
,未匹配
,未匹配
,未匹配
,未匹配
,未匹配
,未匹配
,未匹配
,未匹配
,未匹配
,未匹配
,未匹配
,未匹配
,未匹配
,未匹配
,未匹配
,未匹配
,未匹配
,未匹配
,未匹配
,未匹配
,未匹配
,未匹配
,未匹配
,未匹配
,未匹配
,未匹配
,未匹配
,未匹配
,未匹配
,未匹配
,未匹配
,未匹配
,未匹配
,未匹配
,未匹配
,未匹配
,未匹配
,未匹配
,未匹配
,未匹配
,未匹配
,未匹配
,未匹配
,未匹配
,未匹配
,未匹配
,未匹配
,未匹配
,未匹配
,未匹配
,未匹配
,未匹配
,未匹配
,未匹配
,未匹配
,未匹配
,未匹配
,未匹配
,未匹配
,未匹配
,未匹配
,未匹配
,未匹配
,未匹配
,未匹配
,未匹配
,未匹配
,未匹配
,未匹配
,未匹配
,未匹配
,未匹配
,未匹配
,未匹配
,未匹配
,未匹配
,未匹配
,未匹配
,未匹配
,未匹配
,未匹配
,未匹配
,未匹配
,未匹配
,未匹配
,未匹配
,未匹配
,未匹配
,未匹配
,未匹配
,未匹配
,未匹配
,未匹配
,未匹配
,未匹配
,未匹配
,未匹配
,未匹配
,未匹配
,未匹配
,未匹配
,未匹配
,未匹配
,未匹配
,未匹配
,未匹配
,未匹配
,未匹配
,未匹配
,未匹配
,未匹配
,未匹配
,未匹配
,未匹配
,未匹配
,未匹配
,未匹配
,未匹配
,未匹配
,未匹配
,未匹配
,未匹配
,未匹配
,未匹配
,未匹配
,未匹配
,未匹配
,未匹配
,未匹配
,未匹配
,未匹配
,未匹配
,未匹配
,未匹配
,未匹配
,未匹配
,未匹配
,未匹配
,未匹配
,未匹配
,未匹配
,未匹配
,未匹配
,未匹配
,未匹配
,未匹配
,未匹配
,未匹配
,未匹配
,未匹配
,未匹配
,未匹配
,未匹配
,未匹配
,未匹配
,未匹配
,未匹配
,未匹配
,未匹配
,未匹配
,未匹配
,未匹配
,未匹配
,未匹配
,未匹配
,未匹配
,未匹配
,未匹配
,未匹配
,未匹配
,未匹配
,未匹配
,未匹配
,未匹配
,未匹配
,未匹配
,未匹配
,未匹配
,未匹配
,未匹配
,未匹配
,未匹配
,未匹配
,未匹配
,未匹配
,未匹配
,未匹配
,未匹配
,未匹配
,未匹配
,未匹配
,未匹配
,未匹配
,未匹配
,未匹配
,未匹配
,未匹配
,未匹配
,未匹配
,未匹配
,未匹配
,未匹配
,未匹配
,未匹配
,未匹配
,未匹配
,未匹配
,未匹配
,未匹配
,未匹配
,未匹配
,未匹配
,未匹配
,未匹配
,未匹配
,未匹配
,未匹配
,未匹配
,未匹配
,未匹配
,未匹配
,未匹配
,未匹配
,未匹配
,未匹配
,未匹配
,未匹配
,未匹配
,未匹配
,未匹配
,未匹配
,未匹配
,未匹配
,未匹配
,未匹配
,未匹配
,未匹配
,未匹配
,未匹配
,未匹配
,未匹配
,未匹配
,未匹配
,未匹配
,未匹配
,未匹配
,未匹配
,未匹配
,未匹配
,未匹配
,未匹配
,未匹配
,未匹配
,未匹配
,未匹配
,未匹配
,未匹配
,未匹配
,未匹配
,未匹配
,未匹配
,未匹配
,未匹配
,未匹配
,未匹配
,未匹配
,未匹配
,未匹配
,未匹配
,未匹配
,未匹配
,未匹配
,未匹配
,未匹配
,未匹配
,未匹配
,未匹配
,未匹配
,未匹配
,未匹配
,未匹配
,未匹配
,未匹配
,未匹配
,未匹配
,未匹配
,未匹配
,未匹配
,未匹配
,未匹配
,未匹配
,未匹配
,未匹配
,未匹配
,未匹配
,未匹配
,未匹配
,未匹配
,未匹配
,未匹配
,未匹配
,未匹配
,未匹配
,未匹配
,未匹配
,未匹配
,未匹配
,未匹配
,未匹配
,未匹配
,未匹配
,未匹配
,未匹配
,未匹配
,未匹配
,未匹配
,未匹配
,未匹配
,未匹配
,未匹配
,未匹配
,未匹配
,未匹配
,未匹配
,未匹配
,未匹配
,未匹配
,未匹配
,未匹配
,未匹配
,未匹配
,未匹配
,未匹配
,未匹配
,未匹配
,未匹配
,未匹配
,未匹配
,未匹配
,未匹配
,未匹配
,未匹配
,未匹配
,未匹配
,未匹配
,未匹配
,未匹配
,未匹配
,未匹配
,未匹配
,未匹配
,未匹配
,未匹配
,未匹配
,未匹配
,未匹配
,未匹配
,未匹配
,未匹配
,未匹配
,未匹配
,未匹配
,未匹配
,未匹配
,未匹配
,未匹配
,未匹配
,未匹配
,未匹配
,未匹配
,未匹配
,未匹配
,未匹配
,未匹配
,未匹配
,未匹配
,未匹配
,未匹配
,未匹配
,未匹配
,未匹配
,未匹配
,未匹配
,未匹配
,未匹配
,未匹配
,未匹配
,未匹配
,未匹配
,未匹配
,未匹配
,未匹配
,未匹配
,未匹配
,未匹配
,未匹配
,未匹配
,未匹配
,未匹配
,未匹配
,未匹配
,未匹配
,未匹配
,未匹配
,未匹配
,未匹配
,未匹配
,未匹配
,未匹配
,未匹配
,未匹配
,未匹配
,未匹配
,未匹配
,未匹配
,未匹配
,未匹配
,未匹配
,未匹配
,未匹配
,未匹配
,未匹配
,未匹配
,未匹配
,未匹配
,未匹配
,未匹配
,未匹配
,未匹配
,未匹配
,未匹配
,未匹配
,未匹配
,未匹配
,未匹配
,未匹配
,未匹配
,未匹配
,未匹配
,未匹配
,未匹配
,未匹配
,未匹配
,未匹配
,未匹配
,未匹配
,未匹配
,未匹配
,未匹配
,未匹配
,未匹配
,未匹配
,未匹配
,未匹配
,未匹配
,未匹配
,未匹配
,未匹配
,未匹配
,未匹配
,未匹配
,未匹配
,未匹配
,未匹配
,未匹配
,未匹配
,未匹配
,未匹配
,未匹配
,未匹配
,未匹配
,未匹配
,未匹配
,未匹配
,未匹配
,未匹配
,未匹配
,未匹配
,未匹配
,未匹配
,未匹配
,未匹配
,未匹配
,未匹配
,未匹配
,未匹配
,未匹配
,未匹配
,未匹配
,未匹配
,未匹配
,未匹配
,未匹配
,未匹配
,未匹配
,未匹配
,未匹配
,未匹配
,未匹配
,未匹配
,未匹配
,未匹配
,未匹配
,未匹配
,未匹配
,未匹配
,未匹配
,未匹配
,未匹配
,未匹配
,未匹配
,未匹配
,未匹配
,未匹配
,未匹配
,未匹配
,未匹配
,未匹配
,未匹配
,未匹配
,未匹配
,未匹配
,未匹配
,未匹配
,未匹配
,未匹配
,未匹配
,未匹配
,未匹配
,未匹配
,未匹配
,未匹配
,未匹配
,未匹配
,未匹配
,未匹配
,未匹配
,未匹配
,未匹配
,未匹配
,未匹配
,未匹配
,未匹配
,未匹配
,未匹配
,未匹配
,未匹配
,未匹配
,未匹配
,未匹配
,未匹配
,未匹配
,未匹配
,未匹配
,未匹配
,未匹配
,未匹配
,未匹配
,未匹配
,未匹配
,未匹配
,未匹配
,未匹配
,未匹配
,未匹配
,未匹配
,未匹配
,未匹配
,未匹配
,未匹配
,未匹配
,未匹配
,未匹配
,未匹配
,未匹配
,未匹配
,未匹配
,未匹配
,未匹配
,未匹配
,未匹配
,未匹配
,未匹配
,未匹配
,未匹配
,未匹配
,未匹配
,未匹配
,未匹配
,未匹配
,未匹配
,未匹配
,未匹配
,未匹配
,未匹配
,未匹配
,未匹配
,未匹配
,未匹配
,未匹配
,未匹配
,未匹配
,未匹配
,未匹配
,未匹配
,未匹配
,未匹配
,未匹配
,未匹配
,未匹配
,未匹配
,未匹配
,未匹配
,未匹配
,未匹配
,未匹配
,未匹配
,未匹配
,未匹配
,未匹配
,未匹配
,未匹配
,未匹配
,未匹配
,未匹配
,未匹配
,未匹配
,未匹配
,未匹配
,未匹配
,未匹配
,未匹配
,未匹配
,未匹配
,未匹配
,未匹配
,未匹配
,未匹配
,未匹配
,未匹配
,未匹配
,未匹配
,未匹配
,未匹配
,未匹配
,未匹配
,未匹配
,未匹配
,未匹配
,未匹配
,未匹配
,未匹配
,未匹配
,未匹配
,未匹配
,未匹配
,未匹配
,未匹配
,未匹配
,未匹配
,未匹配
,未匹配
,未匹配
,未匹配
,未匹配
,未匹配
,未匹配
,未匹配
,未匹配
,未匹配
,未匹配
,未匹配
,未匹配
,未匹配
,未匹配
,未匹配
,未匹配
,未匹配
,未匹配
,未匹配
,未匹配
,未匹配
,未匹配
,未匹配
,未匹配
,未匹配
,未匹配
,未匹配
,未匹配
,未匹配
,未匹配
,未匹配
,未匹配
,未匹配
,未匹配
,未匹配
,未匹配
,未匹配
,未匹配
,未匹配
,未匹配
,未匹配
,未匹配
,未匹配
,未匹配
,未匹配
,未匹配
,未匹配
,未匹配
,未匹配
,未匹配
,未匹配
,未匹配
,未匹配
,未匹配
,未匹配
,未匹配
,未匹配
,未匹配
,未匹配
,未匹配
,未匹配
,未匹配
,未匹配
,未匹配
,未匹配
,未匹配
,未匹配
,未匹配
,未匹配
,未匹配
,未匹配
,未匹配
,未匹配
,未匹配
,未匹配
,未匹配
,未匹配
,未匹配
,未匹配
,未匹配
,未匹配
,未匹配
,未匹配
,未匹配
,未匹配
,未匹配
,未匹配
,未匹配
,未匹配
,未匹配
,未匹配
,未匹配
,未匹配
,未匹配
,未匹配
,未匹配
,未匹配
,未匹配
,未匹配
,未匹配
,未匹配
,未匹配
,未匹配
,未匹配
,未匹配
,未匹配
,未匹配
,未匹配
,未匹配
,未匹配
,未匹配
,未匹配
,未匹配
,未匹配
,未匹配
,未匹配
,未匹配
,未匹配
,未匹配
,未匹配
,未匹配
,未匹配
,未匹配
,未匹配
,未匹配
,未匹配
,未匹配
,未匹配
,未匹配
,未匹配
,未匹配
,未匹配
,未匹配
,未匹配
,未匹配
,未匹配
,未匹配
,未匹配
,未匹配
,未匹配
,未匹配
,未匹配
,未匹配
,未匹配
,未匹配
,未匹配
,未匹配
,未匹配
,未匹配
,未匹配
,未匹配
,未匹配
,未匹配
,未匹配
,未匹配
,未匹配
,未匹配
,未匹配
,未匹配
,未匹配
,未匹配
,未匹配
,未匹配
,未匹配
,未匹配
,未匹配
,未匹配
,未匹配
,未匹配
,未匹配
,未匹配
,未匹配
,未匹配
,未匹配
,未匹配
,未匹配
,未匹配
,未匹配
,未匹配
,未匹配
,未匹配
,未匹配
,未匹配
,未匹配
,未匹配
,未匹配
,未匹配
,未匹配
,未匹配
,未匹配
,未匹配
,未匹配
,未匹配
,未匹配
,未匹配
,未匹配
,未匹配
,未匹配
,未匹配
,未匹配
,未匹配
,未匹配
,未匹配
,未匹配
,未匹配
,未匹配
,未匹配
,未匹配
,未匹配
,未匹配
,未匹配
,未匹配
,未匹配
,未匹配
,未匹配
,未匹配
,未匹配
,未匹配
,未匹配
,未匹配
,未匹配
,未匹配
,未匹配
,未匹配
,未匹配
,未匹配
,未匹配
,未匹配
,未匹配
,未匹配
,未匹配
,未匹配
,未匹配
,未匹配
,未匹配
,未匹配
,未匹配
,未匹配
,未匹配
,未匹配
,未匹配
,未匹配
,未匹配
,未匹配
,未匹配
,未匹配
,未匹配
,未匹配
,未匹配
,未匹配
,未匹配
,未匹配
,未匹配
,未匹配
,未匹配
,未匹配
,未匹配
,未匹配
,未匹配
,未匹配
,未匹配
,未匹配
,未匹配
,未匹配
,未匹配
,未匹配
,未匹配
,未匹配
,未匹配
,未匹配
,未匹配
,未匹配
,未匹配
,未匹配
,未匹配
,未匹配
,未匹配
,未匹配
,未匹配
,未匹配
,未匹配
,未匹配
,未匹配
,未匹配
,未匹配
,未匹配
,未匹配
,未匹配
,未匹配
,未匹配
,未匹配
,未匹配
,未匹配
,未匹配
,未匹配
,未匹配
,未匹配
,未匹配
,未匹配
,未匹配
,未匹配
,未匹配
,未匹配
,未匹配
,未匹配
,未匹配
,未匹配
,未匹配
,未匹配
,未匹配
,未匹配
,未匹配
,未匹配
,未匹配
,未匹配
,未匹配
,未匹配
,未匹配
,未匹配
,未匹配
,未匹配
,未匹配
,未匹配
,未匹配
,未匹配
,未匹配
,未匹配
,未匹配
,未匹配
,未匹配
,未匹配
,未匹配
,未匹配
,未匹配
,未匹配
,未匹配
,未匹配
,未匹配
,未匹配
,未匹配
,未匹配
,未匹配
,未匹配
,未匹配
,未匹配
,未匹配
,未匹配
,未匹配
,未匹配
,未匹配
,未匹配
,未匹配
,未匹配
,未匹配
,未匹配
,未匹配
,未匹配
,未匹配
,未匹配
,未匹配
,未匹配
,未匹配
,未匹配
,未匹配
,未匹配
,未匹配
,未匹配
,未匹配
,未匹配
,未匹配
,未匹配
,未匹配
,未匹配
,未匹配
,未匹配
,未匹配
,未匹配
,未匹配
,未匹配
,未匹配
,未匹配
,未匹配
,未匹配
,未匹配
,未匹配
,未匹配
,未匹配
,未匹配
,未匹配
,未匹配
,未匹配
,未匹配
,未匹配
,未匹配
,未匹配
,未匹配
,未匹配
,未匹配
,未匹配
,未匹配
,未匹配
,未匹配
,未匹配
,未匹配
,未匹配
,未匹配
,未匹配
,未匹配
,未匹配
,未匹配
,未匹配
,未匹配
,未匹配
,未匹配
,未匹配
,未匹配
,未匹配
,未匹配
,未匹配
,未匹配
,未匹配
,未匹配
,未匹配
,未匹配
,未匹配
,未匹配
,未匹配
,未匹配
,未匹配
,未匹配
,未匹配
,未匹配
,未匹配
,未匹配
,未匹配
,未匹配
,未匹配
,未匹配
,未匹配
,未匹配
,未匹配
,未匹配
,未匹配
,未匹配
,未匹配
,未匹配
,未匹配
,未匹配
,未匹配
,未匹配
,未匹配
,未匹配
,未匹配
,未匹配
,未匹配
,未匹配
,未匹配
,未匹配
,未匹配
,未匹配
,未匹配
,未匹配
,未匹配
,未匹配
,未匹配
,未匹配
,未匹配
,未匹配
,未匹配
,未匹配
,未匹配
,未匹配
,未匹配
,未匹配
,未匹配
,未匹配
,未匹配
,未匹配
,未匹配
,未匹配
,未匹配
,未匹配
,未匹配
,未匹配
,未匹配
,未匹配
,未匹配
,未匹配
,未匹配
,未匹配
,未匹配
,未匹配
,未匹配
,未匹配
,未匹配
,未匹配
,未匹配
,未匹配
,未匹配
,未匹配
,未匹配
,未匹配
,未匹配
,未匹配
,未匹配
,未匹配
,未匹配
,未匹配
,未匹配
,未匹配
,未匹配
,未匹配
,未匹配
,未匹配
,未匹配
,未匹配
,未匹配
,未匹配
,未匹配
,未匹配
,未匹配
,未匹配
,未匹配
,未匹配
,未匹配
,未匹配
,未匹配
,未匹配
,未匹配
,未匹配
,未匹配
,未匹配
,未匹配
,未匹配
,未匹配
,未匹配
,未匹配
,未匹配
,未匹配
,未匹配
,未匹配
,未匹配
,未匹配
,未匹配
,未匹配
,未匹配
,未匹配
,未匹配
,未匹配
,未匹配
,未匹配
,未匹配
,未匹配
,未匹配
,未匹配
,未匹配
,未匹配
,未匹配
,未匹配
,未匹配
,未匹配
,未匹配
,未匹配
,未匹配
,未匹配
,未匹配
,未匹配
,未匹配
,未匹配
,未匹配
,未匹配
,未匹配
,未匹配
,未匹配
,未匹配
,未匹配
,未匹配
,未匹配
,未匹配
,未匹配
,未匹配
,未匹配
,未匹配
,未匹配
,未匹配
,未匹配
,未匹配
,未匹配
,未匹配
,未匹配
,未匹配
,未匹配
,未匹配
,未匹配
,未匹配
,未匹配
,未匹配
,未匹配
,未匹配
,未匹配
,未匹配
,未匹配
,未匹配
,未匹配
,未匹配
,未匹配
,未匹配
,未匹配
,未匹配
,未匹配
,未匹配
,未匹配
,未匹配
,未匹配
,未匹配
,未匹配
,未匹配
,未匹配
,未匹配
,未匹配
,未匹配
,未匹配
,未匹配
,未匹配
,未匹配
,未匹配
,未匹配
,未匹配
,未匹配
,未匹配
,未匹配
,未匹配
,未匹配
,未匹配
,未匹配
,未匹配
,未匹配
,未匹配
,未匹配
,未匹配
,未匹配
,未匹配
,未匹配
,未匹配
,未匹配
,未匹配
,未匹配
,未匹配
,未匹配
,未匹配
,未匹配
,未匹配
,未匹配
,未匹配
,未匹配
,未匹配
,未匹配
,未匹配
,未匹配
,未匹配
,未匹配
,未匹配
,未匹配
,未匹配
,未匹配
,未匹配
,未匹配
,未匹配
,未匹配
,未匹配
,未匹配
,未匹配
,未匹配
,未匹配
,未匹配
,未匹配
,未匹配
,未匹配
,未匹配
,未匹配
,未匹配
,未匹配
,未匹配
,未匹配
,未匹配
,未匹配
,未匹配
,未匹配
,未匹配
,未匹配
,未匹配
,未匹配
,未匹配
,未匹配
,未匹配
,未匹配
,未匹配
,未匹配
,未匹配
,未匹配
,未匹配
,未匹配
,未匹配
,未匹配
,未匹配
,未匹配
,未匹配
,未匹配
,未匹配
,未匹配
,未匹配
,未匹配
,未匹配
,未匹配
,未匹配
,未匹配
,未匹配
,未匹配
,未匹配
,未匹配
,未匹配
,未匹配
,未匹配
,未匹配
,未匹配
,未匹配
,未匹配
,未匹配
,未匹配
,未匹配
,未匹配
,未匹配
,未匹配
,未匹配
,未匹配
,未匹配
,未匹配
,未匹配
,未匹配
,未匹配
,未匹配
,未匹配
,未匹配
,未匹配
,未匹配
,未匹配
,未匹配
,未匹配
,未匹配
,未匹配
,未匹配
,未匹配
,未匹配
,未匹配
,未匹配
,未匹配
,未匹配
,未匹配
,未匹配
,未匹配
,未匹配
,未匹配
,未匹配
,未匹配
,未匹配
,未匹配
,未匹配
,未匹配
,未匹配
,未匹配
,未匹配
,未匹配
,未匹配
,未匹配
,未匹配
,未匹配
,未匹配
,未匹配
,未匹配
,未匹配
,未匹配
,未匹配
,未匹配
,未匹配
,未匹配
,未匹配
,未匹配
,未匹配
,未匹配
,未匹配
,未匹配
,未匹配
,未匹配
,未匹配
,未匹配
,未匹配
,未匹配
,未匹配
,未匹配
,未匹配
,未匹配
,未匹配
,未匹配
,未匹配
,未匹配
,未匹配
,未匹配
,未匹配
,未匹配
,未匹配
,未匹配
,未匹配
,未匹配
,未匹配
,未匹配
,未匹配
,未匹配
,未匹配
,未匹配
,未匹配
,未匹配
,未匹配
,未匹配
,未匹配
,未匹配
,未匹配
,未匹配
,未匹配
,未匹配
,未匹配
,未匹配
,未匹配
,未匹配
,未匹配
,未匹配
,未匹配
,未匹配
,未匹配
,未匹配
,未匹配
,未匹配
,未匹配
,未匹配
,未匹配
,未匹配
,未匹配
,未匹配
,未匹配
,未匹配
,未匹配
,未匹配
,未匹配
,未匹配
,未匹配
,未匹配
,未匹配
,未匹配
,未匹配
,未匹配
,未匹配
,未匹配
,未匹配
,未匹配
,未匹配
,未匹配
,未匹配
,未匹配
,未匹配
,未匹配
,未匹配
,未匹配
,未匹配
,未匹配
,未匹配
,未匹配
,未匹配
,未匹配
,未匹配
,未匹配
,未匹配
,未匹配
,未匹配
,未匹配
,未匹配
,未匹配
,未匹配
,未匹配
,未匹配
,未匹配
,未匹配
,未匹配
,未匹配
,未匹配
,未匹配
,未匹配
,未匹配
,未匹配
,未匹配
,未匹配
,未匹配
,未匹配
,未匹配
,未匹配
,未匹配
,未匹配
,未匹配
,未匹配
,未匹配
,未匹配
,未匹配
,未匹配
,未匹配
,未匹配
,未匹配
,未匹配
,未匹配
,未匹配
,未匹配
,未匹配
,未匹配
,未匹配
,未匹配
,未匹配
,未匹配
,未匹配
,未匹配
,未匹配
,未匹配
,未匹配
,未匹配
,未匹配
,未匹配
,未匹配
,未匹配
,未匹配
,未匹配
,未匹配
,未匹配
,未匹配
,未匹配
,未匹配
,未匹配
,未匹配
,未匹配
,未匹配
,未匹配
,未匹配
,未匹配
,未匹配
,未匹配
,未匹配
,未匹配
,未匹配
,未匹配
,未匹配
,未匹配
,未匹配
,未匹配
,未匹配
,未匹配
,未匹配
,未匹配
,未匹配
,未匹配
,未匹配
,未匹配
,未匹配
,未匹配
,未匹配
,未匹配
,未匹配
,未匹配
,未匹配
,未匹配
,未匹配
,未匹配
,未匹配
,未匹配
,未匹配
,未匹配
,未匹配
,未匹配
,未匹配
,未匹配
,未匹配
,未匹配
,未匹配
,未匹配
,未匹配
,未匹配
,未匹配
,未匹配
,未匹配
,未匹配
,未匹配
,未匹配
,未匹配
,未匹配
,未匹配
,未匹配
,未匹配
,未匹配
,未匹配
,未匹配
,未匹配
,未匹配
,未匹配
,未匹配
,未匹配
,未匹配
,未匹配
,未匹配
,未匹配
,未匹配
,未匹配
,未匹配
,未匹配
,未匹配
,未匹配
,未匹配
,未匹配
,未匹配
,未匹配
,未匹配
,未匹配
,未匹配
,未匹配
,未匹配
,未匹配
,未匹配
,未匹配
,未匹配
,未匹配
,未匹配
,未匹配
,未匹配
,未匹配
,未匹配
,未匹配
,未匹配
,未匹配
,未匹配
,未匹配
,未匹配
,未匹配
,未匹配
,未匹配
,未匹配
,未匹配
,未匹配
,未匹配
,未匹配
,未匹配
,未匹配
,未匹配
,未匹配
,未匹配
,未匹配
,未匹配
,未匹配
,未匹配
,未匹配
,未匹配
,未匹配
,未匹配
,未匹配
,未匹配
,未匹配
,未匹配
,未匹配
,未匹配
,未匹配
,未匹配
,未匹配
,未匹配
,未匹配
,未匹配
,未匹配
,未匹配
,未匹配
,未匹配
,未匹配
,未匹配
,未匹配
,未匹配
,未匹配
,未匹配
,未匹配
,未匹配
,未匹配
,未匹配
,未匹配
,未匹配
,未匹配
,未匹配
,未匹配
,未匹配
,未匹配
,未匹配
,未匹配
,未匹配
,未匹配
,未匹配
,未匹配
,未匹配
,未匹配
,未匹配
,未匹配
,未匹配
,未匹配
,未匹配
,未匹配
,未匹配
,未匹配
,未匹配
,未匹配
,未匹配
,未匹配
,未匹配
,未匹配
,未匹配
,未匹配
,未匹配
,未匹配
,未匹配
,未匹配
,未匹配
,未匹配
,未匹配
,未匹配
,未匹配
,未匹配
,未匹配
,未匹配
,未匹配
,未匹配
,未匹配
,未匹配
,未匹配
,未匹配
,未匹配
,未匹配
,未匹配
,未匹配
,未匹配
,未匹配
,未匹配
,未匹配
,未匹配
,未匹配
,未匹配
,未匹配
,未匹配
,未匹配
,未匹配
,未匹配
,未匹配
,未匹配
,未匹配
,未匹配
,未匹配
,未匹配
,未匹配
,未匹配
,未匹配
,未匹配
,未匹配
,未匹配
,未匹配
,未匹配
