频道名,地址,来源,图标,检测时间,分组,视频信息,状态码
Zee Action (576p),http://87.255.35.150:18507,网络源,https://i.imgur.com/MIzc3I1.png,209,未分组,,200
Балта ТВ (768p),http://194.50.51.34/playlist.m3u8,网络源,https://cdn.teleon.tv/logo/balta-tv-ua.png,311,未分组,,200
Музыка Первого,http://31.148.48.15/Muzika_Pervogo/index.m3u8,网络源,https://i.imgur.com/U0vKj3P.png,427,未分组,,200
ZDFinfo (720p) [Geo-blocked],https://zdf-hls-17.akamaized.net/hls/live/2016500/de/high/master.m3u8,网络源,https://i.imgur.com/vtq1IWp.png,456,未分组,,403
萬州影視文藝 (576p) [Not 24/7],http://123.146.162.24:8017/d4ceB1a/1000/live.m3u8,网络源,,458,未分组,,200
萬州綜合頻道 (576p),http://123.146.162.24:8017/iTXwrGs/800/live.m3u8,网络源,,476,未分组,,200
萬州科教頻道 (576p),http://123.146.162.24:8017/Cz7WPb8/800/live.m3u8,网络源,,482,未分组,,200
Башкортостан 24,https://vgtrkregion-reg.cdnvideo.ru/vgtrk/ufa/bashkortostan24-hd/index.m3u8,网络源,https://i.imgur.com/s34Wtz6.png,515,未分组,,200
江津经济生活 (480p),http://222.179.155.21:1935/ch0.m3u8,网络源,,531,未分组,,200
江津新闻综合 (480p),http://222.179.155.21:1935/ch1.m3u8,网络源,,550,未分组,,200
中天新聞台 (1080p),https://raw.githubusercontent.com/ChiSheng9/iptv/master/TV28.m3u8,网络源,https://i.imgur.com/FZONZEr.png,642,未分组,,200
Zee Aflam (576p),http://213.57.91.138:8000/play/a05s,网络源,https://i.imgur.com/ZxknutA.png,708,未分组,,200
МузТВ,https://streaming.televizor-24-tochka.ru/live/20.m3u8,网络源,https://i.imgur.com/BtqrHmz.png,728,未分组,,403
ZDFneo (720p) [Geo-blocked],https://zdf-hls-16.akamaized.net/hls/live/2016499/de/high/master.m3u8,网络源,https://i.imgur.com/1JIIGgL.png,892,未分组,,403
奇妙電視 (720p),http://media.fantv.hk/m3u8/archive/channel2_stream1.m3u8,网络源,,971,未分组,,200
Музыка Кино International [Not 24/7],https://kino-1.catcast.tv/content/37739/index.m3u8,网络源,https://i.imgur.com/2SG0Swa.png,1030,未分组,,200
Музыка 1 International [Not 24/7],https://kino-1.catcast.tv/content/37745/index.m3u8,网络源,https://i.imgur.com/DIKe5vA.png,1044,未分组,,200
Zee Bihar Jharkhand (720p),https://raw.githubusercontent.com/Alstruit/adaptive-streams/alstruit-4_24_in/streams/in/ZeeBiharJharkhand.m3u8,网络源,https://i.imgur.com/e26mQ7x.png,59,未分组,,200
Zee Alwan (576p),http://213.57.91.138:8000/play/a05t,网络源,https://i.imgur.com/OLuCox7.png,685,未分组,,200
CCTV-6,https://smart.pendy.dpdns.org/Smart.php?id=cctv6,网络源,https://gh.catmak.name/https://raw.githubusercontent.com/fanmingming/live/main/tv/CCTV6.png,1313,未分组,,200
Zee 24 Kalak (720p),https://livetv-channels.b-cdn.net/8077/playlist.m3u8,网络源,https://i.imgur.com/RKrvmVo.png,1319,未分组,,403
CCTV-14,https://smart.pendy.dpdns.org/Smart.php?id=cctv14,网络源,https://gh.catmak.name/https://raw.githubusercontent.com/fanmingming/live/main/tv/CCTV14.png,1370,未分组,,200
Муз союз (576p),https://hls-tvsoyuz.cdnvideo.ru/tvsoyuz2/muzsoyuz.6fw0-58xp-acts-esy0/playlist.m3u8,网络源,https://i.postimg.cc/bwmX81cZ/muzsoyuz.png,1455,未分组,,200
Zee Alwan Egypt (576p),http://213.57.91.138:8000/play/a05u,网络源,https://i.imgur.com/OLuCox7.png,841,未分组,,200
隨州農村 (720p) [Not 24/7],http://34766.hlsplay.aodianyun.com/guangdianyun_34766/tv_channel_305.m3u8,网络源,,1716,未分组,,403
隨州綜合 (720p) [Not 24/7],http://34766.hlsplay.aodianyun.com/guangdianyun_34766/tv_channel_304.m3u8,网络源,,1721,未分组,,403
武进新闻 (576p) [Not 24/7],https://live.wjyanghu.com/live/CH1.m3u8,网络源,,1749,未分组,,200
Zee 24 Taas (720p),https://dgrvlduwztkd4.cloudfront.net/index_5.m3u8,网络源,https://i.imgur.com/KVDGQI1.png,1749,未分组,,200
武进生活 (576p) [Not 24/7],https://live.wjyanghu.com/live/CH2.m3u8,网络源,,1759,未分组,,200
Мульт,http://stv.mediacdn.ru/live/cdn/mult/playlist.m3u8,网络源,https://i.imgur.com/xi351Fx.png,1842,未分组,,200
CCTV-7,https://smart.pendy.dpdns.org/Smart.php?id=cctv7,网络源,https://gh.catmak.name/https://raw.githubusercontent.com/fanmingming/live/main/tv/CCTV7.png,815,未分组,,200
Мульт и музыка,http://stv.mediacdn.ru/live/cdn/multimuzika/playlist.m3u8,网络源,https://i.imgur.com/SYt6BZP.png,1864,未分组,,200
Беларусь 5 (1080p) [Not 24/7],https://ngtrk.dc.beltelecom.by/ngtrk/smil:belarus5.smil/playlist.m3u8,网络源,https://i.imgur.com/NJsRFud.png,2116,未分组,,200
Беларусь 24 (1080p),https://ngtrk.dc.beltelecom.by/ngtrk/smil:belarus24.smil/playlist.m3u8,网络源,https://i.imgur.com/BP7tY6F.png,2123,未分组,,200
之江纪录,https://ali-m-l.cztv.com/channels/lantian/channel012/1080p.m3u8,网络源,,2172,未分组,,200
Zee Alwan (576p) [Not 24/7],https://tgn.bozztv.com/gin-dvrfl05/ga-zeealwan/index.m3u8,网络源,,2261,未分组,,403
CCTV-14,https://event.pull.hebtv.com/jishi/cp2.m3u8,网络源,https://gh.catmak.name/https://raw.githubusercontent.com/fanmingming/live/main/tv/CCTV14.png,2289,未分组,,200
孟州电视台 (1080p) [Not 24/7],http://live.dxhmt.cn:9081/tv/10883-1.m3u8,网络源,,2335,未分组,,200
集安综合 [Geo-blocked],https://stream2.jlntv.cn/ja/sd/live.m3u8,网络源,,2360,未分组,,200
Надежда (720p),https://live-tvhope.cdnvideo.ru/tvhope-pull/tvhope_1/playlist.m3u8,网络源,https://i.imgur.com/ah6VnFJ.png,2410,未分组,,200
Мультимания (576p),https://sirius.greenhosting.ru/MultimaniaRu/tracks-v1a1/mono.m3u8,网络源,https://i.imgur.com/abh8ZBA.png,2418,未分组,,403
Беларусь 5 Интернет (1080p) [Not 24/7],https://edge59.dc.beltelecom.by/ngtrk/smil:belarus5int.smil/playlist.m3u8,网络源,https://i.imgur.com/NJsRFud.png,2431,未分组,,200
Белгород 24 (1080p),https://belnovosti.cdn.easyhoster.ru:8443/stream.m3u8,网络源,https://i.imgur.com/EEirvyx.png,2455,未分组,,200
云南 Ⅰ 文山综合台 (1080p) [Not 24/7],http://tvdrs.wsrtv.com.cn:8100/channellive/ch1.flv,网络源,,2479,未分组,,200
Сити Эдем КиноСемья [Not 24/7],https://v2.catcast.tv/content/38128/index.m3u8,网络源,https://i.imgur.com/YoWOZMx.png,2358,未分组,,503
Надия/Новый канал (576p) [Not 24/7],http://nadiya.home-net.com.ua/mob/mystream.m3u8,网络源,https://i.imgur.com/mUx2P29.png,2610,未分组,,200
Zee Bollywood (576p),http://87.255.35.150:18861,网络源,https://i.imgur.com/0qQrV84.png,203,未分组,,200
乐清新闻 [Geo-blocked],http://33809.hlsplay.aodianyun.com/guangdianyun_33809/tv_channel_170.m3u8,网络源,,2808,未分组,,403
Нано ТВ HD,http://s1.tv-nano.com/Nano_rec/index.m3u8,网络源,https://i.imgur.com/dYj3XDa.png,2193,未分组,,200
Большая Азия,http://live-bigasia.cdnvideo.ru/bigasia/bigasia.smil/playlist.m3u8,网络源,https://i.imgur.com/vruuPKF.png,2422,未分组,,200
БелРос (576p),https://live2.mediacdn.ru/sr1/tro/playlist.m3u8,网络源,https://i.imgur.com/tUF33HD.png,3015,未分组,,200
ZDFneo HD (720p),https://viamotionhsi.netplus.ch/live/eds/zdfneohd/browser-dash/zdfneohd.mpd,网络源,https://i.imgur.com/1JIIGgL.png,3038,未分组,,200
Настоящее Время,https://rfe-ingest.akamaized.net/hls/live/2033043/tvmc05/master.m3u8,网络源,https://i.imgur.com/hKo8ApU.png,2404,未分组,,200
ZDFinfo HD (720p),https://viamotionhsi.netplus.ch/live/eds/zdfinfohd/browser-dash/zdfinfohd.mpd,网络源,https://i.imgur.com/vtq1IWp.png,3146,未分组,,200
Zee Bollymovies (1080p),https://amg17931-zee-amg17931c8-samsung-au-8871.playouts.now.amagi.tv/playlist.m3u8,网络源,https://i.imgur.com/rbWA6ph.png,931,未分组,,200
CCTV-4,http://goo.bkpcp.top/mg/cctv4m,网络源,https://gh.catmak.name/https://raw.githubusercontent.com/fanmingming/live/main/tv/CCTV4.png,3317,未分组,,403
CCTV-4,http://goo.bkpcp.top/mg/cctv4o,网络源,https://gh.catmak.name/https://raw.githubusercontent.com/fanmingming/live/main/tv/CCTV4.png,3323,未分组,,403
江苏 Ⅰ 连云港综合 (480p) [Not 24/7],https://live.lyg1.com/zhpd/sd/live.m3u8,网络源,,3330,未分组,,403
江苏 Ⅰ 连云港公共 (480p) [Not 24/7],https://live.lyg1.com/ggpd/sd/live.m3u8,网络源,,3357,未分组,,403
立法會直播 (Legislative Council Live) (720p),https://live3.tdm.com.mo/tv/ch21.live/playlist.m3u8,网络源,,3468,未分组,,200
Волгоград 24,https://vgtrkregion-reg.cdnvideo.ru/vgtrk/volgograd/russia1-hd/index.m3u8,网络源,https://i.imgur.com/gFMnaU5.png,150,未分组,,200
Вера 24,https://5f05e059699ae.streamlock.net/WEB_Vera24/ngrp:Vera24.stream-adaptive/playlist.m3u8,网络源,https://i.imgur.com/Qer5Lnh.png,2479,未分组,,200
Zee Business (720p),https://dwby15d04agvq.cloudfront.net/index_1.m3u8,网络源,https://i.imgur.com/vkWBtL4.png,756,未分组,,200
Ветта 24 (Пермь) (576p) [Not 24/7],http://serv24.vintera.tv:8081/vetta/vetta_office/playlist.m3u8,网络源,https://i.imgur.com/zKH1b5k.png,1567,未分组,,200
Наука,https://vod.tuva.ru/nauka2/index.m3u8,网络源,https://i.imgur.com/ZZxzueO.png,2614,未分组,,200
乐清生活 [Geo-blocked],http://33809.hlsplay.aodianyun.com/guangdianyun_33809/tv_channel_171.m3u8,网络源,,3835,未分组,,403
Вести ФМ,https://player.smotrim.ru/iframe/stream/live_id/0487fd79-60e6-4333-a545-909d6e015173,网络源,https://i.postimg.cc/NFR7YhFQ/vestifm.png,2097,未分组,,200
靖江新闻綜合 (480p) [Not 24/7],http://visit.jjbctv.com:1935/live/xwzhmb/playlist.m3u8,网络源,,1738,未分组,,200
宇哥电影,http://epg.112114.xyz/douyu/413573,网络源,,3954,未分组,,200
Ника ТВ (576p) [Not 24/7],https://live-nikatv.cdnvideo.ru/nikatv/nikatv.sdp/playlist.m3u8,网络源,https://i.imgur.com/dccsFAu.png,923,未分组,,200
Вместе РФ,https://qcpdqumitwf.a.trbcdn.net/livemastersrt/pr4mw_lvie-vmesterf-srt.smil/playlist.m3u8,网络源,https://i.imgur.com/KI1qZNc.png,1453,未分组,,200
Неизвестная Россия,https://cdn.ntv.ru/unknown_russia/playlist.m3u8,网络源,https://i.imgur.com/W7ste2f.png,1745,未分组,,200
Нижний Новгород 24 (720p) [Not 24/7],https://live-vestinn.cdnvideo.ru/vestinn/nn24-khl/playlist.m3u8,网络源,https://i.imgur.com/ZWgPVIC.png,1430,未分组,,200
Волга (HD),http://tele2dvrnat01-02.cdnvideo.ru/stream/NAT_Volga/hls/1920x1080@4504/playlist.m3u8,网络源,https://i.imgur.com/xHs1pr1.png,1049,未分组,,200
宿州公共 (1080p) [Not 24/7],http://live.ahsz.tv/video/s10001-ggpd/index.m3u8,网络源,,1763,未分组,,200
Сити Эдем КиноМистика [Not 24/7],https://cityeden.catcast.tv/content/40783/index.m3u8,网络源,https://i.imgur.com/s1Pid0K.png,4125,未分组,,200
Zee Cinema (1080p),https://amg17931-zee-amg17931c5-samsung-au-8873.playouts.now.amagi.tv/playlist.m3u8,网络源,https://i.imgur.com/uYjCv5p.png,199,未分组,,200
Смайл ТВ,https://5f05e059699ae.streamlock.net/WEB_Smilik/ngrp:Smilik.stream-adaptive/playlist.m3u8,网络源,https://static.tildacdn.com/tild3936-3138-4234-b536-326531343933/-_13x.png,138,未分组,,200
Восток 24 (Владивосток),https://vgtrkregion-reg.cdnvideo.ru/vgtrk/vladivostok/vostok24-hd/index.m3u8,网络源,https://i.imgur.com/YEXDsMn.png,209,未分组,,200
Сити Эдем КиноАзия [Not 24/7],https://cityeden.catcast.tv/content/34393/index.m3u8,网络源,https://i.imgur.com/gaket4B.png,4189,未分组,,200
Сити Эдем КиноКомедия [Not 24/7],https://cityeden.catcast.tv/content/41331/index.m3u8,网络源,https://i.imgur.com/Aga2XVA.png,4188,未分组,,200
Сити Эдем КиноКлассика [Not 24/7],https://cityeden.catcast.tv/content/34185/index.m3u8,网络源,https://i.imgur.com/0qGCS1S.png,4272,未分组,,200
НВК Саха (1080p) [Not 24/7],https://live-saha.cdnvideo.ru/saha/saha/playlist.m3u8,网络源,https://i.imgur.com/LwXNUhf.png,2540,未分组,,200
Сити Эдем КиноДетектив [Not 24/7],https://cityeden.catcast.tv/content/41327/index.m3u8,网络源,https://i.imgur.com/9rKHwBV.png,4299,未分组,,200
Новое телевидение (576p) [Not 24/7],http://serv25.vintera.tv:8081/novoetv/nov_tv/playlist.m3u8,网络源,https://i.imgur.com/mmKWrWs.png,712,未分组,,200
Время,http://31.148.48.15/Vremya/index.m3u8,网络源,https://i.imgur.com/jZlj3ga.png,203,未分组,,200
Сити Эдем Бирма Play [Not 24/7],https://cityeden.catcast.tv/content/34364/index.m3u8,网络源,https://i.imgur.com/38Q5L5W.png,4400,未分组,,200
Сити Эдем КиноДрама [Not 24/7],https://cityeden.catcast.tv/content/45269/index.m3u8,网络源,https://i.imgur.com/29ddffh.png,4399,未分组,,200
НТВ,https://streaming.televizor-24-tochka.ru/live/7.m3u8,网络源,https://i.imgur.com/9r1BKzK.png,133,未分组,,403
Zee Delhi NCR Haryana (720p),https://vg-zeefta.akamaized.net/ptnr-yupptv/title-zeedelhincr/v1/master/611d79b11b77e2f571934fd80ca1413453772ac7/cc483a15-1b39-4642-872d-5d08d362ed01/main.m3u8,网络源,https://i.imgur.com/jeBUXYz.png,347,未分组,,200
Сити Эдем КиноЭкшен [Not 24/7],https://cityeden.catcast.tv/content/41333/index.m3u8,网络源,https://i.imgur.com/uuzuvD0.png,3889,未分组,,200
Глас (576p),http://85.238.112.69:8811/hls_sec/239.0.4.18-.m3u8,网络源,https://i.imgur.com/l5FEP9w.png,294,未分组,,200
Zee Hindustan (720p),https://vg-zeefta.akamaized.net/ptnr-yupptv/title-zeehindustan/v1/master/611d79b11b77e2f571934fd80ca1413453772ac7/96bbab12-582e-4540-af70-510ab6824581/main.m3u8,网络源,https://i.imgur.com/3eAZMxA.png,305,未分组,,200
鹤壁新闻综合 (480p) [Not 24/7],http://pili-live-hls.hebitv.com/hebi/hebi.m3u8,网络源,https://i.imgur.com/Osw5yRW.png,306,未分组,,200
CCTV-13,https://event.pull.hebtv.com/jishi/cp1.m3u8,网络源,https://gh.catmak.name/https://raw.githubusercontent.com/fanmingming/live/main/tv/CCTV13.png,324,未分组,,200
Новый Век,https://tele2dvrnat01-02.cdnvideo.ru/stream/NAT_Tambov/hls/index.m3u8,网络源,https://i.imgur.com/8aYYi3r.png,681,未分组,,200
Смотрим Честный Детектив,https://live-vgtrksmotrim.cdnvideo.ru/vgtrksmotrim/smotrim-live-01.smil/playlist.m3u8,网络源,https://cdn-st3.smotrim.ru/vh/pictures/svg/444/241/8.svg,496,未分组,,200
БСТ 24 (Братск),http://bst.bratsk.ru/hls/bst2/index.m3u8,网络源,https://i.imgur.com/IDotHmQ.png,4108,未分组,,200
НТВ +1,https://cdn.ntv.ru/ntv1/playlist.m3u8,网络源,https://i.imgur.com/9r1BKzK.png,192,未分组,,200
Сити Эдем КиноФантастика [Not 24/7],https://cityeden.catcast.tv/content/45268/index.m3u8,网络源,https://i.imgur.com/I64FeIO.png,4263,未分组,,200
山东农科 (406p) [Geo-blocked],http://livealone302.iqilu.com/iqilu/nkpd.m3u8,网络源,https://i.imgur.com/EY2zH06.png,499,未分组,,403
山东体育 (1080p) [Geo-blocked],http://livealone302.iqilu.com/iqilu/typd.m3u8,网络源,https://i.imgur.com/zX4RxvG.png,599,未分组,,403
宿州科教 (1080p) [Not 24/7],http://live.ahsz.tv/video/s10001-kxjy/index.m3u8,网络源,,1990,未分组,,200
Сити Эдем КиноАрт [Not 24/7],https://cityeden.catcast.tv/content/38398/index.m3u8,网络源,https://i.imgur.com/67CWCtz.png,5056,未分组,,200
宿州新闻综合 (1080p) [Not 24/7],http://live.ahsz.tv/video/s10001-szzh/index.m3u8,网络源,,2253,未分组,,200
餘姚姚江文化 (576p) [Not 24/7],https://l.cztvcloud.com/channels/lantian/SXyuyao2/720p.m3u8,网络源,,1806,未分组,,200
CCTV-7,https://www.freetv.top/migu/673168121.m3u8?migutoken=44446ab398991313e6a822efdaec82f3b845a2e8f141c172aa857c477255724bbb28fc01d33f764c51106c446af1c57e8815b58822075b194f4cf55cde28fe55f54330d4586c92e75e8aa50a48,网络源,https://gh.catmak.name/https://raw.githubusercontent.com/fanmingming/live/main/tv/CCTV7.png,1242,未分组,,200
Сити Эдем Классическая Музыка [Not 24/7],https://cityeden.catcast.tv/content/47400/index.m3u8,网络源,https://i.imgur.com/l7BE8l6.png,3861,未分组,,200
НТВ,https://livetv.mylifeisgood.net.ru/channels/ntvhd.m3u8,网络源,https://i.imgur.com/9r1BKzK.png,1022,未分组,,200
余姚姚江文化 (576p),https://l.cztvcloud.com/channels/lantian/SXyuyao3/720p.m3u8,网络源,,843,未分组,,200
Сити Эдем МедЗдрав [Not 24/7],https://cityeden.catcast.tv/content/47519/index.m3u8,网络源,https://i.imgur.com/BM4E0Kr.png,3373,未分组,,200
Сити Эдем КиноДок [Not 24/7],https://cityeden.catcast.tv/content/38354/index.m3u8,网络源,https://i.imgur.com/itRbMX3.png,5217,未分组,,200
НТВ +2,https://cdn.ntv.ru/ntv2/playlist.m3u8,网络源,https://i.imgur.com/9r1BKzK.png,169,未分组,,200
Zee Kannada News (720p),https://d3vzwoqcbpfm8p.cloudfront.net/index_4.m3u8,网络源,,696,未分组,,200
Губерния (Самара) (576p),http://live.guberniatv.cdnvideo.ru/guberniatv/guberniatv.sdp/playlist.m3u8,网络源,https://i.imgur.com/IlL57Rm.png,695,未分组,,200
粤语电影2,http://epg.112114.xyz/douyu/6566671,网络源,,861,未分组,,200
山东少儿 (406p) [Geo-blocked],http://livealone302.iqilu.com/iqilu/sepd.m3u8,网络源,https://i.imgur.com/ph7YKNa.png,2,未分组,,403
鹤峰综合 [Geo-blocked],http://hefeng.live.tempsource.cjyun.org/videotmp/s10100-hftv.m3u8,网络源,,908,未分组,,503
НТВ +4,https://cdn.ntv.ru/ntv4/playlist.m3u8,网络源,https://i.imgur.com/9r1BKzK.png,202,未分组,,200
Соловьев LIVE,https://player.smotrim.ru/iframe/stream/live_id/985d5c7b-9727-4942-a4ba-a6e852caf0c1,网络源,https://i.imgur.com/v0OYe1d.png,377,未分组,,200
红牛REDBULL TV (720p),https://rbmn-live.akamaized.net/hls/live/590964/BoRB-AT/master_3360.m3u8,网络源,,48,未分组,,200
CCTV-8,https://www.freetv.top/migu/624878356.m3u8?migutoken=170b73b07e0cf0d307afea3545da5b9609d7c15461a2f4ac0f43634101df9baf391a446b91e5f84446b6a3b0934bb4730e2f3c4a32a565f904f22c8ff745a094d45dfd49c54f31b0b78156a080,网络源,https://gh.catmak.name/https://raw.githubusercontent.com/fanmingming/live/main/tv/CCTV8.png,575,未分组,,200
Zee Madhya Pradesh Chhattisgarh (720p),https://vg-zeefta.akamaized.net/ptnr-yupptv/title-zeemadhyachhattisgarh/v1/master/611d79b11b77e2f571934fd80ca1413453772ac7/2ab17056-6187-4f0e-a34d-f436ac479d6c/main.m3u8,网络源,https://i.imgur.com/YccuVVI.png,576,未分组,,200
山东居家购物 (360p) [Geo-blocked],http://livealone302.iqilu.com/iqilu/gwpd.m3u8,网络源,,3,未分组,,403
Дождь (1080p) [Geo-blocked],https://wl.tvrain.tv/transcode/ngrp:ses_all/playlist.m3u8,网络源,https://upload.wikimedia.org/wikipedia/commons/thumb/a/ad/Tvrain.svg/512px-Tvrain.svg.png,163,未分组,,200
НТВ +7,https://cdn.ntv.ru/ntv7/playlist.m3u8,网络源,https://i.imgur.com/9r1BKzK.png,168,未分组,,200
Соён Гэгээрүүлэгч (720p),https://cdn4.skygo.mn/live/disk1/SoyonGegeeruulegch/HLSv3-FTA/SoyonGegeeruulegch.m3u8,网络源,https://i.imgur.com/iBZVvtW.png,1401,未分组,,200
Союз (576p),https://hls-tvsoyuz.cdnvideo.ru/tvsoyuz/soyuz/playlist.m3u8,网络源,https://i.imgur.com/w3OewHc.png,285,未分组,,200
Сочи 24 HD,http://serv30.vintera.tv:8081/sochi/sochi24_tv/playlist.m3u8,网络源,https://i.imgur.com/iwWxkl6.png,463,未分组,,200
Детское кино International [Not 24/7],https://autopilot.catcast.tv/content/38720/index.m3u8,网络源,https://i.imgur.com/dJqFRhQ.png,607,未分组,,200
Дагестан (1080p),https://dagestan.mediacdn.ru/cdn/dagestan/playlist.m3u8,网络源,https://i.imgur.com/jumkRvc.png,788,未分组,,200
Zee News (1080p),https://dknttpxmr0dwf.cloudfront.net/index_57.m3u8,网络源,https://upload.wikimedia.org/wikipedia/commons/thumb/2/24/Zee_news.svg/512px-Zee_news.svg.png,714,未分组,,200
山东影视 (406p) [Geo-blocked],http://livealone302.iqilu.com/iqilu/yspd.m3u8,网络源,,2,未分组,,403
Спас,https://streaming.televizor-24-tochka.ru/live/15.m3u8,网络源,https://i.imgur.com/yY39nMg.png,133,未分组,,403
Zee One,https://87e3eec452134557a82da031f54a1899.mediatailor.us-east-1.amazonaws.com/v1/master/44f73ba4d03e9607dcd9bebdcb8494d86964f1d8/RakutenTV-fr_ZeeMagic/playlist.m3u8,网络源,,153,未分组,,504
粤语电影3,http://epg.112114.xyz/douyu/1226741,网络源,,1267,未分组,,200
Zee News Malayalam (720p),https://d1ty2af03alkwd.cloudfront.net/index_4.m3u8,网络源,https://i.imgur.com/MePj7ET.png,715,未分组,,200
CCTV-5+,https://www.freetv.top/migu/641886773.m3u8?migutoken=d7396c05a877872a7519b5df4582a7a4bdf13c82d09889e561f50d0035f006d199741b00d465e4e41b0f706bccfe3420f5d427961e7698ad2a8b8d82d9d320a827310f6c8a7d1c8f203c91b392,网络源,https://gh.catmak.name/https://raw.githubusercontent.com/fanmingming/live/main/tv/CCTV5+.png,417,未分组,,200
Сити Эдем Рецепты Гурмана [Not 24/7],https://cityeden.catcast.tv/content/47516/index.m3u8,网络源,https://i.imgur.com/wR0pvRc.png,3915,未分组,,200
Zee One (1080p),https://amg17931-zee-amg17931c6-samsung-au-8872.playouts.now.amagi.tv/playlist/amg17931-asiatvusaltdfast-zeeworld-samsungau/playlist.m3u8,网络源,https://upload.wikimedia.org/wikipedia/commons/2/24/Zee_One_Logo_2025.png,286,未分组,,200
山东新闻 (1080p) [Geo-blocked],http://livealone302.iqilu.com/iqilu/ggpd.m3u8,网络源,,3,未分组,,403
Дом Кино Премиум HD,http://31.148.48.15/Dom_Kino_Premium_HD/index.m3u8,网络源,https://i.imgur.com/rJpQtvK.png,203,未分组,,200
НТВ Право,https://cdn.ntv.ru/th_pravo/playlist.m3u8,网络源,https://i.imgur.com/3ChnWGg.png,207,未分组,,200
罗山电视台 (1080p) [Not 24/7],http://live.dxhmt.cn:9081/tv/11521-1.m3u8,网络源,,225,未分组,,200
Zee One Africa,https://uvotv-aniview.global.ssl.fastly.net/hls/live/2119051/zeeoneuk/playlist.m3u8,网络源,https://i.imgur.com/m0PYBQz.png,16,未分组,,403
Сити Эдем Сиртаки ТВ [Not 24/7],https://cityeden.catcast.tv/content/46421/index.m3u8,网络源,https://i.imgur.com/V3MTfyc.png,3934,未分组,,200
兴隆综合,https://jwcdnqx.hebyun.com.cn/live/xlzh/1500k/tzwj_video.m3u8,网络源,,1557,未分组,,200
余姚新闻综合 (576p),https://l.cztvcloud.com/channels/lantian/SXyuyao1/720p.m3u8,网络源,,1991,未分组,,200
山东生活 (1080p) [Geo-blocked],http://livealone302.iqilu.com/iqilu/shpd.m3u8,网络源,https://i.imgur.com/bWPiC14.png,3,未分组,,403
CCTV-8,https://smart.pendy.dpdns.org/Smart.php?id=cctv8hd,网络源,https://gh.catmak.name/https://raw.githubusercontent.com/fanmingming/live/main/tv/CCTV8.png,689,未分组,,200
Домашний,https://streaming.televizor-24-tochka.ru/live/17.m3u8,网络源,https://i.imgur.com/XVRwgom.png,134,未分组,,403
НТВ Сериал,https://cdn.ntv.ru/th_serial/playlist.m3u8,网络源,https://i.imgur.com/QdVa8tl.png,188,未分组,,200
Сити Эдем ТВ Христианский [Not 24/7],https://cityeden.catcast.tv/content/34246/index.m3u8,网络源,https://i.imgur.com/X9kACKi.png,3761,未分组,,200
CCTV-13,http://z.b.bkpcp.top/m.php?id=cctv13,网络源,https://gh.catmak.name/https://raw.githubusercontent.com/fanmingming/live/main/tv/CCTV13.png,1369,未分组,,403
НТВ Мир,https://streaming.thestream.cyou/live/213.m3u8,网络源,https://i.imgur.com/pUcV46F.png,1605,未分组,,200
CCTV-11,https://smart.pendy.dpdns.org/Smart.php?id=cctv11,网络源,https://gh.catmak.name/https://raw.githubusercontent.com/fanmingming/live/main/tv/CCTV11.png,758,未分组,,200
НТВ Стиль,https://cdn.ntv.ru/th_style/playlist.m3u8,网络源,https://i.imgur.com/rX6K6qT.png,181,未分组,,200
Дом Кино,https://streaming.thestream.cyou/live/44.m3u8,网络源,https://upload.wikimedia.org/wikipedia/commons/thumb/5/53/%D0%9B%D0%BE%D0%B3%D0%BE%D1%82%D0%B8%D0%BF_%D0%BA%D0%B0%D0%BD%D0%B0%D0%BB%D0%B0_%D0%94%D0%BE%D0%BC_%D0%9A%D0%B8%D0%BD%D0%BE.png/512px-%D0%9B%D0%BE%D0%B3%D0%BE%D1%82%D0%B8%D0%BF_%D0%BA%D0%B0%D0%BD%D0%B0%D0%BB%D0%B0_%D0%94%D0%BE%D0%BC_%D0%9A%D0%B8%D0%BD%D0%BE.png,1846,未分组,,200
Домашний International,https://cdn4.skygo.mn/live/disk1/Domashni/HLSv3-FTA/Domashni.m3u8,网络源,https://i.imgur.com/nf7GRXb.png,300,未分组,,200
山东综艺 (406p) [Geo-blocked],http://livealone302.iqilu.com/iqilu/zypd.m3u8,网络源,https://i.imgur.com/a2XK8N9.png,3,未分组,,403
СТБ (720p),https://ctv.dc.beltelecom.by/ctv/ctv.stream/playlist.m3u8,网络源,https://upload.wikimedia.org/wikipedia/commons/thumb/3/33/%D0%9B%D0%BE%D0%B3%D0%BE%D1%82%D0%B8%D0%BF_%D0%B1%D0%B5%D0%BB%D0%BE%D1%80%D1%83%D1%81%D1%81%D0%BA%D0%BE%D0%B3%D0%BE_%D1%82%D0%B5%D0%BB%D0%B5%D0%BA%D0%B0%D0%BD%D0%B0%D0%BB%D0%B0_%C2%AB%D0%A1%D0%A2%D0%92%C2%BB.svg/512px-%D0%9B%D0%BE%D0%B3%D0%BE%D1%82%D0%B8%D0%BF_%D0%B1%D0%B5%D0%BB%D0%BE%D1%80%D1%83%D1%81%D1%81%D0%BA%D0%BE%D0%B3%D0%BE_%D1%82%D0%B5%D0%BB%D0%B5%D0%BA%D0%B0%D0%BD%D0%B0%D0%BB%D0%B0_%C2%AB%D0%A1%D0%A2%D0%92%C2%BB.svg.png,1057,未分组,,200
Zee Punjab Haryana Himachal (720p),https://vg-zeefta.akamaized.net/ptnr-yupptv/title-zeepunjabharyanahima/v1/master/611d79b11b77e2f571934fd80ca1413453772ac7/65eed269-2f3a-4dd0-ac89-d18959af28e3/main.m3u8,网络源,https://i.imgur.com/wnALPbu.png,772,未分组,,200
Страна FM (720p) [Not 24/7],http://live.stranafm.cdnvideo.ru/stranafm/stranafm_hd.sdp/playlist.m3u8,网络源,https://i.imgur.com/WsPlKJJ.png,492,未分组,,200
Сити Эдем ТелеНовелла [Not 24/7],https://cityeden.catcast.tv/content/46209/index.m3u8,网络源,https://i.imgur.com/mT5liTh.png,4415,未分组,,200
Zee Rajasthan (720p),https://vg-zeefta.akamaized.net/ptnr-yupptv/title-zeerajashthannews/v1/master/611d79b11b77e2f571934fd80ca1413453772ac7/8e864b9a-1681-41a0-99a6-387490bc5b24/main.m3u8,网络源,https://i.imgur.com/iYrrGlL.png,319,未分组,,200
НТВ Хит,https://cdn.ntv.ru/th_hit/playlist.m3u8,网络源,https://i.imgur.com/FfKBvz5.png,179,未分组,,200
СТС,https://streaming.televizor-24-tochka.ru/live/16.m3u8,网络源,https://i.imgur.com/ilUzAeb.png,134,未分组,,403
山东齐鲁 (1080p) [Geo-blocked],http://livealone302.iqilu.com/iqilu/qlpd.m3u8,网络源,https://i.imgur.com/U9wNMmm.png,3,未分组,,403
Дон 24,https://donmedia.bonus-tv.ru/cdn/donmedia/playlist.m3u8,网络源,https://i.imgur.com/fW15la1.png,792,未分组,,403
Солнце,http://tv.mediacdn.ru/live/solntse/playlist.m3u8,网络源,https://i.imgur.com/HCefxaK.png,4634,未分组,,200
Taiwan Plus TV (1080p),https://raw.githubusercontent.com/ChiSheng9/iptv/master/TV78.m3u8,网络源,,66,未分组,,200
CCTV-5+,https://www.freetv.top/migu/641886773.m3u8?migutoken=408252ae4ee84d4533a52e87dc35e108f3557992d0837a3c98af9093fccdb78373328e743136467868d2125b1fa35c3f4d576327db5e3ec96ec3108e28e950fb462f2dc81da44be8ae43ebe0ce,网络源,https://gh.catmak.name/https://raw.githubusercontent.com/fanmingming/live/main/tv/CCTV5+.png,1993,未分组,,200
河源综合 (540p),https://tmpstream.hyrtv.cn/xwzh/sd/live.m3u8,网络源,,4461,未分组,,200
CCTV-13,http://j.x.bkpcp.top/jx/CCTV13HD,网络源,https://gh.catmak.name/https://raw.githubusercontent.com/fanmingming/live/main/tv/CCTV13.png,1319,未分组,,200
НТК ТВ (1080p) [Not 24/7],https://stream.ntktv.ua/s/ntk/ntk.m3u8,网络源,https://www.ntktv.ua/bitrix/templates/ntk_copy/images/logo.png,752,未分组,,200
СТС International,https://cdn4.skygo.mn/live/disk1/STS/HLSv3-FTA/STS.m3u8,网络源,https://i.imgur.com/mwiC0RG.png,357,未分组,,200
农安新闻综合 [Geo-blocked],https://stream2.jlntv.cn/naxw/sd/live.m3u8,网络源,,338,未分组,,200
浙江 Ⅰ 绍兴影视 (720p),http://live.shaoxing.com.cn/video/s10001-sxtv3/index.m3u8,网络源,,768,未分组,,200
浙江 Ⅰ 绍兴综合 (576p),http://live.shaoxing.com.cn/video/s10001-sxtv1/index.m3u8,网络源,,259,未分组,,200
CCTV-9,https://www.freetv.top/migu/673168140.m3u8?migutoken=749c49cdc31bb395e0349adc81010adc8707f80e51e9d3491ad67bfa71388ad768f7b52c8064338a7ef45eb7ddb192fb4937b21681c82499a0c16653ad9a9bec98ff5ce6ab183e4029bbdf269e,网络源,https://gh.catmak.name/https://raw.githubusercontent.com/fanmingming/live/main/tv/CCTV9.png,268,未分组,,200
2025-11-11 06:25:13,http://171.116.216.113:10010/rtp/226.0.1.157:3086,网络源,https://gh.catmak.name/https://raw.githubusercontent.com/fanmingming/live/main/tv/CCTV1.png,452,未分组,,200
Zerouno TV (720p),http://5db313b643fd8.streamlock.net:1935/ZerounoTV/ZerounoTV/playlist.m3u8,网络源,https://i.imgur.com/RMPVvGR.png,104,未分组,,403
НТМ (Народное телевидение Мордовии) (720p) [Not 24/7],https://live-ntm13.cdnvideo.ru/ntm13/smil:ntm13.smil/playlist.m3u8,网络源,https://i.imgur.com/AH50pGT.png,725,未分组,,200
Студия Факт,https://042auhsnh0x.a.trbcdn.net/livemaster/rmhtb_live-7td9v6w34o6.smil/playlist.m3u8,网络源,https://i.imgur.com/y73pRGZ.png,730,未分组,,200
CCTV-15,https://www.freetv.top/migu/673168223.m3u8?migutoken=4e8d5766579c6bef231494cabd07e5b49d965804790214280c9791e4c331fd90311cb62ea43d3a1899229bfa57be4afe5a567b32a6b78153fc9a9801e28a39435e078b48c211e71d6083519be4,网络源,https://gh.catmak.name/https://raw.githubusercontent.com/fanmingming/live/main/tv/CCTV15.png,267,未分组,,200
Еврокино,http://31.148.48.15/Evrokino/index.m3u8,网络源,https://i.imgur.com/8LPtPf6.png,203,未分组,,200
Zee Uttar Pradesh/Uttarakhand (720p),https://duw35ict5q7th.cloudfront.net/index_3.m3u8,网络源,https://i.imgur.com/gxKFKRG.png,934,未分组,,200
о2тв,http://31.148.48.15/O2_HD/index.m3u8,网络源,https://i.imgur.com/CM6z7fA.png,203,未分组,,200
CCTV-1,https://www.freetv.top/migu/608807420.m3u8?migutoken=5b04cf0d91179ab2d3d71703f0a8bc3d32dd02f7d8fb55ee70e05c216b8a9d1a73d911fbde798459fb66d94934157c996f8306c0dd37917775f2ed73dcc22cf84b25ca500bff5c636ff48d6344,网络源,https://gh.catmak.name/https://raw.githubusercontent.com/fanmingming/live/main/tv/CCTV1.png,267,未分组,,200
Евразия (Орск) (720p),https://infochh.trkeurasia.ru/hlsinfoch/infochhd.m3u8,网络源,https://i.imgur.com/4JUHIVS.png,1272,未分组,,200
ЕГЭ ТВ,http://194.143.148.28:8080/RT_DOC/index.m3u8,网络源,https://i.imgur.com/XxJBLt4.png,416,未分组,,200
CCTV-1,http://php.jdshipin.com/TVOD/iptv.php?id=rthk33,网络源,https://gh.catmak.name/https://raw.githubusercontent.com/fanmingming/live/main/tv/CCTV1.png,1523,未分组,,200
Общественное Независимое Телевидение (576p),http://85.238.112.40:8810/hls_sec/239.33.75.33-.m3u8,网络源,https://i.imgur.com/jFP50g2.png,282,未分组,,200
НТС (Севастополь) (1080p) [Not 24/7],https://peqk71plnjy.a.trbcdn.net/livemaster/w4kz7pki62_nts_tv/playlist.m3u8,网络源,https://i.imgur.com/skkDR7q.png,847,未分组,,200
刘德华,http://epg.112114.xyz/douyu/2516864,网络源,,672,未分组,,200
Енисей (1080p) [Not 24/7],https://hls-eniseytv.cdnvideo.ru/eniseytv/stream1/playlist.m3u8,网络源,https://i.imgur.com/57deE7f.png,471,未分组,,200
Сфера ТВ,http://cdn10.live-tv.od.ua:8081/sferarv/sferarv-abr/playlist.m3u8,网络源,https://i.imgur.com/S1h1t0G.png,728,未分组,,200
ZFM Zoetermeer (720p),https://zfmzoetermeer.nl/live/master.m3u8,网络源,https://i.imgur.com/vrjACvy.png,734,未分组,,200
Сургут 24 (720p) [Not 24/7],https://video1.in-news.ru/c24/index.m3u8,网络源,https://i.imgur.com/OxvqXMt.png,865,未分组,,403
CCTV-9,https://smart.pendy.dpdns.org/Smart.php?id=cctv9hd,网络源,https://gh.catmak.name/https://raw.githubusercontent.com/fanmingming/live/main/tv/CCTV9.png,790,未分组,,200
CCTV-1,https://smart.pendy.dpdns.org/Smart.php?id=cctv1,网络源,https://gh.catmak.name/https://raw.githubusercontent.com/fanmingming/live/main/tv/CCTV1.png,793,未分组,,200
Таврия,https://streaming.televizor-24-tochka.ru/live/24.m3u8,网络源,https://i.imgur.com/gqung6i.png,591,未分组,,200
CCTV-13,http://ali-m-l.cztv.com/channels/lantian/channel21/1080p.m3u8,网络源,https://gh.catmak.name/https://raw.githubusercontent.com/fanmingming/live/main/tv/CCTV13.png,726,未分组,,200
浙江国际,https://ali-m-l.cztv.com/channels/lantian/channel010/1080p.m3u8,网络源,,1006,未分组,,200
Zhejiang Satellite TV,https://play-qukan.cztv.com/live/1758879019692345.m3u8,网络源,https://i.postimg.cc/mrtBcmTx/zhejiangsatellitetv.png,913,未分组,,200
ТВ3,https://streaming.televizor-24-tochka.ru/live/18.m3u8,网络源,https://i.imgur.com/JLAvq8O.png,136,未分组,,403
Живая Планета,http://31.148.48.15/Zhivaya_Planeta/index.m3u8,网络源,https://i.imgur.com/onNv1tM.png,203,未分组,,200
CCTV-5,https://www.freetv.top/migu/641886683.m3u8?migutoken=3e5c01f93922de8d1c940fe15bb47349b27e8f7a2e624dde1a83dff3b2a80f58b7624151a3a4d00488edee34f202818557340903382fae02bb754084eb942bd50e59061df36fab62fb5b908903,网络源,https://gh.catmak.name/https://raw.githubusercontent.com/fanmingming/live/main/tv/CCTV5.png,271,未分组,,200
嵊州综合 (720p) [Not 24/7],https://l.cztvcloud.com/channels/lantian/SXshengzhou1/720p.m3u8,网络源,,313,未分组,,200
荣昌综合 (404p) [Not 24/7],http://183.64.181.25:40023/rongchang01.m3u8,网络源,,764,未分组,,200
Жар Птица (404p) [Geo-blocked],http://streamer.rtcommufa.ru:1935/ptica/ptica1/playlist.m3u8,网络源,https://i.imgur.com/19R470V.png,670,未分组,,200
Zhejiang TV International,https://ali-m-l.cztv.com/channels/lantian/channel10/1080p.m3u8,网络源,https://i.imgur.com/XOL1Hph.png,730,未分组,,200
ЖИВИ!,http://31.148.48.15/Zhivi/index.m3u8,网络源,https://i.imgur.com/LPqySGk.png,203,未分组,,200
利川公共 (576p) [Geo-blocked],http://lichuan.live.tempsource.cjyun.org/videotmp/s10093-lcgg.m3u8,网络源,,801,未分组,,503
前郭综合 [Geo-blocked],https://stream2.jlntv.cn/qg/sd/live.m3u8,网络源,,287,未分组,,200
ОНТ (576p) [Not 24/7],https://stream.dc.beltelecom.by/ont/ont/playlist.m3u8,网络源,https://i.imgur.com/LbHdHEk.png,870,未分组,,200
За!ТВ,https://streaming.televizor-24-tochka.ru/live/25.m3u8,网络源,https://i.imgur.com/pVPTl8J.png,155,未分组,,200
ТВ Центр,https://tvc-hls.cdnvideo.ru/tvc-res/smil:vd9221.smil/playlist.m3u8,网络源,https://i.postimg.cc/KcgtT9C7/tvcentr.png,481,未分组,,200
CCTV-15,https://smart.pendy.dpdns.org/Smart.php?id=cctv15,网络源,https://gh.catmak.name/https://raw.githubusercontent.com/fanmingming/live/main/tv/CCTV15.png,731,未分组,,200
Zindagi TV (576p) [Not 24/7],https://5ad386ff92705.streamlock.net/live_transcoder/ngrp:zindagitv.stream_all/chunklist.m3u8,网络源,https://i.imgur.com/XBHvR5J.png,354,未分组,,200
CCTV-10,http://220.170.241.204:9901/tsfile/live/0010_1.m3u8,网络源,https://gh.catmak.name/https://raw.githubusercontent.com/fanmingming/live/main/tv/CCTV10.png,523,未分组,,200
ТВА (Чернiвцi) (576p),http://hls.cdn.ua/tva.ua_live/livestream/playlist.m3u8,网络源,https://i.imgur.com/PtTQ5lv.png,475,未分组,,200
CCTV-10,http://z.b.bkpcp.top/m.php?id=CCTV-10ç§‘æ•™ç§‘æ•™,网络源,https://gh.catmak.name/https://raw.githubusercontent.com/fanmingming/live/main/tv/CCTV10.png,380,未分组,,403
浙江教科,https://ali-m-l.cztv.com/channels/lantian/channel004/1080p.m3u8,网络源,,231,未分组,,200
Орбіта ТВ (360p) [Not 24/7],http://ftp.orbita.dn.ua/hls/orbita.m3u8,网络源,https://i.ibb.co/Bj4T9wB/logo-Orbita-fin14.png,1251,未分组,,200
Запад 24 (Калининград),https://vgtrkregion-reg.cdnvideo.ru/vgtrk/kaliningrad/zapad24-hd/index.m3u8,网络源,https://i.imgur.com/HerCP0u.png,347,未分组,,200
CCTV-10,http://goo.bkpcp.top/mg/cctv10,网络源,https://gh.catmak.name/https://raw.githubusercontent.com/fanmingming/live/main/tv/CCTV10.png,308,未分组,,403
ZIZ TV (720p),https://media.slactech.com:1936/ZIZDirect/ZIZDirect/playlist.m3u8,网络源,https://i.imgur.com/fB09i6X.png,396,未分组,,200
Твое TV HD,http://tvoetv.space:8080/tvoetv/index.m3u8,网络源,https://i.imgur.com/kKAM7dP.png,302,未分组,,200
ОТР,https://streaming.televizor-24-tochka.ru/live/12.m3u8,网络源,https://i.imgur.com/VaWlnjZ.png,136,未分组,,403
Твое ТВ Юмор,http://tvoetv.space:8080/tvoetv_humor/index.m3u8,网络源,https://smotret.tv/images/tvoe-tv-yumor.webp,138,未分组,,200
Открытый мир. Здоровье,https://v4.proofix.ru/0mir/index.m3u8,网络源,https://i.imgur.com/7orZOJA.png,768,未分组,,200
СТАРТ Триумф,https://bl.webcaster.pro/media/playlist/free_fe8dc1b768a84b8b0333db826471f17e_hd/33_85479982/1080p/8666c3e935faf6ef47ffd601e8e48868/4821408969.m3u8,网络源,https://i.imgur.com/L9jTieL.png,7063,未分组,,403
CCTV-2,http://goo.bkpcp.top/mg/CCTV2,网络源,https://gh.catmak.name/https://raw.githubusercontent.com/fanmingming/live/main/tv/CCTV2.png,536,未分组,,403
Zjarr TV (360p),https://zjarr.future.al/hls/playlist.m3u8,网络源,https://i.imgur.com/hNuWZWe.png,374,未分组,,200
ТВК 24 (576p),https://air.tvk6.ru/tvk24/playlist.m3u8,网络源,https://upload.wikimedia.org/wikipedia/commons/e/e7/%D0%9B%D0%BE%D0%B3%D0%BE%D1%82%D0%B8%D0%BF_%D0%BA%D1%80%D0%B0%D1%81%D0%BD%D0%BE%D1%8F%D1%80%D1%81%D0%BA%D0%BE%D0%B3%D0%BE_%D1%82%D0%B5%D0%BB%D0%B5%D0%BA%D0%B0%D0%BD%D0%B0%D0%BB%D0%B0_%D0%A2%D0%92%D0%9A_%282015%29.png,925,未分组,,200
ZNBC TV 1,https://uvotv-aniview.global.ssl.fastly.net/hls/live/2119689/znbc1/playlist.m3u8,网络源,https://i.postimg.cc/5tYW9jmb/znbctv1.png,15,未分组,,403
ZNBC TV 2,https://uvotv-aniview.global.ssl.fastly.net/hls/live/2119689/znbc2/playlist.m3u8,网络源,https://i.imgur.com/buMjKaq.png,17,未分组,,403
CCTV-13,http://jwplay.hebyun.com.cn/live/cctv13/1500k/tzwj_video.m3u8,网络源,https://gh.catmak.name/https://raw.githubusercontent.com/fanmingming/live/main/tv/CCTV13.png,1215,未分组,,200
浙江民生,https://ali-m-l.cztv.com/channels/lantian/channel006/1080p.m3u8,网络源,,253,未分组,,200
浙江新闻,https://ali-m-l.cztv.com/channels/lantian/channel007/1080p.m3u8,网络源,,833,未分组,,200
萧山新闻综合 (720p) [Not 24/7],https://l.cztvcloud.com/channels/lantian/SXxiaoshan1/720p.m3u8,网络源,,284,未分组,,200
Звезда Плюс,http://tvzvezda.bonus-tv.ru/cdn/zvezdaplus/playlist.m3u8,网络源,https://i.imgur.com/NNmjD9Z.png,656,未分组,,200
Зоо ТВ,http://31.148.48.15/Zoo_TV/index.m3u8,网络源,https://i.imgur.com/p7WzqGS.png,203,未分组,,200
Өлзий ТВ (720p),https://cdn4.skygo.mn/live/disk1/UlziiTV/HLSv3-FTA/UlziiTV.m3u8,网络源,https://i.imgur.com/p7tsUTI.png,300,未分组,,200
浙江钱江,https://ali-m-l.cztv.com/channels/lantian/channel002/1080p.m3u8,网络源,,233,未分组,,200
Театр,http://31.148.48.15/Sochi_HD/index.m3u8,网络源,https://i.imgur.com/nc2ijCH.png,402,未分组,,200
ZNBC TV 3,https://uvotv-aniview.global.ssl.fastly.net/hls/live/2119689/znbc3/playlist.m3u8,网络源,https://i.imgur.com/Au8M5Uu.png,15,未分组,,403
Известия,http://igi-hls.cdnvideo.ru/igi/igi_tcode/playlist.m3u8,网络源,https://i.imgur.com/r5HzA6J.png,425,未分组,,200
Иллюзион+,http://31.148.48.15/Illusion_plus/index.m3u8,网络源,https://i.imgur.com/9GvuHQ5.png,200,未分组,,200
广水新闻综合 [Geo-blocked],http://guangshui.live.tempsource.cjyun.org/videotmp/s10146-GSXW.m3u8,网络源,,808,未分组,,503
CCTV-2,https://smart.pendy.dpdns.org/Smart.php?id=cctv2,网络源,https://gh.catmak.name/https://raw.githubusercontent.com/fanmingming/live/main/tv/CCTV2.png,785,未分组,,200
半岛新闻 (1080p),https://live-hls-web-aje.getaj.net/AJE/01.m3u8,网络源,,202,未分组,,200
ZNBC TV 4,https://uvotv-aniview.global.ssl.fastly.net/hls/live/2119690/znbc4/playlist.m3u8,网络源,https://i.imgur.com/unlfiVq.png,11,未分组,,403
Патриот (576i),http://catchup.videoline.ru/asvtv/index.m3u8,网络源,https://patriotkanal.ru/assets/cached/2025/02/resize/264_112_q100_patriot-only-logo.png,449,未分组,,200
延边新闻综合 [Geo-blocked],https://stream2.jlntv.cn/jlyb/sd/live.m3u8,网络源,,310,未分组,,200
Телеканал 86 (Сургут) (1080p) [Not 24/7],https://sitv.ru/hls/s86.m3u8,网络源,https://i.imgur.com/0dRS4Cb.png,874,未分组,,200
YLE TV 1 (1080p) [Geo-blocked],https://yletv.akamaized.net/hls/live/622365/yletv1fin/playlist.m3u8,网络源,https://i.imgur.com/6yXZwUL.png,153,未分组,,403
YLE TV 2 (1080p) [Geo-blocked],https://yletv.akamaized.net/hls/live/622366/yletv2fin/playlist.m3u8,网络源,https://i.imgur.com/4xkc6PL.png,5,未分组,,403
Индия,http://31.148.48.15/Zee_TV_Russia/index.m3u8,网络源,https://i.imgur.com/xDVcDOc.png,200,未分组,,200
Телекафе,http://31.148.48.15/Telekafe/index.m3u8,网络源,https://i.imgur.com/1H3h1HL.png,202,未分组,,200
ZNS-TV,https://zns-edge1.streamcomedia.cloud/znstv13/zns1080p_stream/playlist.m3u8,网络源,https://i.imgur.com/h6nC8fe.png,206,未分组,,200
Первый городской (Одесса) (1080p) [Not 24/7],http://91.194.79.46:8081/stream1/channel1/playlist.m3u8,网络源,https://i.imgur.com/8qdc6aO.png,429,未分组,,200
YLE TV Teema & Fem (1080p) [Geo-blocked],https://yletv.akamaized.net/hls/live/622367/yletvteemafemfin/playlist.m3u8,网络源,https://upload.wikimedia.org/wikipedia/commons/thumb/0/04/Yle_Teema_%26_Fem.svg/512px-Yle_Teema_%26_Fem.svg.png,6,未分组,,403
Телеканал Репортер Одесса (720p),http://cdn1.live-tv.od.ua:8081/31chod/31chod-abr/31chod/31chod/playlist.m3u8,网络源,https://i.imgur.com/LyA3kBR.png,438,未分组,,200
Телеканал Краснодар,https://krasnodar.mediacdn.ru/live/cdn/krasnodar/playlist.m3u8,网络源,https://i.imgur.com/YVtutzp.png,925,未分组,,403
Первый информационный (1080p),https://ngtrk.dc.beltelecom.by/ngtrk/smil:informacionnyy.smil/playlist.m3u8,网络源,https://i.imgur.com/eIiXRAI.png,553,未分组,,200
蕭山生活頻道 (720p) [Not 24/7],https://l.cztvcloud.com/channels/lantian/SXxiaoshan2/720p.m3u8,网络源,,939,未分组,,200
建安电视台 (1080p) [Not 24/7],http://live.dxhmt.cn:9081/tv/11003-1.m3u8,网络源,,684,未分组,,200
Телепутешествия,http://31.148.48.15/Teleputeshestviya/index.m3u8,网络源,https://i.imgur.com/eXJm1n3.png,203,未分组,,200
Ингушетия ТВ,https://ingushetia.mediacdn.ru/cdn/ingushetia/playlist.m3u8,网络源,https://i.imgur.com/Fw2Hkk4.png,868,未分组,,200
浙江经济,https://ali-m-l.cztv.com/channels/lantian/channel003/1080p.m3u8,网络源,,1763,未分组,,200
CCTV-5,https://smart.pendy.dpdns.org/Smart.php?id=cctv5,网络源,https://gh.catmak.name/https://raw.githubusercontent.com/fanmingming/live/main/tv/CCTV5.png,775,未分组,,200
История,http://31.148.48.15/Istoriya/index.m3u8,网络源,https://i.imgur.com/eEjPail.png,203,未分组,,200
YleX Studio Live (720p),https://ylestudiolive.akamaized.net/hls/live/2007826/ylestudiolive-YleX/master.m3u8,网络源,https://upload.wikimedia.org/wikipedia/commons/thumb/c/cf/YleX.svg/450px-YleX.svg.png,357,未分组,,200
西安乐购购物 (180p) [Not 24/7],http://stream2.xiancity.cn/xatv6/playlist.m3u8,网络源,,1064,未分组,,403
Yo! MTV,http://cfd-v4-service-channel-stitcher-use1-1.prd.pluto.tv/stitch/hls/channel/654102ed770cf1000866c307/master.m3u8?appName=web&appVersion=unknown&clientTime=0&deviceDNT=0&deviceId=2c7c9e98-35fc-11ef-a031-2b5d494037a2&deviceMake=Chrome&deviceModel=web&deviceType=web&deviceVersion=unknown&includeExtendedEvents=false&serverSideAds=false&sid=4c7b00a0-d803-41b5-95bb-c20d39e69ce2,网络源,https://i.imgur.com/hzNXDdY.png,275,未分组,,200
CCTV-13,https://ldncctvwbcdcnc.v.wscdns.com/ldncctvwbcd/cdrmldcctv13_1/index.m3u8,网络源,https://gh.catmak.name/https://raw.githubusercontent.com/fanmingming/live/main/tv/CCTV13.png,1886,未分组,,200
CCTV-8,http://goo.bkpcp.top/mg/cctv8,网络源,https://gh.catmak.name/https://raw.githubusercontent.com/fanmingming/live/main/tv/CCTV8.png,299,未分组,,403
Первый Музыкальный Канал (576p),http://hz1.teleport.cc/HLS/SD.m3u8,网络源,https://i.imgur.com/YdyFJrl.png,339,未分组,,200
西安商务资讯 (180p) [Not 24/7],http://stream2.xiancity.cn/xatv3/playlist.m3u8,网络源,https://i.imgur.com/dzdiY4O.png,753,未分组,,403
西安影视 (180p) [Not 24/7],http://stream2.xiancity.cn/xatv4/playlist.m3u8,网络源,,397,未分组,,403
西安丝路 (404p) [Not 24/7],http://stream2.xiancity.cn/xatv5/playlist.m3u8,网络源,https://i.imgur.com/52i1Qnz.png,1377,未分组,,403
Zoey 101,http://cfd-v4-service-channel-stitcher-use1-1.prd.pluto.tv/stitch/hls/channel/63c69e6c4207be0007f73c22/master.m3u8?appName=web&appVersion=unknown&clientTime=0&deviceDNT=0&deviceId=1b21d083-4b81-11ef-a8ac-e146e4e7be02&deviceMake=Chrome&deviceModel=web&deviceType=web&deviceVersion=unknown&includeExtendedEvents=false&serverSideAds=false&sid=50b3ce2c-156c-47c7-adc5-da3955dc1b2b,网络源,,112,未分组,,200
Первый канал,https://edge1.1internet.tv/dash-live2/streams/1tv-dvr/1tvdash.mpd,网络源,https://i.imgur.com/RUSX0rX.png,1049,未分组,,200
西安新闻 (1080p) [Not 24/7],http://stream2.xiancity.cn/xatv1/playlist.m3u8,网络源,,193,未分组,,403
ZO!34 (720p),https://video.uitzending.tv:19360/zo34/zo34.m3u8,网络源,https://i.imgur.com/yiihDg6.png,1238,未分组,,200
К16 (Саров) (406p) [Not 24/7],http://serv25.vintera.tv:8081/test/k16/playlist.m3u8,网络源,https://i.imgur.com/7tNDKHe.png,575,未分组,,200
西安白鸽 (180p) [Not 24/7],http://stream2.xiancity.cn/xatv2/playlist.m3u8,网络源,,193,未分组,,403
Телерадиокомпания 555 (Алушта) (720p),http://trk555.tv:8888/live,网络源,https://i.imgur.com/JQZkxeA.png,1051,未分组,,200
Первый Музыкальный Канал Россия (576p),http://rtmp.one.by:2200,网络源,https://i.imgur.com/rEo7nR1.png,494,未分组,,200
Кавказ 24 (Ставрополь),https://vgtrkregion-reg.cdnvideo.ru/vgtrk/stavropol/kavkaz24-hd/index.m3u8,网络源,https://i.imgur.com/DyJw1Pi.png,145,未分组,,200
Zoey 101,http://cfd-v4-service-channel-stitcher-use1-1.prd.pluto.tv/stitch/hls/channel/63c69e6c4207be0007f73c22/master.m3u8?appName=web&appVersion=unknown&clientTime=0&deviceDNT=0&deviceId=bc86d9b8-4b91-11ef-8a44-83c5e90e038f&deviceMake=Chrome&deviceModel=web&deviceType=web&deviceVersion=unknown&includeExtendedEvents=false&serverSideAds=false&sid=62a0073c-8266-46b3-ae54-a16e6c532097,网络源,,270,未分组,,200
Первый Республиканский,https://streaming.televizor-24-tochka.ru/live/27.m3u8,网络源,https://i.imgur.com/Hrdq55E.png,162,未分组,,200
Карусель,http://31.148.48.15/Karusel_HD/index.m3u8,网络源,https://i.imgur.com/4wmnx1W.png,203,未分组,,200
Zoey 101,http://cfd-v4-service-channel-stitcher-use1-1.prd.pluto.tv/stitch/hls/channel/63c69e6c4207be0007f73c22/master.m3u8?appName=web&appVersion=unknown&clientTime=0&deviceDNT=0&deviceId=84b00014-4b92-11ef-aece-533610f1ea34&deviceMake=Chrome&deviceModel=web&deviceType=web&deviceVersion=unknown&includeExtendedEvents=false&serverSideAds=false&sid=392a5639-b4b6-405b-9ff9-cdc9a573bf62,网络源,,266,未分组,,200
ТКР (Рязань) (1080p) [Not 24/7],http://live.tkr.cdnvideo.ru/tkr/tkr.sdp/playlist.m3u8,网络源,https://i.imgur.com/VqtPB7L.png,440,未分组,,200
Первый канал Европа,https://streaming.thestream.cyou/live/210.m3u8,网络源,https://i.imgur.com/RUSX0rX.png,1783,未分组,,200
Телплюс ТВ (Астрахань) (360p) [Not 24/7],https://streaming.astrakhan.ru/telplushd/playlist.m3u8,网络源,https://i.imgur.com/1zbcZ3p.png,1517,未分组,,200
Тернопіль 1 (720p),https://ott.columbus.te.ua/ternopil1/index.m3u8,网络源,https://i.imgur.com/f5EtIzV.png,1171,未分组,,200
ТК Алмазный край (576p),https://stream.almaz-media.tv:8080/hls/576.m3u8,网络源,https://i.imgur.com/zErXTdF.png,718,未分组,,200
Карусель,https://streaming.televizor-24-tochka.ru/live/11.m3u8,网络源,https://i.imgur.com/4wmnx1W.png,138,未分组,,403
YouDotGov,https://reflect-communitytv.cablecast.tv/live-3/live/stream-1/live.m3u8,网络源,https://i.imgur.com/4Mc7baR.png,303,未分组,,200
华数 (720p) [Not 24/7],http://hls-ott-zhibo.wasu.tv/live/442/index.m3u8,网络源,,2712,未分组,,403
Первый Ярославский,https://yaroslavl.mediacdn.ru/cdn/pervyaroslavsk/playlist.m3u8,网络源,https://yarreg.ru/gallery/news/2025/03/293241/3.jpeg,748,未分组,,200
Перец International,https://cdn4.skygo.mn/live/disk1/Che/HLSv3-FTA/Che.m3u8,网络源,https://i.imgur.com/On6ggLe.png,294,未分组,,200
Young Hollywood [Geo-blocked],https://amg00143-younghollywoodfast-amg00143c1-cineverse-us-946.playouts.now.amagi.tv/playlist/amg00143-younghollywoodfast-younghollywood-cineverseus/playlist.m3u8,网络源,https://i.imgur.com/X27MGHd.png,143,未分组,,200
CCTV-3,http://113.106.171.234:8899/rtp/239.20.0.236:2270,网络源,https://gh.catmak.name/https://raw.githubusercontent.com/fanmingming/live/main/tv/CCTV3.png,1657,未分组,,200
Осетия Ирыстон,https://osir.mediacdn.ru/cdn/osetia/playlist.m3u8,网络源,https://i.imgur.com/N0Zn4zU.png,5761,未分组,,200
CCTV-13,https://www.freetv.top/migu/608807423.m3u8?migutoken=ac19a58805588401a8e818b6dd00df9b327912af3611ba95f89235e7020821668a2b6dc65ccc3904967da59d0a9742565c56ea582baf8915d068035054818ef0f369dab64705a6a7f7120529ec,网络源,https://gh.catmak.name/https://raw.githubusercontent.com/fanmingming/live/main/tv/CCTV13.png,267,未分组,,200
ТНТ,https://streaming.televizor-24-tochka.ru/live/23.m3u8,网络源,https://i.imgur.com/T4A6rEI.png,138,未分组,,403
Карусель International,https://cdn4.skygo.mn/live/disk1/Karusel/HLSv3-FTA/Karusel.m3u8,网络源,https://i.imgur.com/DnlngRZ.png,305,未分组,,200
КВН ТВ,http://31.148.48.15/KVN_TV/index.m3u8,网络源,https://i.imgur.com/Vw3LFLX.png,203,未分组,,200
ТНВ-Планета (Казань),https://planeta.mediacdn.ru/cdn/tnvplanet/playlist.m3u8,网络源,https://i.imgur.com/ijA1zDw.png,818,未分组,,200
CCTV-3,https://smart.pendy.dpdns.org/Smart.php?id=cctv3,网络源,https://gh.catmak.name/https://raw.githubusercontent.com/fanmingming/live/main/tv/CCTV3.png,735,未分组,,200
Поехали!,http://31.148.48.15/Poehali/index.m3u8,网络源,https://i.imgur.com/ZNCpbII.png,200,未分组,,200
Тамыр (Уфа),https://bstonline.mediacdn.ru/cdn/tamyr/playlist.m3u8,网络源,https://i.imgur.com/Ia3acCB.png,6750,未分组,,200
ТНТ4 International,https://cdn4.skygo.mn/live/disk1/TNT4/HLSv3-FTA/TNT4.m3u8,网络源,https://i.imgur.com/SjdOaya.png,294,未分组,,200
Победа,https://streaming.thestream.cyou/live/43.m3u8,网络源,https://i.imgur.com/4KiYSln.png,775,未分组,,200
贝爷影厅,http://epg.112114.xyz/douyu/252802,网络源,,760,未分组,,200
Кинеко,http://194.143.148.28:8080/KINEKO/index.m3u8,网络源,https://i.imgur.com/Otfvlmf.png,207,未分组,,200
广东 Ⅰ 韶关综合台 (720p) [Not 24/7],https://www.sgmsw.cn/videos/tv/201805/1308/SB05RIYZOU8JR418AUQOF62CAJQ08D0E/hls/live.m3u8,网络源,,5968,未分组,,504
广东 Ⅰ 韶关公共台 (720p) [Not 24/7],https://www.sgmsw.cn/videos/tv/201805/1308/9P424TC5M000AFO13CXK6GN6BOA889D2/hls/live.m3u8,网络源,,6393,未分组,,504
YourTime TV,https://hls.yourtime.live/hls/stream.m3u8,网络源,https://i.imgur.com/X38vWJ1.png,451,未分组,,200
ТНТ International,https://cdn4.skygo.mn/live/disk1/THT/HLSv3-FTA/THT.m3u8,网络源,https://i.imgur.com/l0RGbRI.png,294,未分组,,200
YTA TV,https://yta.unitedteleports.tv/hls/YTA.m3u8,网络源,https://upload.wikimedia.org/wikipedia/en/8/84/YouToo_America_logo.png,136,未分组,,200
Zoo Moo (Australia) (1080p),https://zoomoo-samsungau.amagi.tv/playlist.m3u8,网络源,https://i.imgur.com/ciTJrnl.png,234,未分组,,200
XITE Rock,http://cfd-v4-service-channel-stitcher-use1-1.prd.pluto.tv/stitch/hls/channel/623a1b5188ecdc0007c9ef5a/master.m3u8?appName=web&appVersion=unknown&clientTime=0&deviceDNT=0&deviceId=6c2d3735-30d3-11ef-9cf5-e9ddff8ff496&deviceMake=Chrome&deviceModel=web&deviceType=web&deviceVersion=unknown&includeExtendedEvents=false&serverSideAds=false&sid=f428e683-63a3-4e04-a7ac-126caa2fda54,网络源,,384,未分组,,200
Кино 1 International [Not 24/7],http://kino-1.catcast.tv/content/38617/index.m3u8,网络源,https://i.imgur.com/zsCPLs4.png,246,未分组,,200
Прима (1080p),https://tele2dvrnat01-02.cdnvideo.ru/stream/NAT_Prima/hls/index.m3u8,网络源,https://i.imgur.com/33XGMch.png,841,未分组,,200
Zoom (720p),https://d35j504z0x2vu2.cloudfront.net/v1/master/0bc8e8376bd8417a1b6761138aa41c26c7309312/zoom-tv/master.m3u8,网络源,https://i.imgur.com/kcDJ4g0.png,225,未分组,,200
CCTV-5,https://ldcctvwbcdks.v.kcdnvip.com/ldcctvwbcd/cdrmldcctv5plus_1/index.m3u8?b=200-2100,网络源,https://gh.catmak.name/https://raw.githubusercontent.com/fanmingming/live/main/tv/CCTV5.png,1399,未分组,,403
Кинопоказ,http://31.148.48.15/Kinopokaz/index.m3u8,网络源,https://i.imgur.com/nNjMyAq.png,200,未分组,,200
Продвижение,https://prodvizhenie.bonus-tv.ru/cdn/prodvizhenie/playlist.m3u8,网络源,https://i.imgur.com/KlsnfG9.png,820,未分组,,403
ОСН,http://osnmedia.servicecdn.ru/streams/17603_88089/playlist.m3u8,网络源,https://www.osnmedia.ru/wp-content/uploads/2024/11/osn-logo-header.png,7678,未分组,,200
Просвещение (540p) [Geo-blocked],https://cdn-01.bonus-tv.ru/prosveschenie_edge/playlist.m3u8,网络源,https://i.imgur.com/uppFhhq.png,435,未分组,,200
Толк HD,http://live-tolknews.cdnvideo.ru/tolknews/stream/playlist.m3u8,网络源,https://i.imgur.com/l7JZ79P.png,453,未分组,,200
Звезда (1080p) [Not 24/7],https://tvchannelstream1.tvzvezda.ru/cdn/tvzvezda/playlist.m3u8,网络源,https://i.imgur.com/4PAcpfM.png,7837,未分组,,200
ТНТ MUSIC,https://cdn-01.bonus-tv.ru/tntmusic/playlist.m3u8,网络源,https://i.imgur.com/RenuH4S.png,1653,未分组,,403
YTV,https://uvotv-aniview.global.ssl.fastly.net/hls/live/2119033/ytvbotswana/playlist.m3u8,网络源,https://i.imgur.com/EgDsGwY.png,15,未分组,,403
Zoom! Zoom!,http://cfd-v4-service-channel-stitcher-use1-1.prd.pluto.tv/stitch/hls/channel/6452c77ed3fdde00080eb3a8/master.m3u8?appName=web&appVersion=unknown&clientTime=0&deviceDNT=0&deviceId=6c2d3739-30d3-11ef-9cf5-e9ddff8ff496&deviceMake=Chrome&deviceModel=web&deviceType=web&deviceVersion=unknown&includeExtendedEvents=false&serverSideAds=false&sid=61bcf170-9a7d-4ad9-8836-366120619cff,网络源,,60,未分组,,200
CCTV-13,https://smart.pendy.dpdns.org/Smart.php?id=cctv13,网络源,https://gh.catmak.name/https://raw.githubusercontent.com/fanmingming/live/main/tv/CCTV13.png,782,未分组,,200
YOUNIB Media TV (720p) [Not 24/7],https://goliveafrica.media:9998/live/6257fbe7383d6/index.m3u8,网络源,https://i.imgur.com/LtiPOYG.jpg,3834,未分组,,200
南阳新闻 (1080p) [Not 24/7],http://30539.hlsplay.aodianyun.com/lms_30539/tv_channel_142.m3u8,网络源,,692,未分组,,403
Три Ангела (720p),https://hls.tv.3angels.ru/stream.m3u8,网络源,https://i.imgur.com/4fhBbam.png,748,未分组,,200
КИНОТВ,https://vod.tuva.ru/kinotv/index.m3u8,网络源,https://i.imgur.com/sMpamNO.png,1540,未分组,,200
Пятница!,https://vod.tuva.ru/friday/index.m3u8,网络源,https://i.imgur.com/UfmlXxe.png,921,未分组,,200
Yu-Gi-Oh!,http://cfd-v4-service-channel-stitcher-use1-1.prd.pluto.tv/stitch/hls/channel/642d4493aa2d690008f0a03f/master.m3u8?appName=web&appVersion=unknown&clientTime=0&deviceDNT=0&deviceId=bc86d9b6-4b91-11ef-8a44-83c5e90e038f&deviceMake=Chrome&deviceModel=web&deviceType=web&deviceVersion=unknown&includeExtendedEvents=false&serverSideAds=false&sid=cb788c52-b6d0-48f4-99a5-61f412d9e79b,网络源,,43,未分组,,200
Zoomer TV (1080p),https://d3p8ecnk6t4t73.cloudfront.net/scheduler/scheduleMaster/316.m3u8,网络源,,194,未分组,,200
XON (480p) [Not 24/7],http://ms2.mx-cd.net/tv/EdeTV.smil/playlist.m3u8,网络源,https://i.imgur.com/xEUHgMj.png,573,未分组,,200
Конный Мир,https://cdn-01.bonus-tv.ru/kmir/playlist.m3u8,网络源,https://i.imgur.com/X6otbK0.png,154,未分组,,200
Пятница! International,https://cdn4.skygo.mn/live/disk1/Friday/HLSv3-FTA/Friday.m3u8,网络源,https://i.imgur.com/N2z3EZC.png,299,未分组,,200
南陽公共頻道 (1080p) [Not 24/7],http://30539.hlsplay.aodianyun.com/lms_30539/tv_channel_295.m3u8,网络源,,222,未分组,,403
康巴卫视 (720p) [Not 24/7],http://scgctvshow.sctv.com/hdlive/kangba/1.m3u8,网络源,https://i.imgur.com/UKKsnhD.png,3823,未分组,,403
Yu-Gi-Oh! (1080p),https://amg01796-amg01796c19-rakuten-gb-7486.playouts.now.amagi.tv/playlist/amg01796-fastmediafast-yugioh2en-rakutengb/playlist.m3u8,网络源,,198,未分组,,200
Xplore (714p) [Geo-blocked],http://web.onair-radio.eu:1935/explorecy/explorecy/playlist.m3u8,网络源,https://i.imgur.com/8oy62fX.png,798,未分组,,200
Yu-Gi-Oh!,http://cfd-v4-service-channel-stitcher-use1-1.prd.pluto.tv/stitch/hls/channel/642d4493aa2d690008f0a03f/master.m3u8?appName=web&appVersion=unknown&clientTime=0&deviceDNT=0&deviceId=1b21d081-4b81-11ef-a8ac-e146e4e7be02&deviceMake=Chrome&deviceModel=web&deviceType=web&deviceVersion=unknown&includeExtendedEvents=false&serverSideAds=false&sid=1ca5a27f-794c-41ee-b51a-6fbe1b093d0b,网络源,https://i.imgur.com/Tl6aW2u.png,118,未分组,,200
Уникум,http://31.148.48.15/Detskiy/index.m3u8,网络源,https://i.imgur.com/kSJZjDL.png,201,未分组,,200
Xplore,https://cdn-uw2-prod.tsv2.amagi.tv/linear/amg00111-hearstmediaprod-xploreintlnl-samsungnl/playlist.m3u8,网络源,https://i.imgur.com/WaGRlFO.png,449,未分组,,200
Радио Говорит Москва (Веб-камера) (720p),https://video.govoritmoskva.ru/rufm/index.m3u8,网络源,https://i.imgur.com/z2mxf3E.png,593,未分组,,206
Урал 24 (Челябинск),https://vgtrkregion-reg.cdnvideo.ru/vgtrk/chelyabinsk/ural24-hd/index.m3u8,网络源,https://i.imgur.com/eoI4KuB.png,144,未分组,,200
Красная линия,http://s55766.cdn.ngenix.net/s55766-media-origin/rline_high/index.m3u8,网络源,https://i.imgur.com/TgZ8Uv1.png,603,未分组,,200
КРИК-ТВ (Екатеринбург),http://cdn-01.bonus-tv.ru/kriktv_edge/playlist.m3u8,网络源,https://i.postimg.cc/qRy8Jsq8/kriktv.png,506,未分组,,200
博斯高球台,https://yeslivetv.com/twiptv/litv-longturn05/index.m3u8,网络源,,107,未分组,,403
新昌休闲影视 (1080p) [Not 24/7],https://l.cztvcloud.com/channels/lantian/SXxinchang2/720p.m3u8,网络源,,257,未分组,,200
南陽科教頻道 (1080p) [Not 24/7],http://30539.hlsplay.aodianyun.com/lms_30539/tv_channel_296.m3u8,网络源,,901,未分组,,403
Yu-Gi-Oh! en espanol,https://amg01796-amg01796c18-rakuten-es-7491.playouts.now.amagi.tv/playlist/amg01796-fastmediafast-yugiohees-rakutenes/playlist.m3u8,网络源,https://i.imgur.com/VH8RiHg.png,261,未分组,,200
新昌新聞綜合 (1080p) [Not 24/7],https://l.cztvcloud.com/channels/lantian/SXxinchang1/720p.m3u8,网络源,,257,未分组,,200
XPTV1 (720p),https://janus.xpbroadcasting.com:8443/hls/xptv1.m3u8,网络源,https://i.imgur.com/Ty7GkoN.png,326,未分组,,200
Yu-Gi-Oh! Italy,https://amg01796-amg01796c17-rakuten-it-7492.playouts.now.amagi.tv/playlist/amg01796-fastmediafast-yugioh3it-rakutenit/playlist.m3u8,网络源,,339,未分组,,200
Радио Хит (Орск) (720p),http://lova.me/hls/hithd.m3u8,网络源,https://i.imgur.com/5xKqV1s.png,1629,未分组,,200
Крым 24,https://streaming.televizor-24-tochka.ru/live/28.m3u8,网络源,https://i.imgur.com/k4C0uvp.png,887,未分组,,200
XPTV2 (720p),https://janus.xpbroadcasting.com:8443/hls/xptv2.m3u8,网络源,https://i.imgur.com/74Z8ATB.png,91,未分组,,200
辽源新闻综合 [Geo-blocked],https://stream2.jlntv.cn/liaoyuan1/sd/live.m3u8,网络源,,314,未分组,,200
Радио Шансон (720p) [Not 24/7],http://chanson-video.hostingradio.ru:8080/hls/chansonabr/live.m3u8,网络源,https://i.postimg.cc/5t1gR934/radioshanson.png,1268,未分组,,200
Радость моя,https://radm.mediacdn.ru/cdn/radost/playlist.m3u8,网络源,https://i.postimg.cc/DZpc0rK0/radostmoya.png,858,未分组,,200
УТРК (480p) [Not 24/7],https://st2.mediabay.tv/KG_KTRK-UTRK/index.m3u8,网络源,https://i.ibb.co/VJ7cPRH/Xp5clCA.png,1519,未分组,,403
УТРК Ала-Тоо 24 (480p) [Not 24/7],https://st2.mediabay.tv/KG_KTRK-Ala-too/playlist.m3u8,网络源,https://i.imgur.com/vBPmUQA.png,923,未分组,,403
Yuma77,https://securestream10.champds.com/LIVE/YumaCoAZLIVE/YumaCoAZLIVE.m3u8,网络源,https://i.imgur.com/KBriwwj.png,618,未分组,,200
XPTV US (720p),https://janus.xpbroadcasting.com:8443/hls/xptvUS.m3u8,网络源,https://i.imgur.com/1m7kDmc.png,90,未分组,,200
КТК (1080p) [Not 24/7],https://wz-kt.ktk.kz/ktklive/smil:ktk-live.smil/playlist.m3u8,网络源,https://i.imgur.com/BurrNTo.png,1233,未分组,,200
УТРК Баластан (480p) [Not 24/7],https://st2.mediabay.tv/KG_KTRK-Balastan/index.m3u8,网络源,https://i.imgur.com/D5ylCiX.png,724,未分组,,403
Курай (Уфа) (576p),https://bsttv.bonus-tv.ru/cdn/kurai/playlist.m3u8,网络源,https://i.imgur.com/hZXBD9F.png,747,未分组,,200
Рен ТВ,https://streaming.televizor-24-tochka.ru/live/14.m3u8,网络源,https://i.imgur.com/0Tu5lte.png,139,未分组,,403
РБК (576p),https://uiptv.do.am/1ufc/701293058/playlist.m3u8,网络源,https://i.imgur.com/CwhmJby.png,886,未分组,,200
Кухня ТВ,http://31.148.48.15/Kuhnya_TV/index.m3u8,网络源,https://i.imgur.com/7jxZnuS.png,200,未分组,,200
УТРК Музыка (480p) [Not 24/7],https://st2.mediabay.tv/KG_KTRK-Muzika/index.m3u8,网络源,https://www.utrk.kg/img/stream/45.png,179,未分组,,403
XSport+,https://uvotv-aniview.global.ssl.fastly.net/hls/live/2119693/xsportsplus/playlist.m3u8,网络源,https://i.imgur.com/epnnKsB.png,15,未分组,,403
文山综合 (1080p) [Not 24/7],http://m3u8.channel.wsrtv.com.cn/cms/videos/nmip-media/channellive/channel7/playlist.m3u8,网络源,,3060,未分组,,200
Zurquí TV (720p),https://videoserver.tmcreativos.com:19360/gesfnvpamn/gesfnvpamn.m3u8,网络源,https://i.imgur.com/XvktUBB.jpg,230,未分组,,200
УТРК Спорт (480p) [Not 24/7],https://st2.mediabay.tv/KG_KTRK-Sport/index.m3u8,网络源,https://i.imgur.com/ORCu0w0.png,179,未分组,,403
РЖД ТВ (1080p) [Geo-blocked],http://hls.tva.cdnvideo.ru/tva/tvahd.sdp/playlist.m3u8,网络源,https://i.imgur.com/lf1r9L6.png,257,未分组,,403
Феникс плюс Кино,http://31.148.48.15/Feniks_plus_kino/index.m3u8,网络源,https://i.imgur.com/S9OPMLE.png,200,未分组,,200
通化新闻 [Geo-blocked],https://stream2.jlntv.cn/tonghua1/sd/live.m3u8,网络源,,291,未分组,,200
РЕН ТВ International,https://cdn4.skygo.mn/live/disk1/RenTV/HLSv3-FTA/RenTV.m3u8,网络源,https://i.imgur.com/gBjk9oF.png,294,未分组,,200
ZWEI2 Music (1080p),https://cdne.folxplay.tv/folx-trz/streams/ch-2/master.m3u8,网络源,https://i.imgur.com/RbdpCNf.png,400,未分组,,200
ЛДПР ТВ (1080p),http://46.46.143.222:1935/live/mp4:ldpr.stream/playlist.m3u8,网络源,https://i.imgur.com/gCmCRfe.png,413,未分组,,200
Yuma AZ CH 72,https://livestream.telvue.com/yumaaz1/f7b44cfafd5c52223d5498196c8a2e7b.sdp/playlist.m3u8,网络源,https://i.imgur.com/QsFBCWv.png,943,未分组,,200
Yuma AZ CH 73,https://livestream.telvue.com/yumaaz2/f7b44cfafd5c52223d5498196c8a2e7b.sdp/playlist.m3u8,网络源,https://i.imgur.com/QsFBCWv.png,628,未分组,,200
CCTV-12,http://z.b.bkpcp.top/m.php?id=CCTV-12ç¤¾ä¼šä¸æ³•ç¤¾ä¼šä¸æ³•,网络源,https://gh.catmak.name/https://raw.githubusercontent.com/fanmingming/live/main/tv/CCTV12.png,708,未分组,,403
Россия 1,https://vgtrkregion-reg.cdnvideo.ru/vgtrk/0/russia1-hd/index.m3u8,网络源,https://upload.wikimedia.org/wikipedia/commons/thumb/9/9b/11-%D0%B9_%D0%BB%D0%BE%D0%B3%D0%BE%D1%82%D0%B8%D0%BF_%D0%A0%D0%BE%D1%81%D1%81%D0%B8%D1%8F-1.svg/512px-11-%D0%B9_%D0%BB%D0%BE%D0%B3%D0%BE%D1%82%D0%B8%D0%BF_%D0%A0%D0%BE%D1%81%D1%81%D0%B8%D1%8F-1.svg.png,144,未分组,,200
Zuglo TV (360p),https://cloudfront44.lexanetwork.com:1344/freerelay/zuglotv.sdp/playlist.m3u8,网络源,https://i.imgur.com/wPqCtwR.png,1081,未分组,,200
Футбол,http://31.148.48.15/Futbol_HD/index.m3u8,网络源,https://i.imgur.com/pEuaZVx.png,200,未分组,,200
Zylo Cine Friki (1080p),https://zylo-cinefriki-rakuten.amagi.tv/playlist.m3u8,网络源,,371,未分组,,200
Z Nation,https://d39g1vxj2ef6in.cloudfront.net/v1/master/3fec3e5cac39a52b2132f9c66c83dae043dc17d4/prod-rakuten-stitched/master.m3u8?ads.xumo_channelId=88883098,网络源,https://images-1.rakuten.tv/storage/global-live-channel/translation/artwork/dff3a92e-c4aa-49c4-b1b6-4a847428b8d5-width200-quality90.png,156,未分组,,200
Xtrem Sports,https://streams2.sofast.tv/v1/master/611d79b11b77e2f571934fd80ca1413453772ac7/e0b81a5c-6ab5-48cd-aaa9-f82de4ab5bf9/manifest.m3u8,网络源,,290,未分组,,200
CCTV-14,https://event.pull.hebtv.com/jishi/cp2.m3u8#rtsp://103.251.96.71/PLTV/88888888/224/3221225783/10000100000000060000000000726027_0.smil?icpid=SSPID&amp;accounttype=1&amp;limitflux=-1&amp;limitdur=-1&amp;accountinfo=:20240213104135,网络源,https://gh.catmak.name/https://raw.githubusercontent.com/fanmingming/live/main/tv/CCTV14.png,801,未分组,,200
Xtreme Outdoor Presented by HISTORY,http://cfd-v4-service-channel-stitcher-use1-1.prd.pluto.tv/stitch/hls/channel/6000a6f4c3f8550008fc9b91/master.m3u8?appName=web&appVersion=unknown&clientTime=0&deviceDNT=0&deviceId=6c2d3736-30d3-11ef-9cf5-e9ddff8ff496&deviceMake=Chrome&deviceModel=web&deviceType=web&deviceVersion=unknown&includeExtendedEvents=false&serverSideAds=false&sid=d082e15e-9214-4119-8638-15c2c0edce25,网络源,,53,未分组,,200
Луганск 24,https://streaming.televizor-24-tochka.ru/live/29.m3u8,网络源,https://i.imgur.com/AihoVc0.png,140,未分组,,200
Россия 24 (576p) [Not 24/7],https://uiptv.do.am/1ufc/000000006/playlist.m3u8,网络源,https://upload.wikimedia.org/wikipedia/commons/thumb/6/66/Rossiya-24_Logo.svg/512px-Rossiya-24_Logo.svg.png,142,未分组,,200
Z (Запорожье) (1080p),https://stream.ztv.zp.ua/hls/live.m3u8,网络源,https://i.imgur.com/E5aV5aa.png,852,未分组,,200
Z One,https://89ec2d15e090480bb419d940b8793b9c.mediatailor.us-east-1.amazonaws.com/v1/master/44f73ba4d03e9607dcd9bebdcb8494d86964f1d8/RakutenTV-eu_ZeeWorld-1/playlist.m3u8,网络源,https://i.postimg.cc/QN5NkY1h/zeeone.png,155,未分组,,504
Zylo Cine Western (1080p) [Geo-blocked],https://amg00711-zylo-amg00711c9-rakuten-es-5783.playouts.now.amagi.tv/playlist/amg00711-zylofast-cinewesternes-rakutenes/playlist.m3u8,网络源,,136,未分组,,403
Ланет.TV (486p),https://kiev1-cdn.lanet.tv/live/1008.m3u8,网络源,https://i.imgur.com/Jdy4SoG.png,1274,未分组,,200
Россия К,https://vgtrkregion-reg.cdnvideo.ru/vgtrk/0/kultura-hd/index.m3u8,网络源,https://upload.wikimedia.org/wikipedia/commons/thumb/4/45/Russia-Cultura.svg/512px-Russia-Cultura.svg.png,139,未分组,,200
Zylo Ciné Nanar,https://zylo-cinenanar-rakuten.amagi.tv/playlist.m3u8,网络源,,384,未分组,,200
吉林市新闻综合 [Geo-blocked],https://stream2.jlntv.cn/jilin1/sd/live.m3u8,网络源,,337,未分组,,200
Хөгжим (720p),https://cdn4.skygo.mn/live/disk1/Khugjim/HLSv3-FTA/Khugjim.m3u8,网络源,,298,未分组,,200
Xtreme Outdoors (1080p),https://9bd99d43.wurl.com/master/f36d25e7e52f1ba8d7e56eb859c636563214f541/Um9rdV9Ta2lsbHNBbmRUaHJpbGxzX0hMUw/playlist.m3u8,网络源,,215,未分组,,504
Легендарный 24,https://sevas.1tvcrimea.ru/legendarniy24.m3u8,网络源,https://i.imgur.com/z9t6x8B.png,1149,未分组,,200
Zylo Ciné Western,https://amg00711-zylo-amg00711c8-rakuten-uk-2686.playouts.now.amagi.tv/playlist/amg00711-zylofast-cinewestern-rakutenuk/playlist.m3u8,网络源,,184,未分组,,200
CCTV-10,https://smart.pendy.dpdns.org/Smart.php?id=cctv10hd,网络源,https://gh.catmak.name/https://raw.githubusercontent.com/fanmingming/live/main/tv/CCTV10.png,785,未分组,,200
Любимое Индийское Кино [Not 24/7],https://v2.catcast.tv/content/41596/index.m3u8,网络源,https://i.imgur.com/hVptFue.png,464,未分组,,503
Че!,http://31.148.48.15/Che/index.m3u8,网络源,https://i.imgur.com/ZOcDGpB.png,200,未分组,,200
Zabb Channel (720p),https://vdo.plathong.net/flash7057/flash7057/playlist.m3u8,网络源,https://i.imgur.com/4TMtUjW.png,788,未分组,,200
Луч,https://mow-9-ll.facecast.io:8443/hls_re/c631505e4fd6d14665c0.m3u8,网络源,https://i.imgur.com/tXH51br.png,1149,未分组,,200
Zylo Emotion' L,https://rakutenaa-zylo-emotional-rakuten-r1zkm.amagi.tv/playlist/rakutenAA-zylo-emotional-rakuten/playlist.m3u8,网络源,,287,未分组,,200
Хузур ТВ (1080p) [Not 24/7],https://hls-mycdn08724960135.cdnvideo.ru/mycdn08724960135/stream1/playlist.m3u8,网络源,https://i.imgur.com/Abg1fct.png,597,未分组,,200
РТР Планета Азия,https://player.smotrim.ru/iframe/stream/live_id/683d9649-a96c-4a4d-b468-91c0ee2bf363,网络源,https://i.imgur.com/DTtK0z7.png,767,未分组,,200
漳州新闻综合 (720p) [Not 24/7],https://31182.hlsplay.aodianyun.com/lms_31182/tv_channel_175.m3u8,网络源,,4462,未分组,,403
РТР Планета Евро,https://player.smotrim.ru/iframe/stream/live_id/1525504b-449d-432d-ab5d-1f11081f8603,网络源,https://upload.wikimedia.org/wikipedia/commons/thumb/3/3c/RTR-Planeta_Logo.svg/512px-RTR-Planeta_Logo.svg.png,473,未分组,,200
Xtremo Channel (720p) [Geo-blocked],https://ss2.tvrdomi.com:1936/xtremochannel/xtremochannel/playlist.m3u8,网络源,https://i.imgur.com/bvPh0Uq.png,488,未分组,,200
甘肃移动 (540p) [Not 24/7],https://hls.gstv.com.cn/49048r/y72q36.m3u8,网络源,,2456,未分组,,403
Zagros (720p) [Not 24/7],https://5a3ed7a72ed4b.streamlock.net/zagrostv/SMIL:myStream.smil/playlist.m3u8,网络源,https://i.imgur.com/9Mspf32.png,669,未分组,,200
Магнат ТВ,https://s1.tv-nano.com/Magnat_HD_5119705/video.m3u8,网络源,https://i.imgur.com/r485aZL.png,674,未分组,,200
Zylo Fréquence Novelas,https://d20oth1416y9a1.cloudfront.net/playlist/amg00711-zylofast-frequencenovelas-rakutenus/playlist.m3u8,网络源,,205,未分组,,200
XV TV (480p),https://cloudfront44.lexanetwork.com:1344/relay01/HDE051.sdp/playlist.m3u8,网络源,https://i.ibb.co/hH2KF6W/4792.png,232,未分组,,200
Малдер Мегахит [Not 24/7],https://v2.catcast.tv/content/47689/index.m3u8,网络源,https://i.imgur.com/Ow2Pawt.png,116,未分组,,200
CCTV-4,http://z.b.bkpcp.top/m.php?id=CCTV-4å›½é™…,网络源,https://gh.catmak.name/https://raw.githubusercontent.com/fanmingming/live/main/tv/CCTV4.png,544,未分组,,403
Y'a que la vérité qui compte,http://cfd-v4-service-channel-stitcher-use1-1.prd.pluto.tv/stitch/hls/channel/612e044c970e6f00083bcf3b/master.m3u8?appName=web&appVersion=unknown&clientTime=0&deviceDNT=0&deviceId=8e063bd6-1f2c-11ef-86d8-5d587df108c6&deviceMake=Chrome&deviceModel=web&deviceType=web&deviceVersion=unknown&includeExtendedEvents=false&serverSideAds=false&sid=2371cf64-2e91-492c-9f0c-c88a7f973944,网络源,https://i.imgur.com/MDHN2Vc.png,46,未分组,,200
РТР Планета СНГ,https://player.smotrim.ru/iframe/stream/live_id/3b73bf76-7245-4981-a865-38478e21df1f,网络源,https://upload.wikimedia.org/wikipedia/commons/thumb/3/3c/RTR-Planeta_Logo.svg/512px-RTR-Planeta_Logo.svg.png,397,未分组,,200
Шансон ТВ (576p) [Geo-blocked],https://uiptv.do.am/1ufc/602079679/playlist.m3u8,网络源,https://i.imgur.com/Fk4sd8t.png,142,未分组,,200
Zylo Into Crime (1080p),https://amg00711-zylo-amg00711c10-rakuten-fr-6731.playouts.now.amagi.tv/playlist.m3u8,网络源,,277,未分组,,200
唯心電視 (480p),https://mobile.ccdntech.com/transcoder/_definst_/vod164_Live/live/chunklist_w1177047531.m3u8,网络源,https://i.imgur.com/s8tiTeb.png,1067,未分组,,200
Y'a Que La Vérité Qui Compte La Chaîne,https://rakutenaa-fastmedia-yaquelaverite-rakuten-81p2x.amagi.tv/playlist/rakutenAA-fastmedia-yaquelaverite-rakuten/playlist.m3u8,网络源,,292,未分组,,200
Zalaegerszegi TV (360p),https://cloudfront44.lexanetwork.com:1344/freerelay/zegtv.sdp/playlist.m3u8,网络源,https://i.imgur.com/MLVPf0i.png,232,未分组,,200
Мама,http://stv.mediacdn.ru/live/cdn/mama/playlist.m3u8,网络源,https://i.imgur.com/kmMIjjf.png,432,未分组,,200
РТР Планета США,https://player.smotrim.ru/iframe/stream/live_id/cf22fa5c-e21a-433e-8317-7e8dd3150d6a,网络源,https://upload.wikimedia.org/wikipedia/commons/thumb/3/3c/RTR-Planeta_Logo.svg/512px-RTR-Planeta_Logo.svg.png,518,未分组,,200
Русский Бестселлер,http://31.148.48.15/Russkiy_Bestseller/index.m3u8,网络源,https://i.imgur.com/w0ZE9QJ.png,200,未分组,,200
Zylo ScreamIN,https://rakutenaa-zylo-screamin-rakuten-p11ej.amagi.tv/playlist/rakutenAA-zylo-screamin-rakuten/playlist.m3u8,网络源,,283,未分组,,200
白城新闻综合 [Geo-blocked],https://stream2.jlntv.cn/baicheng1/sd/live.m3u8,网络源,https://www.tvchinese.net/uploads/tv/baicheng.jpg,824,未分组,,200
新疆卫视 (576p),http://183.207.248.71/cntv/live1/xinjiangstv/xinjiangstv,网络源,,961,未分组,,500
Zagros,https://ncdn.telewebion.com/zagros/live/playlist.m3u8,网络源,https://upload.wikimedia.org/wikipedia/fa/thumb/e/e4/Kermanshah_Zaghros.svg/240px-Kermanshah_Zaghros.svg.png,1382,未分组,,200
ZANIS TV,https://uvotv-aniview.global.ssl.fastly.net/hls/live/2119689/zanis/playlist.m3u8,网络源,https://i.imgur.com/9wqlZq5.jpg,17,未分组,,403
Zylo Todo Novelas (1080p) [Geo-blocked],https://amg00711-zylo-amg00711c3-rakuten-es-5794.playouts.now.amagi.tv/playlist/amg00711-zylofast-frecuencianovelas-rakutenes/playlist.m3u8,网络源,,146,未分组,,403
Матур ТВ (1080p),https://public.streaming.matur-tv.ru/hls/h264_aac/stream.m3u8,网络源,https://i.imgur.com/Pg7K7eV.png,738,未分组,,200
Zainabia Channel,https://zainabia.livebox.co.in/ZainabiaChannelhls/channel.m3u8,网络源,,1148,未分组,,200
Русский роман,http://31.148.48.15/Russkiy_Roman_HD/index.m3u8,网络源,https://i.imgur.com/cQN0P2B.png,200,未分组,,200
Шаян ТВ (Татарстан),https://shayan.bonus-tv.ru/cdn/shayan/playlist.m3u8,网络源,https://i.imgur.com/CvFwczN.png,938,未分组,,403
四川 Ⅰ 四川影视台 (720p) [Not 24/7],http://scgctvshow.sctv.com/hdlive/sctv5/index.m3u8,网络源,,907,未分组,,403
Рыжий,http://31.148.48.15/Rizhiy/index.m3u8,网络源,https://i.imgur.com/acrU2IE.png,406,未分组,,200
Матч! Страна,http://31.148.48.15/Match_Strana/index.m3u8,网络源,https://i.imgur.com/X02s2UE.png,409,未分组,,200
Матч! Арена,http://194.143.148.28:8080/MatchArena/index.m3u8,网络源,https://i.imgur.com/udTzwzu.png,423,未分组,,200
CCTV-12,https://www.freetv.top/migu/673168185.m3u8?migutoken=37acadb43b1d7932b0a1e8a4f2d01a06b42a10c31f3ccb417bae200ac3028f30a8110509f2cd6cd130aee4b21c85693aa49817f3381e4d28e140d8db1a20b6fecea22fec17a70ff1341efe6081,网络源,https://gh.catmak.name/https://raw.githubusercontent.com/fanmingming/live/main/tv/CCTV12.png,931,未分组,,200
Yahoo! Finance (1080p),https://d1ewctnvcwvvvu.cloudfront.net/playlist.m3u8,网络源,https://i.imgur.com/43oHsHL.png,104,未分组,,200
吴江新闻综合 (720p) [Not 24/7],http://30515.hlsplay.aodianyun.com/lms_30515/tv_channel_239.m3u8,网络源,,3319,未分组,,403
Zaracay TV (1080p) [Not 24/7],https://video2.makrodigital.com/zaracay/zaracay/playlist.m3u8,网络源,https://i.imgur.com/6q0Gp9R.png,236,未分组,,200
白山新闻综合 [Geo-blocked],https://stream2.jlntv.cn/baishan1/sd/live.m3u8,网络源,,2005,未分组,,200
Zarin TV,https://fl1002.bozztv.com/gf-zarintv/index.m3u8,网络源,https://www.lyngsat.com/logo/tv/zz/zarin_tv.png,109,未分组,,200
С1 (Сургут) (1080p) [Not 24/7],https://sitv.ru/hls/stv.m3u8,网络源,https://i.imgur.com/chNBF5t.png,767,未分组,,200
四川 Ⅰ 星空购物台 (720p) [Not 24/7],http://scgctvshow.sctv.com/hdlive/sctv6/index.m3u8,网络源,,467,未分组,,403
Щёлковское ТВ (576p) [Not 24/7],http://stream0.tv41.ru/live.m3u8,网络源,https://i.imgur.com/0us6l04.png,1342,未分组,,200
YAAAS! (720p) [Geo-blocked],https://jmp2.uk/stvp-GB340000289,网络源,https://www.freeview.co.uk/sites/default/files/styles/255_wide/public/2019-12/yaas-logo250x144.png,1740,未分组,,200
Βουλή Τηλεόραση 2 (540p) [Not 24/7],https://streamer-cache.grnet.gr/parliament/hls/webtv2.m3u8,网络源,https://i.imgur.com/o2cvqv3.png,915,未分组,,200
Салям (Уфа) (576p),https://bsttv.bonus-tv.ru/cdn/salyam/playlist.m3u8,网络源,https://i.imgur.com/FfULLr1.png,154,未分组,,200
Ю,https://cdn-01.bonus-tv.ru/u/playlist.m3u8,网络源,https://i.imgur.com/KDZvt0Q.png,160,未分组,,403
新郑综合 (1080p) [Not 24/7],http://live.dxhmt.cn:9081/tv/10184-1.m3u8,网络源,,1429,未分组,,200
Миллет (540p) [Not 24/7],https://live.trkmillet.ru/millet/index.m3u8,网络源,https://i.imgur.com/hUjLRLy.png,1215,未分组,,200
CCTV-5+,https://www.freetv.top/migu/641886773.m3u8?migutoken=03a1b82e35e58cd89a95034ecb29e77e50493397000ec2b1e4d1ce59af01e6420d6dbc068c8230ec03be3a35a20eed8714e0959e3570a08713a7a2e8d86085eabf8f1aa85744c80c38343988b2,网络源,https://gh.catmak.name/https://raw.githubusercontent.com/fanmingming/live/main/tv/CCTV5+.png,274,未分组,,200
长春综合 [Geo-blocked],https://stream2.jlntv.cn/jlcc/sd/live.m3u8,网络源,,319,未分组,,200
Самара 24,https://vgtrkregion-reg.cdnvideo.ru/vgtrk/samara/samara24-hd/index.m3u8,网络源,https://i.imgur.com/YUe3Dwd.png,144,未分组,,200
Мир 24 (1080p),http://hls.mirtv.cdnvideo.ru/mirtv-parampublish/mir24_2500/playlist.m3u8,网络源,https://i.imgur.com/dj9c8Yd.png,295,未分组,,200
Βουλή Τηλεόραση 3 (540p) [Not 24/7],https://streamer-cache.grnet.gr/parliament/hls/webtv3.m3u8,网络源,https://i.imgur.com/o2cvqv3.png,963,未分组,,200
Мир (1080p) [Not 24/7],http://hls.mirtv.cdnvideo.ru/mirtv-parampublish/mirtv_2500/playlist.m3u8,网络源,https://i.imgur.com/AqWaJT8.png,886,未分组,,200
Мир +2 (540p) [Not 24/7],http://hls.mirtv.cdnvideo.ru/mirtv-parampublish/mirtv2_2500/playlist.m3u8,网络源,https://i.imgur.com/AqWaJT8.png,23,未分组,,403
Zarok TV (720p),https://zindikurmanci.zaroktv.com.tr/hls/stream.m3u8,网络源,https://i.imgur.com/o0eevnb.png,455,未分组,,200
Ювелирочка ТВ (576p),https://live-uvelirochka.cdnvideo.ru/uvelirochka/uvelirochka_720p3/playlist.m3u8,网络源,https://i.imgur.com/IcWtXCZ.png,598,未分组,,200
四川 Ⅰ 达州综合台 (720p) [Not 24/7],http://m3u8.channellive.dzxw.net/cms/videos/nmip-media/channellive/channel35/playlist.m3u8,网络源,,606,未分组,,403
四川 Ⅰ 达州公共台 (720p) [Not 24/7],http://m3u8.channellive.dzxw.net/cms/videos/nmip-media/channellive/channel36/playlist.m3u8,网络源,,1062,未分组,,403
Мир +4 (540p) [Not 24/7],http://hls.mirtv.cdnvideo.ru/mirtv-parampublish/mirtv3_2500/playlist.m3u8,网络源,https://i.imgur.com/AqWaJT8.png,23,未分组,,403
Zarok TV Sorani (720p),https://zindisorani.zaroktv.com.tr/hls/stream.m3u8,网络源,,466,未分组,,200
Югра,https://live-ugratv.cdnvideo.ru/ugratv/ugratv/playlist.m3u8,网络源,https://i.imgur.com/561FRwI.png,520,未分组,,200
四川公共 (720p),http://scgctvshow.sctv.com/hdlive/sctv9/index.m3u8,网络源,,529,未分组,,403
Авто Плюс,http://31.148.48.15/Avto_Plus/index.m3u8,网络源,https://i.imgur.com/sVc8cFt.png,204,未分组,,200
长乐综合 [Geo-blocked],http://35908.hlsplay.aodianyun.com/guangdianyun_35908/tv_channel_327.m3u8,网络源,,1764,未分组,,403
ZAZ,https://cloud.fastchannel.es/mic/manifiest/hls/zaztv/zaztv.m3u8,网络源,,403,未分组,,200
CCTV-4,https://www.freetv.top/migu/631780421.m3u8?migutoken=fefc6a44400a0dd448699ae0ce3d6e2c5a0f49b8d48adb36e747c4fbab039337eb3244f9951acbddaf26b7bf51597a7d1b43c8845e67fd5914ece875dcad325bb388200bc0f12fdff727d03e2d,网络源,https://gh.catmak.name/https://raw.githubusercontent.com/fanmingming/live/main/tv/CCTV4.png,275,未分组,,200
Мир +7 (540p),http://hls.mirtv.cdnvideo.ru/mirtv-parampublish/mirtv7_2500/playlist.m3u8,网络源,https://i.imgur.com/AqWaJT8.png,23,未分组,,403
万州三峡移民 (576p) [Not 24/7],http://123.146.162.24:8013/tslslive/PU2vzMI/hls/live_sd.m3u8,网络源,,440,未分组,,200
CCTV-14,https://www.freetv.top/migu/624878440.m3u8?migutoken=239edad94ac0bbff14f123c7f8996ed7639110bd6cf64ec8ba8cf85842224956d452ec8b683385cb27f8a7685224a03e3aa4d914b8fe33249da9df699351b105c795452d03f2be0a1f1e39adb0,网络源,https://gh.catmak.name/https://raw.githubusercontent.com/fanmingming/live/main/tv/CCTV14.png,326,未分组,,200
石家庄娱乐,http://pluslive1.sjzntv.cn/yule/playlist.m3u8,网络源,,1144,未分组,,403
石家庄生活,http://pluslive1.sjzntv.cn/shenghuo/playlist.m3u8,网络源,,889,未分组,,403
石家庄都市,http://pluslive1.sjzntv.cn/dushi/playlist.m3u8,网络源,,526,未分组,,403
東森購物60 (480p),https://raw.githubusercontent.com/ChiSheng9/iptv/master/TV18.m3u8,网络源,https://i.imgur.com/nvm6dyH.png,161,未分组,,200
万州科教 (576p),http://123.146.162.24:8013/tslslive/URetCnP/hls/live_sd.m3u8,网络源,,218,未分组,,200
长沙女性 [Geo-blocked],http://35848.hlsplay.aodianyun.com/guangdianyun_35848/tv_channel_349.m3u8,网络源,https://www.tvchinese.net/uploads/tv/csnxpd.jpg,1057,未分组,,403
Аист ТВ,http://live2-aisttv.cdnvideo.ru/aisttv2/aisttv.sdp/playlist.m3u8,网络源,https://i.imgur.com/bcw0s4V.png,448,未分组,,200
四平新闻综合 [Geo-blocked],https://stream2.jlntv.cn/sptv/sd/live.m3u8,网络源,,323,未分组,,200
万州影视 (576p) [Not 24/7],http://123.146.162.24:8013/tslslive/vWlnEzU/hls/live_sd.m3u8,网络源,,473,未分组,,200
Арктика 24 (Архангельск),https://vgtrkregion-reg.cdnvideo.ru/vgtrk/arhangelsk/arktika24-hd/index.m3u8,网络源,https://i.imgur.com/kmbdyr6.png,144,未分组,,200
Своё HD,http://live.stv24.tv:8080/svoetv/HQ_video.m3u8,网络源,https://i.imgur.com/3cP2fmX.png,645,未分组,,200
四川 Ⅰ 四川新闻台 (720p) [Not 24/7],http://scgctvshow.sctv.com/hdlive/sctv4/index.m3u8,网络源,,3563,未分组,,403
Север (Нарьян-Мар) (1080p),https://live2.mediacdn.ru/sr1/sever/playlist.m3u8,网络源,https://i.imgur.com/sTOQLYl.png,575,未分组,,200
Yazd,https://lenz.splus.ir/PLTV/88888888/224/3221227023/index.m3u8,网络源,https://upload.wikimedia.org/wikipedia/commons/thumb/2/21/Yazd_taban.svg/382px-Yazd_taban.svg.png,832,未分组,,200
Арис 24 (720p) [Not 24/7],http://serv25.vintera.tv:8081/test/aris/playlist.m3u8,网络源,https://i.imgur.com/CTFVEAb.png,588,未分组,,200
АБАЗА-ТВ,https://public.apsny.camera/tv_abaza_tv_to_site/index.m3u8,网络源,https://i.imgur.com/7Jo7UAf.png,1603,未分组,,200
Сибирь 24 (Красноярск),https://vgtrkregion-reg.cdnvideo.ru/vgtrk/krasnoyarsk/sibir24-hd/index.m3u8,网络源,https://i.imgur.com/jgwQPl0.png,149,未分组,,200
长沙经贸 [Geo-blocked],http://35848.hlsplay.aodianyun.com/guangdianyun_35848/tv_channel_350.m3u8,网络源,,454,未分组,,403
Мир Белагорья (720p) [Geo-blocked],http://mirbelogorya.ru:8080/mirbelogorya/index.m3u8,网络源,https://mirbelogorya.ru/images/logo/Logo_Mir_Belogorya_purple_gradient.png,701,未分组,,200
Yemen Shabab Channel (1080p),https://starmenajo.com/hls/yemenshabab/index.m3u8,网络源,https://i.imgur.com/H5Oi2NS.png,476,未分组,,200
万州综合 (576p) [Not 24/7],http://123.146.162.24:8013/tslslive/noEX9SG/hls/live_sd.m3u8,网络源,,238,未分组,,200
Ýaşlyk (406p) [Not 24/7],https://alpha.tv.online.tm/hls/ch002.m3u8,网络源,https://i.postimg.cc/L5h5Bjdw/yaslyk.png,1457,未分组,,200
Yas TV (1080p) [Geo-blocked],https://vo-live-media.cdb.cdn.orange.com/Content/Channel/YASSportsChannel/HLS/index.m3u8,网络源,https://i.imgur.com/CSHQhP4.png,1808,未分组,,200
Москва 24,https://player.smotrim.ru/iframe/stream/live_id/efab3cbe-a29c-45f0-9596-5cb4f1ce7fbe,网络源,https://i.imgur.com/gXbUMVy.png,444,未分组,,200
Yemen Today TV (480p),https://video.yementdy.tv/hls/yementoday.m3u8,网络源,https://i.imgur.com/8TzcJu5.png,252,未分组,,200
松原新闻综合 [Geo-blocked],https://stream2.jlntv.cn/sytv/sd/live.m3u8,网络源,,304,未分组,,200
长沙地铁移动 [Geo-blocked],http://35848.hlsplay.aodianyun.com/guangdianyun_35848/tv_channel_356.m3u8,网络源,,1927,未分组,,403
长沙政法 [Geo-blocked],http://35848.hlsplay.aodianyun.com/guangdianyun_35848/tv_channel_348.m3u8,网络源,https://www.tvchinese.net/uploads/tv/cszfpd.jpg,1310,未分组,,403
Сибирь 24 (Новосибирск),https://vgtrkregion-reg.cdnvideo.ru/vgtrk/novosibirsk/sibir24-hd/index.m3u8,网络源,https://i.imgur.com/jgwQPl0.png,140,未分组,,200
ZBC TV,https://uvotv-aniview.global.ssl.fastly.net/hls/live/2120684/zbctv/playlist.m3u8,网络源,https://i.imgur.com/NyxeweD.png,11,未分组,,403
上虞1新闻综合 (720p) [Not 24/7],https://l.cztvcloud.com/channels/lantian/SXshangyu1/720p.m3u8,网络源,,262,未分组,,200
ZB Bhakti (720p),https://server.zillarbarta.com/zbbhakti/index.m3u8,网络源,https://i.imgur.com/MBaKNPC.jpeg,1315,未分组,,200
ZB Cartoon (1080p),https://server.zillarbarta.com/zbcatun/video.m3u8,网络源,https://i.imgur.com/BbFNpMr.jpeg,1082,未分组,,200
Моя Планета,http://194.143.148.28:8080/MoyaPlanetaHD/index.m3u8,网络源,https://i.imgur.com/uIiAdBv.png,210,未分组,,200
Архыз 24 (1080p),https://live.mediacdn.ru/sr1/arhis24/playlist.m3u8,网络源,https://i.imgur.com/blAtdkJ.png,483,未分组,,200
CCTV-12,https://smart.pendy.dpdns.org/Smart.php?id=cctv12,网络源,https://gh.catmak.name/https://raw.githubusercontent.com/fanmingming/live/main/tv/CCTV12.png,679,未分组,,200
ZB Cinema (720p),https://server.zillarbarta.com/ZBCINEMA/index.m3u8,网络源,https://i.imgur.com/kUg6WSk.jpeg,1048,未分组,,200
大冶一套 [Geo-blocked],http://dayeyun.live.tempsource.cjyun.org/videotmp/s10102-TC1T.m3u8,网络源,,742,未分组,,503
大冶二套 [Geo-blocked],http://dayeyun.live.tempsource.cjyun.org/videotmp/s10102-TC2T.m3u8,网络源,,539,未分组,,503
上虞3新商都 (720p) [Not 24/7],https://l.cztvcloud.com/channels/lantian/SXshangyu3/720p.m3u8,网络源,,319,未分组,,200
四川妇女儿童 (720p) [Not 24/7],http://scgctvshow.sctv.com/hdlive/sctv7/index.m3u8,网络源,https://i.imgur.com/1lGO0vY.png,1483,未分组,,403
长沙新闻 [Geo-blocked],http://35848.hlsplay.aodianyun.com/guangdianyun_35848/tv_channel_346.m3u8,网络源,https://static.tvtropes.org/pmwiki/pub/images/hunantv_logo.png,1471,未分组,,403
林正英,http://epg.112114.xyz/douyu/218859,网络源,,708,未分组,,200
Астрахань 24 (720p),https://streaming.astrakhan.ru/astrakhan24/playlist.m3u8,网络源,https://i.imgur.com/9WcnjQN.png,635,未分组,,200
长沙购物 [Geo-blocked],http://35848.hlsplay.aodianyun.com/guangdianyun_35848/tv_channel_354.m3u8,网络源,,943,未分组,,403
大悟综合 [Geo-blocked],http://yunshangdawu.live.tempsource.cjyun.org/videotmp/s10129-dwzhpd.m3u8,网络源,,600,未分组,,503
ZB Music (720p),https://server.zillarbarta.com/zbmusic/index.m3u8,网络源,https://i.imgur.com/k1nb8u1.jpeg,1052,未分组,,200
福州广播电视台新闻综合频道 (FZTV-1) (1080p),http://live.zohi.tv/video/s10001-fztv-1/index.m3u8,网络源,,1151,未分组,,200
ZDF (720p) [Geo-blocked],https://zdf-hls-15.akamaized.net/hls/live/2016498/de/high/master.m3u8,网络源,https://i.imgur.com/rtLb6m9.png,465,未分组,,403
欧美大片1,http://epg.112114.xyz/douyu/20415,网络源,,748,未分组,,200
МТВ (Волгоград) (720p) [Not 24/7],http://hls.volgograd1vtv.cdnvideo.ru/volgograd1vtv/volgograd1vtv.sdp/playlist.m3u8,网络源,https://i.imgur.com/pdCAUrP.png,445,未分组,,200
上虞經濟文化 (720p) [Not 24/7],https://l.cztvcloud.com/channels/lantian/SXshangyu2/720p.m3u8,网络源,,324,未分组,,200
Астрахань.Ru Sport (720p),https://streaming.astrakhan.ru/astrakhanrusporthd/playlist.m3u8,网络源,https://i.imgur.com/BKaEtqL.png,522,未分组,,200
天才衝衝衝 (1080p),https://raw.githubusercontent.com/ChiSheng9/iptv/master/TV26.m3u8,网络源,,29,未分组,,200
Астрахань.Ru TV (480p),https://streaming.astrakhan.ru/astrakhanrulivehd/playlist.m3u8,网络源,https://i.imgur.com/w4ys6zm.png,185,未分组,,200
Yes Network,https://fl1.moveonjoy.com/YES_NETWORK/index.m3u8,网络源,https://upload.wikimedia.org/wikipedia/commons/thumb/b/be/YES_Network_logo.svg/330px-YES_Network_logo.svg.png,714,未分组,,200
甘肃公共 (540p) [Not 24/7],https://hls.gstv.com.cn/49048r/3t5xyc.m3u8,网络源,,243,未分组,,403
CCTV-4,https://smart.pendy.dpdns.org/Smart.php?id=cctv4,网络源,https://gh.catmak.name/https://raw.githubusercontent.com/fanmingming/live/main/tv/CCTV4.png,781,未分组,,200
萬州三峽移民 (576p),http://123.146.162.24:8017/c2F0hmi/1000/live.m3u8,网络源,,460,未分组,,200
大爱海外 (720p),https://pulltv3.wanfudaluye.com/live/tv3.m3u8,网络源,,642,未分组,,403
欧美大片2,http://epg.112114.xyz/douyu/2793084,网络源,,640,未分组,,200
欧美大片3,http://epg.112114.xyz/douyu/9249162,网络源,,620,未分组,,200
福州广播电视台都市生活频道 (FZTV-3) (1080p),http://live.zohi.tv/video/s10001-fztv-3/index.m3u8,网络源,,1886,未分组,,200
МТРК (576p) [Not 24/7],https://tvcdn01.oktv.kz/tv/mtrk/playlist.m3u8,网络源,https://i.imgur.com/XMyRwDk.png,1037,未分组,,200
CCTV-5+,https://smart.pendy.dpdns.org/Smart.php?id=cctv5plus,网络源,https://gh.catmak.name/https://raw.githubusercontent.com/fanmingming/live/main/tv/CCTV5+.png,784,未分组,,200
CCTV-7,http://goo.bkpcp.top/mg/CCTV7,网络源,https://gh.catmak.name/https://raw.githubusercontent.com/fanmingming/live/main/tv/CCTV7.png,808,未分组,,403
ZDF HD (720p),https://viamotionhsi.netplus.ch/live/eds/zdfhd/browser-dash/zdfhd.mpd,网络源,https://i.imgur.com/rtLb6m9.png,1034,未分组,,200
福州电视台少儿频道 (FZTV-少儿) (1080p),http://live.zohi.tv/video/s10001-fztv-4/index.m3u8,网络源,,2042,未分组,,200
Сити Эдем Meditation Music [Not 24/7],https://cityeden.catcast.tv/content/47410/index.m3u8,网络源,https://i.imgur.com/HPWevWb.png,2551,未分组,,200
Сити Эдем Play Христианский Музыкальный [Not 24/7],https://cityeden.catcast.tv/content/34100/index.m3u8,网络源,https://i.imgur.com/ozEqob9.png,2884,未分组,,200
Сити Эдем АвтоГид [Not 24/7],https://cityeden.catcast.tv/content/47515/index.m3u8,网络源,https://i.imgur.com/qpe8L27.png,3237,未分组,,200
