频道名,地址,来源,图标,检测时间,分组,状态码
æµ™æ±Ÿæ°‘ç”Ÿä¼‘é—²,https://stream1.freetv.fun/zhe-jiang-min-sheng-3.m3u8,网络源,æµ™æ±Ÿæ°‘ç”Ÿä¼‘é—².png,145,未分组,403
é–æ±Ÿæ–°é—»ç»¼åˆ,https://stream1.freetv.fun/jing-jiang-xin-wen-zong-he-1.m3u8,网络源,é–æ±Ÿæ–°é—»ç»¼åˆ.png,122,未分组,403
æ–°æ˜Œæ–°é—»ç»¼åˆ,https://stream1.freetv.fun/xin-chang-xin-wen-zong-he-5.ctv,网络源,æ–°æ˜Œæ–°é—»ç»¼åˆ.png,123,未分组,403
æ–°é—»ç»¼åˆ,https://stream1.freetv.fun/xin-wen-zong-he-9.m3u8,网络源,æ–°é—»ç»¼åˆ.png,123,未分组,403
æµ™æ±Ÿå…¬å…±æ–°é—»,https://stream1.freetv.fun/zhe-jiang-gong-gong-xin-wen-1.m3u8,网络源,æµ™æ±Ÿå…¬å…±æ–°é—».png,119,未分组,403
è¾½å®åŒ—æ–¹,https://stream1.freetv.fun/liao-zhu-bei-fang-3.m3u8,网络源,è¾½å®åŒ—æ–¹.png,122,未分组,403
æ¹–åŒ—ç”Ÿæ´»,https://stream1.freetv.fun/hu-bei-sheng-huo-4.ctv,网络源,æ¹–åŒ—ç”Ÿæ´».png,125,未分组,403
æ–°é—»ç»¼åˆ,https://stream1.freetv.fun/xin-wen-zong-he-3.m3u8,网络源,æ–°é—»ç»¼åˆ.png,123,未分组,403
ä¹å±±æ–°é—»ç»¼åˆ,https://stream1.freetv.fun/le-shan-xin-wen-zong-he-1.m3u8,网络源,ä¹å±±æ–°é—»ç»¼åˆ.png,123,未分组,403
ç¦å»ºæ—…æ¸¸,https://stream1.freetv.fun/fu-jian-lu-you-6.m3u8,网络源,ç¦å»ºæ—…æ¸¸.png,121,未分组,403
æ¹–åŒ—å½±è§†,https://stream1.freetv.fun/hu-bei-ying-shi-1.ctv,网络源,æ¹–åŒ—å½±è§†.png,118,未分组,403
æ¹–åŒ—æ•™è‚²,https://stream1.freetv.fun/hu-bei-jiao-yu-1.ctv,网络源,æ¹–åŒ—æ•™è‚².png,122,未分组,403
è¾½å®å½±è§†å‰§,https://stream1.freetv.fun/liao-zhu-ying-shi-ju-1.m3u8,网络源,è¾½å®å½±è§†å‰§.png,120,未分组,403
æ¹–åŒ—æ•™è‚²,https://stream1.freetv.fun/hu-bei-jiao-yu-4.ctv,网络源,æ¹–åŒ—æ•™è‚².png,123,未分组,403
æ–°é—»ç»¼åˆ,https://stream1.freetv.fun/xin-wen-zong-he-13.m3u8,网络源,æ–°é—»ç»¼åˆ.png,124,未分组,403
ç¦å»ºç”µè§†å‰§,https://stream1.freetv.fun/fu-jian-dian-shi-ju-6.m3u8,网络源,ç¦å»ºç”µè§†å‰§.png,123,未分组,403
æ¹–åŒ—å½±è§†,https://stream1.freetv.fun/hu-bei-ying-shi-1.m3u8,网络源,æ¹–åŒ—å½±è§†.png,121,未分组,403
æµ™æ±Ÿå…¬å…±æ–°é—»,https://stream1.freetv.fun/zhe-jiang-gong-gong-xin-wen-2.ctv,网络源,æµ™æ±Ÿå…¬å…±æ–°é—».png,126,未分组,403
æ¹–åŒ—å½±è§†,https://stream1.freetv.fun/hu-bei-ying-shi-14.m3u8,网络源,æ¹–åŒ—å½±è§†.png,128,未分组,403
è¾½å®æ•™è‚²é’å°‘,https://stream1.freetv.fun/liao-zhu-jiao-yu-qing-shao-1.m3u8,网络源,è¾½å®æ•™è‚²é’å°‘.png,12,未分组,403
æµ™æ±Ÿå…¬å…±æ–°é—»,https://stream1.freetv.fun/zhe-jiang-gong-gong-xin-wen-1.ctv,网络源,æµ™æ±Ÿå…¬å…±æ–°é—».png,131,未分组,403
è¾½å®å½±è§†å‰§,https://stream1.freetv.fun/liao-zhu-ying-shi-ju-3.m3u8,网络源,è¾½å®å½±è§†å‰§.png,132,未分组,403
ä¹å±±æ–°é—»ç»¼åˆ,https://stream1.freetv.fun/le-shan-xin-wen-zong-he-2.m3u8,网络源,ä¹å±±æ–°é—»ç»¼åˆ.png,135,未分组,403
è¾½å®å½±è§†å‰§,https://stream1.freetv.fun/liao-zhu-ying-shi-ju-2.m3u8,网络源,è¾½å®å½±è§†å‰§.png,131,未分组,403
å¼€åŒ–æ–°é—»ç»¼åˆ,https://stream1.freetv.fun/kai-hua-xin-wen-zong-he-2.ctv,网络源,å¼€åŒ–æ–°é—»ç»¼åˆ.png,132,未分组,403
å¼€åŒ–æ–°é—»ç»¼åˆ,https://stream1.freetv.fun/kai-hua-xin-wen-zong-he-1.m3u8,网络源,å¼€åŒ–æ–°é—»ç»¼åˆ.png,134,未分组,403
æ±Ÿè‹å½±è§†,https://stream1.freetv.fun/a89dd489fa013bc4f36bcc4afe388f1783e2251c276e2566a9359d68a61c6d91.ctv,网络源,æ±Ÿè‹å½±è§†.png,12,未分组,403
æ¹–åŒ—å…¬å…±,https://stream1.freetv.fun/hu-bei-gong-gong-5.ctv,网络源,æ¹–åŒ—å…¬å…±.png,12,未分组,403
è¾½å®ç”Ÿæ´»,https://stream1.freetv.fun/liao-zhu-sheng-huo-1.m3u8,网络源,è¾½å®ç”Ÿæ´».png,23,未分组,403
æµ·å—æ–°é—»,https://migu.188766.xyz/?migutoken=98fdcff69572bc92b5e7bcf3e90854a5&id=hn_xwpd&type=sz,网络源,æµ·å—æ–°é—».png,173,未分组,403
åŒ—äº¬è´¢ç»,https://migu.188766.xyz/?migutoken=cc53eb44d2b32d63d359c351275b9ae6&id=%E5%8C%97%E4%BA%AC%E8%B4%A2%E7%BB%8F&type=yy,网络源,åŒ—äº¬è´¢ç».png,178,未分组,403
åŒ—äº¬è´¢ç»,https://migu.188766.xyz/?migutoken=be646e9ac808c7495130d26b316a39fd&id=%E5%8C%97%E4%BA%AC%E8%B4%A2%E7%BB%8F&type=yy,网络源,åŒ—äº¬è´¢ç».png,178,未分组,403
åŒ—äº¬è´¢ç»,https://migu.188766.xyz/?migutoken=c08ea955ec38f0a4d9526118b6474ec8&id=%E5%8C%97%E4%BA%AC%E8%B4%A2%E7%BB%8F&type=yy,网络源,åŒ—äº¬è´¢ç».png,183,未分组,403
åŒ—äº¬è´¢ç»,https://migu.188766.xyz/?migutoken=c5cae7b7f4da574581dc3d8c0ad12625&id=%E5%8C%97%E4%BA%AC%E8%B4%A2%E7%BB%8F&type=yy,网络源,åŒ—äº¬è´¢ç».png,179,未分组,403
åŒ—äº¬è´¢ç»,https://migu.188766.xyz/?migutoken=26681121206e53a23ae3097bf725e87b&id=%E5%8C%97%E4%BA%AC%E8%B4%A2%E7%BB%8F&type=yy,网络源,åŒ—äº¬è´¢ç».png,182,未分组,403
åŒ—äº¬è´¢ç»,https://migu.188766.xyz/?migutoken=3b13c5c5e624f786cc66b1a394b73802&id=%E5%8C%97%E4%BA%AC%E8%B4%A2%E7%BB%8F&type=yy,网络源,åŒ—äº¬è´¢ç».png,192,未分组,403
æµ·å—æ–°é—»,https://migu.188766.xyz/?migutoken=fceb1726ee943a82a3cd774026abb877&id=hn_xwpd&type=sz,网络源,æµ·å—æ–°é—».png,189,未分组,403
åŒ—äº¬è´¢ç»,https://migu.188766.xyz/?migutoken=4a29066f60f205a3d4d4fa00195af34b&id=%E5%8C%97%E4%BA%AC%E8%B4%A2%E7%BB%8F&type=yy,网络源,åŒ—äº¬è´¢ç».png,199,未分组,403
åŒ—äº¬è´¢ç»,https://migu.188766.xyz/?migutoken=c8b534aec73742e548cb389e18d991a8&id=%E5%8C%97%E4%BA%AC%E8%B4%A2%E7%BB%8F&type=yy,网络源,åŒ—äº¬è´¢ç».png,208,未分组,403
ç¦å»ºç»æµ,https://stream1.freetv.fun/fu-jian-jing-ji-4.m3u8,网络源,ç¦å»ºç»æµ.png,12,未分组,403
æ±Ÿè‹å½±è§†,https://migu.188766.xyz/?migutoken=91756b74eb13850e4c87b15c25817e42&id=%E6%B1%9F%E8%8B%8F%E5%BD%B1%E8%A7%86%E9%A2%91%E9%81%93&type=yy,网络源,æ±Ÿè‹å½±è§†.png,58,未分组,403
æ¬¢ç¬‘å‰§åœº,http://38.75.136.137:98/gslb/dsdqpub/hxjchd.m3u8?auth=testpub,网络源,æ¬¢ç¬‘å‰§åœº.png,255,未分组,200
æµ·å—æ–°é—»,https://migu.188766.xyz/?migutoken=d3e982ec2cd251cdbbf2a4463c229a56&id=hn_xwpd&type=sz,网络源,æµ·å—æ–°é—».png,56,未分组,403
åŒ—äº¬é’å¹´,http://player.cntv.cn/standard/live_HLSDRM20180919.swf?v=180.171.5.8.9.6.3.9&ChannelID=btv8&videoTVChannel=btv8&P2PChannelID=pd://cctv_p2p_hdbtv8&tai=btv8&VideoName=btv8&channelID=btv8,网络源,åŒ—äº¬é’å¹´.png,364,未分组,200
åŒ—äº¬ç§‘æ•™,http://player.cntv.cn/standard/live_HLSDRM20180606.swf?ChannelID=btv3&P2PChannelID=pd://cctv_p2p_hdbtv3,网络源,åŒ—äº¬ç§‘æ•™.png,374,未分组,200
ä¹è‡³ç»¼åˆ,http://175.155.106.72:89/live1/live1.m3u8?zsicd;http://rmlive.lzxrmtzx.com/live1/live1.m3u8?zsicd,网络源,ä¹è‡³ç»¼åˆ.png,548,未分组,200
ä¹è‡³ç»¼åˆ,http://175.155.106.72:89/live1/live1.m3u8,网络源,ä¹è‡³ç»¼åˆ.png,550,未分组,200
ä¹è‡³ç»¼åˆ,http://175.155.106.72:89/live1/live1.m3u8?zsicd,网络源,ä¹è‡³ç»¼åˆ.png,584,未分组,200
ç¦å»ºæ–‡ä½“,http://8.138.7.223/tv/fjtv1.php?id=fjwt,网络源,ç¦å»ºæ–‡ä½“.png,592,未分组,302
è¾½å®ç»æµ,https://stream1.freetv.fun/liao-zhu-jing-ji-2.m3u8,网络源,è¾½å®ç»æµ.png,11,未分组,403
æ¹–åŒ—å„ä¸Š,https://stream1.freetv.fun/hu-bei-long-shang-1.ctv,网络源,æ¹–åŒ—å„ä¸Š.png,10,未分组,403
ç¦å»ºç»è§†,http://8.138.7.223/tv/fjtv1.php?id=fjjj,网络源,ç¦å»ºç»è§†.png,544,未分组,302
è¾½å®æ•™è‚²é’å°‘,http://120.76.248.139/live/bfgd/4200000075.m3u8,网络源,è¾½å®æ•™è‚²é’å°‘.png,697,未分组,200
æœé˜³æ–°é—»ç»¼åˆ,http://120.76.248.139/live/bfgd/4200000282.m3u8,网络源,æœé˜³æ–°é—»ç»¼åˆ.png,714,未分组,200
æ±Ÿè‹åŸå¸‚,http://hlsztemgsplive.miguvideo.com:8080/wd_r2/jstv/jschengshi/600/index.m3u8?msisdn=20260114080245de437f6539ba4855ad0d572886f05bbe&mdspid=&spid=699067&netType=0&sid=5500260508&pid=2028597139&timestamp=20260114080245&Channel_ID=0116_2600037000-99000-200300220100002&ProgramID=626064714&ParentNodeID=-99&assertID=5500260508&client_ip=218.28.233.106&SecurityKey=20260114080245&promotionId=&mvid=5100186409&mcid=500020&playurlVersion=WX-A1-8.12.2-RELEASE&userid=&jmhm=&videocodec=h264&appCode=miguvideo_android&bean=mgspad&tid=android&conFee=0&encrypt=ade3f1b89b21ff592fbc473615da67ee&sv=10004&ct=android,网络源,æ±Ÿè‹åŸå¸‚.png,757,未分组,403
æ±Ÿè‹åŸå¸‚,http://hlsztemgsplive.miguvideo.com:8080/wd_r2/jstv/jschengshi/600/index.m3u8?msisdn=2026011508021006d23610a3a24bc8adaefdd54648174b&mdspid=&spid=699067&netType=0&sid=5500260508&pid=2028597139&timestamp=20260115080210&Channel_ID=0116_2600000900-99000-201600010010027&ProgramID=626064714&ParentNodeID=-99&assertID=5500260508&client_ip=218.28.233.106&SecurityKey=20260115080210&promotionId=&mvid=5100186409&mcid=500020&playurlVersion=ZQ-A1-8.12.2-RELEASE&userid=&jmhm=&videocodec=h264&appCode=miguvideo_android&bean=mgspad&tid=android&conFee=0&encrypt=74b178709bb4d5ce44149f6404301b80,网络源,æ±Ÿè‹åŸå¸‚.png,757,未分组,403
æ±Ÿè‹åŸå¸‚,http://hlsztemgsplive.miguvideo.com:8080/wd_r2/jstv/jschengshi/600/index.m3u8?msisdn=2026011902021124c348e9162b4c23ad51f691a5680075&mdspid=&spid=699067&netType=0&sid=5500260508&pid=2028597139&timestamp=20260119020211&Channel_ID=0116_2600000900-99000-201600010010027&ProgramID=626064714&ParentNodeID=-99&assertID=5500260508&client_ip=218.28.233.106&SecurityKey=20260119020211&promotionId=&mvid=5100186409&mcid=500020&playurlVersion=WX-A1-8.12.2-RELEASE&userid=&jmhm=&videocodec=h264&appCode=miguvideo_android&bean=mgspad&tid=android&conFee=0&encrypt=08e0d5f781a90c875b2cf7f34a1465db,网络源,æ±Ÿè‹åŸå¸‚.png,638,未分组,403
æ±Ÿè‹åŸå¸‚,http://hlsztemgsplive.miguvideo.com:8080/wd_r2/jstv/jschengshi/600/index.m3u8?msisdn=2026011806024015edbeb081bc4ceb81cd209da082cbee&mdspid=&spid=699067&netType=0&sid=5500260508&pid=2028597139&timestamp=20260118060240&Channel_ID=0116_2600000900-99000-201600010010027&ProgramID=626064714&ParentNodeID=-99&assertID=5500260508&client_ip=218.28.233.106&SecurityKey=20260118060240&promotionId=&mvid=5100186409&mcid=500020&playurlVersion=WX-A1-8.12.2-RELEASE&userid=&jmhm=&videocodec=h264&appCode=miguvideo_android&bean=mgspad&tid=android&conFee=0&encrypt=c7a820e697042dc0aa82e5780f790f0f,网络源,æ±Ÿè‹åŸå¸‚.png,758,未分组,403
æ–‡æˆæ–°é—»ç»¼åˆ,http://l.cztvcloud.com/channels/lantian/SXwencheng1/720p.m3u8,网络源,æ–‡æˆæ–°é—»ç»¼åˆ.png,890,未分组,200
æ³•æ²»å¤©åœ°,http://171.83.103.119:9999/rtp/239.69.2.10:11214,网络源,æ³•æ²»å¤©åœ°.png,542,未分组,200
æ–‡æˆç»¼åˆ,http://l.cztvcloud.com/channels/lantian/SXwencheng1/720p.m3u8?zzhed,网络源,æ–‡æˆç»¼åˆ.png,927,未分组,200
å¼€åŒ–æ–°é—»ç»¼åˆ,http://l.cztvcloud.com/channels/lantian/SXkaihua1/720p.m3u8?zzhed,网络源,å¼€åŒ–æ–°é—»ç»¼åˆ.png,929,未分组,200
å¼€åŒ–å›½å®¶å…¬å›­,http://l.cztvcloud.com/channels/lantian/SXkaihua2/720p.m3u8,网络源,å¼€åŒ–å›½å®¶å…¬å›­.png,809,未分组,200
åº†å…ƒç»¼åˆ,http://l.cztvcloud.com/channels/lantian/SXqingyuan1/720p.m3u8?zzhed?,网络源,åº†å…ƒç»¼åˆ.png,655,未分组,200
æµ™æ±Ÿé’ç”°,http://l.cztvcloud.com/channels/lantian/SXqingtian1/720p.m3u8,网络源,æµ™æ±Ÿé’ç”°.png,817,未分组,200
å¼€åŒ–å›½å®¶å…¬å›­,http://l.cztvcloud.com/channels/lantian/SXkaihua2/720p.m3u8?zzhed#http://l.cztvcloud.com/channels/lantian/SXkaihua2/720p.m3u8zzhed#http://l.cztvcloud.com/channels/lantian/SXkaihua2/720p.m3u8,网络源,å¼€åŒ–å›½å®¶å…¬å›­.png,817,未分组,200
å¼€åŒ–å›½å®¶å…¬å›­,http://l.cztvcloud.com/channels/lantian/SXkaihua2/720p.m3u8?zzhed,网络源,å¼€åŒ–å›½å®¶å…¬å›­.png,953,未分组,200
åº†å…ƒç»¼åˆ,http://l.cztvcloud.com/channels/lantian/SXqingyuan1/720p.m3u8,网络源,åº†å…ƒç»¼åˆ.png,786,未分组,200
æµ™æ±Ÿé‚æ˜Œ,http://l.cztvcloud.com/channels/lantian/SXsuichang1/720p.m3u8,网络源,æµ™æ±Ÿé‚æ˜Œ.png,837,未分组,200
æ–‡æˆç»¼åˆ,http://l.cztvcloud.com/channels/lantian/SXwencheng1/720p.m3u8?zzhed?,网络源,æ–‡æˆç»¼åˆ.png,977,未分组,200
è¯¸æš¨æ–°é—»ç»¼åˆ,http://l.cztvcloud.com/channels/lantian/SXzhuji3/720p.m3u8?zzhed,网络源,è¯¸æš¨æ–°é—»ç»¼åˆ.png,837,未分组,200
æ±Ÿè‹å½±è§†,https://migu.188766.xyz/?migutoken=a308c85adb0e5626191f1f92114fec1c&id=%E6%B1%9F%E8%8B%8F%E5%BD%B1%E8%A7%86%E9%A2%91%E9%81%93&type=yy,网络源,æ±Ÿè‹å½±è§†.png,48,未分组,403
ä¸ƒå½©æˆå‰§,http://www.wmviv.com/iptv/bc2t.php?id=qcxj,网络源,ä¸ƒå½©æˆå‰§.png,925,未分组,403
ä¸Šæµ·å¤–è¯­,http://www.wmviv.com/iptv/bc2t.php?id=shics,网络源,ä¸Šæµ·å¤–è¯­.png,874,未分组,403
æ¬¢ç¬‘å‰§åœº,http://www.wmviv.com/iptv/bc2t.php?id=hxjc,网络源,æ¬¢ç¬‘å‰§åœº.png,1065,未分组,403
å¹³æ¹–æ°‘ç”Ÿä¼‘é—²,http://l.cztvcloud.com/channels/lantian/SXpinghu2/720p.m3u8?zzhed,网络源,å¹³æ¹–æ°‘ç”Ÿä¼‘é—².png,249,未分组,200
åº†å…ƒç»¼åˆ,http://l.cztvcloud.com/channels/lantian/SXqingyuan1/720p.m3u8?fbl=,网络源,åº†å…ƒç»¼åˆ.png,535,未分组,200
è¾½å®éƒ½å¸‚,https://stream1.freetv.fun/liao-zhu-du-shi-5.m3u8,网络源,è¾½å®éƒ½å¸‚.png,10,未分组,403
æ­¦æ±‰ä¸€å°æ–°é—»ç»¼åˆ,https://stream1.freetv.fun/wu-yi-xin-wen-zong-he-1.m3u8,网络源,æ­¦æ±‰ä¸€å°æ–°é—»ç»¼åˆ.png,11,未分组,403
é¾™æ¸¸ç”Ÿæ´»å¨±ä¹,http://l.cztvcloud.com/channels/lantian/SXlongyou2/720p.m3u8?zzhed,网络源,é¾™æ¸¸ç”Ÿæ´»å¨±ä¹.png,296,未分组,200
å™å·æ–°é—»ç»¼åˆ,https://stream1.freetv.fun/xu-zhou-xin-wen-zong-he-6.m3u8,网络源,å™å·æ–°é—»ç»¼åˆ.png,12,未分组,403
æ³•æ²»å¤©åœ°,http://112.254.55.106:22222/rtp/239.253.254.96:8000,网络源,æ³•æ²»å¤©åœ°.png,567,未分组,200
é¾™æ¸¸ç”Ÿæ´»å¨±ä¹,http://l.cztvcloud.com/channels/lantian/SXlongyou2/720p.m3u8,网络源,é¾™æ¸¸ç”Ÿæ´»å¨±ä¹.png,299,未分组,200
ä¸Šæµ·æ–°é—»ç»¼åˆ,https://migu.188766.xyz/?migutoken=779bd2c7e2b23a37be54ec1b50771d47&id=%E4%B8%8A%E6%B5%B7%E6%96%B0%E9%97%BB%E7%BB%BC%E5%90%88&type=yy,网络源,ä¸Šæµ·æ–°é—»ç»¼åˆ.png,39,未分组,403
å¹³æ¹–æ–°é—»ç»¼åˆ,http://l.cztvcloud.com/channels/lantian/SXpinghu1/720p.m3u8?zzhed,网络源,å¹³æ¹–æ–°é—»ç»¼åˆ.png,304,未分组,200
æ­¦æ±‰ä¸€å°æ–°é—»ç»¼åˆ,https://stream1.freetv.fun/wu-yi-xin-wen-zong-he-7.m3u8,网络源,æ­¦æ±‰ä¸€å°æ–°é—»ç»¼åˆ.png,13,未分组,403
å™å·æ–°é—»ç»¼åˆ,https://stream1.freetv.fun/xu-zhou-xin-wen-zong-he-2.m3u8,网络源,å™å·æ–°é—»ç»¼åˆ.png,11,未分组,403
æ±Ÿè‹å½±è§†,https://migu.188766.xyz/?migutoken=023ca3fa558e18a1f99ec6d948ad8e9e&id=%E6%B1%9F%E8%8B%8F%E5%BD%B1%E8%A7%86%E9%A2%91%E9%81%93&type=yy,网络源,æ±Ÿè‹å½±è§†.png,51,未分组,403
ç¦å»ºç»æµ,https://stream1.freetv.fun/fu-jian-jing-ji-1.m3u8,网络源,ç¦å»ºç»æµ.png,14,未分组,403
ä¸Šæµ·æ–°é—»ç»¼åˆ,http://www.wmviv.com/iptv/bc2t.php?id=shxwzh,网络源,ä¸Šæµ·æ–°é—»ç»¼åˆ.png,478,未分组,403
æµ·å—æ–°é—»,https://migu.188766.xyz/?migutoken=60909b2fa85c2414a8bb01ed5be39c59&id=hn_xwpd&type=sz,网络源,æµ·å—æ–°é—».png,115,未分组,403
ä¸Šæµ·æ–°é—»ç»¼åˆ,https://stream1.freetv.fun/shang-hai-xin-wen-zong-he-3.m3u8,网络源,ä¸Šæµ·æ–°é—»ç»¼åˆ.png,12,未分组,403
å¹³æ¹–æ–°é—»ç»¼åˆ,http://l.cztvcloud.com/channels/lantian/SXpinghu1/720p.m3u8?cWlkPSZzPTg3OWMwYmMyZDMzYTFhZGY3NDQxMjgyYTg1MmUzNTY0JmVzPTE3MDY2Nzc4NzMmdXVpZD0yMjdiY2MzNGNiNGY0MThlYjRiY2IxYzcwNmZjODNkMS02NzQ3NDY2NyZ2PTImYXM9MCZjZG5leF9pZD10eF9waG9uZV9saXZl,网络源,å¹³æ¹–æ–°é—»ç»¼åˆ.png,291,未分组,200
é¾™æ¸¸æ–°é—»ç»¼åˆ,http://l.cztvcloud.com/channels/lantian/SXlongyou1/720p.m3u8?zzhed,网络源,é¾™æ¸¸æ–°é—»ç»¼åˆ.png,340,未分组,200
æ¹–å—éƒ½å¸‚,https://stream1.freetv.fun/hu-nan-du-shi-13.m3u8,网络源,æ¹–å—éƒ½å¸‚.png,11,未分组,403
æ­¦æ±‰äºŒå°ç”µè§†å‰§,https://stream1.freetv.fun/wu-yi-2dian-shi-ju-1.m3u8,网络源,æ­¦æ±‰äºŒå°ç”µè§†å‰§.png,9,未分组,403
å™å·æ–°é—»ç»¼åˆ,https://stream1.freetv.fun/xu-zhou-xin-wen-zong-he-7.m3u8,网络源,å™å·æ–°é—»ç»¼åˆ.png,10,未分组,403
å¹³æ¹–æ–°é—»ç»¼åˆ,https://stream1.freetv.fun/ping-hu-xin-wen-zong-he-2.m3u8,网络源,å¹³æ¹–æ–°é—»ç»¼åˆ.png,10,未分组,403
æ¹–å—éƒ½å¸‚,https://stream1.freetv.fun/hu-nan-du-shi-4.m3u8,网络源,æ¹–å—éƒ½å¸‚.png,9,未分组,403
æ­¦æ±‰å››å°ç»æµ,https://stream1.freetv.fun/wu-yi-jing-ji-1.m3u8,网络源,æ­¦æ±‰å››å°ç»æµ.png,9,未分组,403
å™å·æ–°é—»ç»¼åˆ,https://stream1.freetv.fun/xu-zhou-xin-wen-zong-he-3.m3u8,网络源,å™å·æ–°é—»ç»¼åˆ.png,10,未分组,403
å¹³æ¹–æ–°é—»ç»¼åˆ,https://stream1.freetv.fun/ping-hu-xin-wen-zong-he-1.m3u8,网络源,å¹³æ¹–æ–°é—»ç»¼åˆ.png,10,未分组,403
å¼€åŒ–å›½å®¶å…¬å›­,http://l.cztvcloud.com/channels/lantian/SXkaihua2/720p.m3u8zzhed,网络源,å¼€åŒ–å›½å®¶å…¬å›­.png,1697,未分组,200
æ­¦æ±‰æ•™è‚²,https://stream1.freetv.fun/wu-yi-jiao-yu-4.m3u8,网络源,æ­¦æ±‰æ•™è‚².png,9,未分组,403
æ¹–å—éƒ½å¸‚,https://stream1.freetv.fun/hu-nan-du-shi-8.m3u8,网络源,æ¹–å—éƒ½å¸‚.png,11,未分组,403
å™å·æ–°é—»ç»¼åˆ,https://stream1.freetv.fun/xu-zhou-xin-wen-zong-he-1.m3u8,网络源,å™å·æ–°é—»ç»¼åˆ.png,9,未分组,403
å¹³æ¹–æ–°é—»ç»¼åˆ,https://stream1.freetv.fun/ping-hu-xin-wen-zong-he-3.m3u8,网络源,å¹³æ¹–æ–°é—»ç»¼åˆ.png,11,未分组,403
æµ™æ±Ÿæ•°ç æ—¶ä»£,http://ali-m-l.cztv.com/channels/lantian/channel12/720p.m3u8,网络源,æµ™æ±Ÿæ•°ç æ—¶ä»£.png,1813,未分组,200
æ•°ç æ—¶ä»£,http://ali-m-l.cztv.com/channels/lantian/channel12/720p.m3u8?zzhed,网络源,æ•°ç æ—¶ä»£.png,1829,未分组,200
é¾™æ³‰æ–°é—»ç»¼åˆ,http://l.cztvcloud.com/channels/lantian/SXlongquan1/720p.m3u8,网络源,é¾™æ³‰æ–°é—»ç»¼åˆ.png,273,未分组,200
æµ™æ±Ÿæ°‘ç”Ÿ,http://ali-m-l.cztv.com/channels/lantian/channel06/1080p.m3u8,网络源,æµ™æ±Ÿæ°‘ç”Ÿ.png,1254,未分组,200
æ¹–å—éƒ½å¸‚,https://stream1.freetv.fun/hu-nan-du-shi-9.m3u8,网络源,æ¹–å—éƒ½å¸‚.png,10,未分组,403
æ­¦æ±‰æ•™è‚²,https://stream1.freetv.fun/wu-yi-jiao-yu-6.m3u8,网络源,æ­¦æ±‰æ•™è‚².png,10,未分组,403
æµ™æ±Ÿä¼‘é—²å°,http://ali-m-l.cztv.com/channels/lantian/channel006/720p.m3u8,网络源,æµ™æ±Ÿä¼‘é—²å°.png,1866,未分组,200
æµ™æ±Ÿæ•™è‚²,http://ali-m-l.cztv.com/channels/lantian/channel04/720p.m3u8,网络源,æµ™æ±Ÿæ•™è‚².png,1742,未分组,200
å‡‰å±±æ–°é—»ç»¼åˆ,http://file.yizu.tv/nmip-media/channellive/channel106606/playlist.m3u8,网络源,å‡‰å±±æ–°é—»ç»¼åˆ.png,1742,未分组,403
å¹³æ¹–æ–°é—»ç»¼åˆ,https://stream1.freetv.fun/ping-hu-xin-wen-zong-he-5.m3u8,网络源,å¹³æ¹–æ–°é—»ç»¼åˆ.png,10,未分组,403
åˆ©å·ç»¼åˆ,http://tvfile.lzgbdst.com/nmip-media/channellive/channel106876/playlist.m3u8?zsicd,网络源,åˆ©å·ç»¼åˆ.png,1691,未分组,502
æµ™æ±Ÿå…¬å…±æ–°é—»,http://ali-m-l.cztv.com/channels/lantian/channel07/1080p.m3u8,网络源,æµ™æ±Ÿå…¬å…±æ–°é—».png,1893,未分组,200
ä¸‰æ˜æ–°é—»ç»¼åˆ,http://ls.qingting.fm/live/4885.m3u8,网络源,ä¸‰æ˜æ–°é—»ç»¼åˆ.png,1759,未分组,200
ç¦å»ºå°‘å„¿,http://8.138.7.223/tv/fjtv1.php?id=fjse,网络源,ç¦å»ºå°‘å„¿.png,308,未分组,302
æ¹–å—éƒ½å¸‚,https://stream1.freetv.fun/hu-nan-du-shi-6.ctv,网络源,æ¹–å—éƒ½å¸‚.png,10,未分组,403
æµ™æ±Ÿæ°‘ç”Ÿ,http://ali-m-l.cztv.com/channels/lantian/channel06/720p.m3u8,网络源,æµ™æ±Ÿæ°‘ç”Ÿ.png,908,未分组,200
æ­¦æ±‰æ•™è‚²,https://stream1.freetv.fun/wu-yi-jiao-yu-8.m3u8,网络源,æ­¦æ±‰æ•™è‚².png,9,未分组,403
ç¦å»ºç»æµ,https://stream1.freetv.fun/fu-jian-jing-ji-2.m3u8,网络源,ç¦å»ºç»æµ.png,10,未分组,403
æµ™æ±Ÿæ°‘ç”Ÿ,http://ali-m-l.cztv.com/channels/lantian/channel006/1080p.m3u8,网络源,æµ™æ±Ÿæ°‘ç”Ÿ.png,691,未分组,200
æµ™æ±Ÿæ•™ç§‘å½±è§†,http://ali-m-l.cztv.com/channels/lantian/channel04/1080p.m3u8,网络源,æµ™æ±Ÿæ•™ç§‘å½±è§†.png,1934,未分组,200
æµ·å—æ–°é—»,https://migu.188766.xyz/?migutoken=cbcc6f4915a3d5fd72f99084e5b3efd9&id=hn_xwpd&type=sz,网络源,æµ·å—æ–°é—».png,29,未分组,403
é™•è¥¿å…¬å…±,http://ls.qingting.fm/live/1222.m3u8,网络源,é™•è¥¿å…¬å…±.png,1937,未分组,200
æ¹–å—éƒ½å¸‚,https://stream1.freetv.fun/hu-nan-du-shi-1.m3u8,网络源,æ¹–å—éƒ½å¸‚.png,10,未分组,403
æ­¦æ±‰æ•™è‚²,https://stream1.freetv.fun/wu-yi-jiao-yu-13.ctv,网络源,æ­¦æ±‰æ•™è‚².png,8,未分组,403
è¾½å®éƒ½å¸‚,https://ls.qingting.fm/live/1099/64k.m3u8,网络源,è¾½å®éƒ½å¸‚.png,1033,未分组,200
ä¸‰æ˜æ–°é—»ç»¼åˆ,https://ls.qingting.fm/live/5022100/64k.m3u8,网络源,ä¸‰æ˜æ–°é—»ç»¼åˆ.png,1113,未分组,200
æµ™æ±Ÿæ–°é—»,http://ali-vl.cztv.com/channels/lantian/channel007/360p.m3u8,网络源,æµ™æ±Ÿæ–°é—».png,596,未分组,200
æ­¦æ±‰ä¸€å°æ–°é—»ç»¼åˆ,https://ls.qingting.fm/live/20198/64k.m3u8,网络源,æ­¦æ±‰ä¸€å°æ–°é—»ç»¼åˆ.png,1065,未分组,200
æ±Ÿè‹æ•™è‚²,http://hlsztemgsplive.miguvideo.com:8080/wd_r2/jstv/jsjiaoyu/600/index.m3u8?msisdn=20260114080245130986f54d4d4c57ae3b8a19f61f6854&mdspid=&spid=699067&netType=0&sid=5500287493&pid=2028597139&timestamp=20260114080245&Channel_ID=0116_2600037000-99000-200300220100002&ProgramID=628008321&ParentNodeID=-99&assertID=5500287493&client_ip=218.28.233.106&SecurityKey=20260114080245&promotionId=&mvid=5101012819&mcid=500020&playurlVersion=WX-A1-8.12.2-RELEASE&userid=&jmhm=&videocodec=h264&appCode=miguvideo_android&bean=mgspad&tid=android&conFee=0&encrypt=5afd8436842b354f380992c1b0e3e7d0&sv=10004&ct=android,网络源,æ±Ÿè‹æ•™è‚².png,13,未分组,403
æ¹–å—éƒ½å¸‚,https://stream1.freetv.fun/hu-nan-du-shi-12.ctv,网络源,æ¹–å—éƒ½å¸‚.png,9,未分组,403
ä¸Šæµ·æ–°é—»ç»¼åˆ,https://migu.188766.xyz/?migutoken=2da6fc3ee5600c20fc3a1ec99a5f510d&id=%E4%B8%8A%E6%B5%B7%E6%96%B0%E9%97%BB%E7%BB%BC%E5%90%88&type=yy,网络源,ä¸Šæµ·æ–°é—»ç»¼åˆ.png,42,未分组,403
æ­¦æ±‰æ•™è‚²,https://stream1.freetv.fun/wu-yi-jiao-yu-1.m3u8,网络源,æ­¦æ±‰æ•™è‚².png,10,未分组,403
æµ™æ±Ÿæ°‘ç”Ÿ,https://ali-m-l.cztv.com/channels/lantian/channel006/1080p.m3u8?,网络源,æµ™æ±Ÿæ°‘ç”Ÿ.png,1123,未分组,200
æµ™æ±Ÿæ•™è‚²,http://ali-vl.cztv.com/channels/lantian/channel004/360p.m3u8,网络源,æµ™æ±Ÿæ•™è‚².png,1809,未分组,200
æµ™æ±Ÿæ–°é—»,http://ali-m-l.cztv.com/channels/lantian/channel07/720p.m3u8,网络源,æµ™æ±Ÿæ–°é—».png,503,未分组,200
æµ™æ±Ÿæ–°é—»,http://ali-m-l.cztv.com/channels/lantian/channel007/1080p.m3u8?zzhed,网络源,æµ™æ±Ÿæ–°é—».png,221,未分组,200
åµŠæ³—ç»¼åˆ,https://stream1.freetv.fun/sheng-zhou-xin-wen-zong-he-2.ctv,网络源,åµŠæ³—ç»¼åˆ.png,11,未分组,403
é‚æ˜Œç»¼åˆ,http://l.cztvcloud.com/channels/lantian/SXsuichang1/720p.m3u8?zzhed,网络源,é‚æ˜Œç»¼åˆ.png,275,未分组,200
æµ™æ±Ÿæ•°ç æ—¶ä»£,https://ali-m-l.cztv.com/channels/lantian/channel012/1080p.m3u8\r\n,网络源,æµ™æ±Ÿæ•°ç æ—¶ä»£.png,2145,未分组,200
æµ™æ±Ÿæ–°é—»,http://ali-m-l.cztv.com/channels/lantian/channel007/1080p.m3u8,网络源,æµ™æ±Ÿæ–°é—».png,223,未分组,200
æ­¦æ±‰æ•™è‚²,https://stream1.freetv.fun/wu-yi-jiao-yu-7.m3u8,网络源,æ­¦æ±‰æ•™è‚².png,12,未分组,403
å››å·ç§‘æ•™,https://stream1.freetv.fun/si-chuan-ke-jiao-3.ctv,网络源,å››å·ç§‘æ•™.png,9,未分组,403
æµ™æ±Ÿæ–°é—»,http://ali-m-l.cztv.com/channels/lantian/channel007/720p.m3u8,网络源,æµ™æ±Ÿæ–°é—».png,447,未分组,200
è¡¢æ±Ÿæ–°é—»ç»¼åˆ,https://stream1.freetv.fun/qu-jiang-xin-wen-zong-he-1.m3u8,网络源,è¡¢æ±Ÿæ–°é—»ç»¼åˆ.png,9,未分组,403
åµŠæ³—ç»¼åˆ,https://stream1.freetv.fun/sheng-zhou-xin-wen-zong-he-1.m3u8,网络源,åµŠæ³—ç»¼åˆ.png,10,未分组,403
åµŠæ³—ç»¼åˆ,http://l.cztvcloud.com/channels/lantian/SXshengzhou1/720p.m3u8?zzhed,网络源,åµŠæ³—ç»¼åˆ.png,304,未分组,200
æ­¦æ±‰æ•™è‚²,https://stream1.freetv.fun/wu-yi-jiao-yu-5.m3u8,网络源,æ­¦æ±‰æ•™è‚².png,10,未分组,403
å››å·ç§‘æ•™,https://stream1.freetv.fun/si-chuan-ke-jiao-1.m3u8,网络源,å››å·ç§‘æ•™.png,9,未分组,403
ç¦å»ºç”µè§†å‰§,https://stream1.freetv.fun/fu-jian-dian-shi-ju-4.m3u8,网络源,ç¦å»ºç”µè§†å‰§.png,9,未分组,403
æµ™æ±Ÿæ–°é—»,https://ali-m-l.cztv.com/channels/lantian/channel007/1080p.m3u8?,网络源,æµ™æ±Ÿæ–°é—».png,664,未分组,200
åµŠæ³—ç»¼åˆ,http://l.cztvcloud.com/channels/lantian/SXshengsi1/720p.m3u8,网络源,åµŠæ³—ç»¼åˆ.png,271,未分组,200
è¡¢æ±Ÿæ–°é—»ç»¼åˆ,https://stream1.freetv.fun/qu-jiang-xin-wen-zong-he-1.ctv,网络源,è¡¢æ±Ÿæ–°é—»ç»¼åˆ.png,9,未分组,403
è±¡å±±æ–°é—»ç»¼åˆ,http://l.cztvcloud.com/channels/lantian/SXxiangshan1/720p.m3u8,网络源,è±¡å±±æ–°é—»ç»¼åˆ.png,285,未分组,200
ç”Ÿæ´»æ—¶å°š,https://stream1.freetv.fun/sheng-huo-shi-shang-13.m3u8,网络源,ç”Ÿæ´»æ—¶å°š.png,10,未分组,403
æ±Ÿè‹æ•™è‚²,http://hlsztemgsplive.miguvideo.com:8080/wd_r2/jstv/jsjiaoyu/600/index.m3u8?msisdn=20260115080210f4a7f8e5b0cd40c39a1e1fc76c6902c5&mdspid=&spid=699067&netType=0&sid=5500287493&pid=2028597139&timestamp=20260115080210&Channel_ID=0116_2600000900-99000-201600010010027&ProgramID=628008321&ParentNodeID=-99&assertID=5500287493&client_ip=218.28.233.106&SecurityKey=20260115080210&promotionId=&mvid=5101012819&mcid=500020&playurlVersion=ZQ-A1-8.12.2-RELEASE&userid=&jmhm=&videocodec=h264&appCode=miguvideo_android&bean=mgspad&tid=android&conFee=0&encrypt=ac89cfbc2a17029f73ddd43a8838cc5b,网络源,æ±Ÿè‹æ•™è‚².png,8,未分组,403
å™å·æ–°é—»ç»¼åˆ,http://pili-live-hls.ybcxjd.com/jdh-live/2108111201035597.m3u8?zsicd,网络源,å™å·æ–°é—»ç»¼åˆ.png,1325,未分组,200
æ¹–å—ç»è§†,https://stream1.freetv.fun/hu-nan-jing-shi-6.m3u8,网络源,æ¹–å—ç»è§†.png,9,未分组,403
ä¸Šæµ·ç¬¬ä¸€è´¢ç»,https://migu.188766.xyz/?migutoken=20bb1a06124bd6ea328162fe9605882d&id=dycj&type=sz,网络源,ä¸Šæµ·ç¬¬ä¸€è´¢ç».png,47,未分组,403
å››å·ç§‘æ•™,https://stream1.freetv.fun/si-chuan-ke-jiao-4.ctv,网络源,å››å·ç§‘æ•™.png,9,未分组,403
é¾™æ¸¸ç”Ÿæ´»å¨±ä¹,https://l.cztvcloud.com/channels/lantian/SXlongyou2/720p.m3u8,网络源,é¾™æ¸¸ç”Ÿæ´»å¨±ä¹.png,1704,未分组,200
ç¦å»ºç»æµ,https://stream1.freetv.fun/fu-jian-jing-ji-5.m3u8,网络源,ç¦å»ºç»æµ.png,9,未分组,403
ä¸Šæµ·ç¬¬ä¸€è´¢ç»,http://www.wmviv.com/iptv/bc2t.php?id=dycj,网络源,ä¸Šæµ·ç¬¬ä¸€è´¢ç».png,240,未分组,403
è¯¸æš¨æ–°é—»ç»¼åˆ,https://l.cztvcloud.com/channels/lantian/SXzhuji3/720p.m3u8,网络源,è¯¸æš¨æ–°é—»ç»¼åˆ.png,2067,未分组,200
æµ™æ±Ÿå°‘å„¿,https://stream1.freetv.fun/zhe-jiang-shao-er-4.m3u8,网络源,æµ™æ±Ÿå°‘å„¿.png,9,未分组,403
è¡¢æ±Ÿæ–°é—»ç»¼åˆ,https://stream1.freetv.fun/qu-jiang-xin-wen-zong-he-2.m3u8,网络源,è¡¢æ±Ÿæ–°é—»ç»¼åˆ.png,9,未分组,403
ç”Ÿæ´»æ—¶å°š,https://stream1.freetv.fun/sheng-huo-shi-shang-17.ctv,网络源,ç”Ÿæ´»æ—¶å°š.png,14,未分组,403
è¡¢æ±Ÿæ–°é—»ç»¼åˆ,http://l.cztvcloud.com/channels/lantian/SXqujiang1/720p.m3u8?zzhed,网络源,è¡¢æ±Ÿæ–°é—»ç»¼åˆ.png,316,未分组,200
é¾™æ¸¸æ–°é—»ç»¼åˆ,https://l.cztvcloud.com/channels/lantian/SXlongyou1/720p.m3u8,网络源,é¾™æ¸¸æ–°é—»ç»¼åˆ.png,977,未分组,200
æ¹–å—ç»è§†,https://stream1.freetv.fun/hu-nan-jing-shi-1.m3u8,网络源,æ¹–å—ç»è§†.png,8,未分组,403
æµ™æ±Ÿå°‘å„¿,http://ali-m-l.cztv.com/channels/lantian/channel008/1080p.m3u8,网络源,æµ™æ±Ÿå°‘å„¿.png,221,未分组,200
æ±Ÿè‹å½±è§†,http://z.b.bkpcp.top/m.php?id=jsys,网络源,æ±Ÿè‹å½±è§†.png,2347,未分组,403
æ³•æ²»å¤©åœ°,http://z.b.bkpcp.top/m.php?id=fztd,网络源,æ³•æ²»å¤©åœ°.png,1175,未分组,403
è¡¢æ±Ÿæ–°é—»ç»¼åˆ,https://stream1.freetv.fun/qu-jiang-xin-wen-zong-he-3.m3u8,网络源,è¡¢æ±Ÿæ–°é—»ç»¼åˆ.png,8,未分组,403
æµ™æ±Ÿå°‘å„¿,https://stream1.freetv.fun/zhe-jiang-shao-er-4.ctv,网络源,æµ™æ±Ÿå°‘å„¿.png,11,未分组,403
ç”Ÿæ´»æ—¶å°š,https://stream1.freetv.fun/sheng-huo-shi-shang-9.ctv,网络源,ç”Ÿæ´»æ—¶å°š.png,9,未分组,403
åµŠå·æ–°é—»ç»¼åˆ,http://l.cztvcloud.com/channels/lantian/SXshengzhou1/720p.m3u8,网络源,åµŠå·æ–°é—»ç»¼åˆ.png,268,未分组,200
æ¹–å—ç»è§†,https://stream1.freetv.fun/hu-nan-jing-shi-15.ctv,网络源,æ¹–å—ç»è§†.png,9,未分组,403
åµŠå·æ–°é—»ç»¼åˆ,http://l.cztvcloud.com/channels/lantian/SXshengzhou1/720p.m3u8?zzhed#http://l.cztvcloud.com/channels/lantian/SXshengzhou1/720p.m3u8,网络源,åµŠå·æ–°é—»ç»¼åˆ.png,244,未分组,200
ç¦å»ºå°‘å„¿,https://stream1.freetv.fun/fu-jian-shao-er-1.m3u8,网络源,ç¦å»ºå°‘å„¿.png,9,未分组,403
æµ™æ±Ÿå°‘å„¿,https://stream1.freetv.fun/zhe-jiang-shao-er-6.ctv,网络源,æµ™æ±Ÿå°‘å„¿.png,8,未分组,403
é„å·ä¸€å¥—,http://pili-publish.yzxw.newaircloud.com/newaircloud-yzxw/yzxw_20190925090843.m3u8?zzhed,网络源,é„å·ä¸€å¥—.png,902,未分组,200
ä¸Šæµ·ç¬¬ä¸€è´¢ç»,https://migu.188766.xyz/?migutoken=48076f7837fe4f59da0dbd882998f16d&id=dycj&type=sz,网络源,ä¸Šæµ·ç¬¬ä¸€è´¢ç».png,55,未分组,403
ç”Ÿæ´»æ—¶å°š,https://stream1.freetv.fun/sheng-huo-shi-shang-29.m3u8,网络源,ç”Ÿæ´»æ—¶å°š.png,9,未分组,403
å®œå…´æ–°é—»,https://stream1.freetv.fun/yi-xing-xin-wen-1.m3u8,网络源,å®œå…´æ–°é—».png,8,未分组,403
æ¹–å—ç»è§†,https://stream1.freetv.fun/hu-nan-jing-shi-5.m3u8,网络源,æ¹–å—ç»è§†.png,10,未分组,403
å…°æºªæ–°é—»ç»¼åˆ,http://l.cztvcloud.com/channels/lantian/SXlanxi1/720p.m3u8,网络源,å…°æºªæ–°é—»ç»¼åˆ.png,317,未分组,200
ç¦å»ºç»æµ,http://satellitepull.cnr.cn/live/wx32fjdnjjgb/playlist.m3u8,网络源,ç¦å»ºç»æµ.png,2829,未分组,200
æµ™æ±Ÿå°‘å„¿,https://stream1.freetv.fun/zhe-jiang-shao-er-9.ctv,网络源,æµ™æ±Ÿå°‘å„¿.png,10,未分组,403
è§å±±ç”Ÿæ´»,http://l.cztvcloud.com/channels/lantian/SXxiaoshan2/720p.m3u8?zzhed,网络源,è§å±±ç”Ÿæ´».png,294,未分组,200
å…°æºªæ–°é—»ç»¼åˆ,https://stream1.freetv.fun/lan-xi-xin-wen-zong-he-1.m3u8,网络源,å…°æºªæ–°é—»ç»¼åˆ.png,10,未分组,403
å…°æºªæ–°é—»ç»¼åˆ,http://l.cztvcloud.com/channels/lantian/SXlanxi1/720p.m3u8?zzhed,网络源,å…°æºªæ–°é—»ç»¼åˆ.png,267,未分组,200
ç”Ÿæ´»æ—¶å°š,https://stream1.freetv.fun/sheng-huo-shi-shang-5.ctv,网络源,ç”Ÿæ´»æ—¶å°š.png,9,未分组,403
å®œå…´æ–°é—»,https://stream1.freetv.fun/yi-xing-xin-wen-2.m3u8,网络源,å®œå…´æ–°é—».png,11,未分组,403
æ¹–å—ç»è§†,https://stream1.freetv.fun/hu-nan-jing-shi-2.m3u8,网络源,æ¹–å—ç»è§†.png,8,未分组,403
å¹¿å…ƒç»¼åˆ,https://stream1.freetv.fun/yan-yuan-zong-he-1.m3u8,网络源,å¹¿å…ƒç»¼åˆ.png,8,未分组,403
ä¸Šæµ·ç¬¬ä¸€è´¢ç»,https://migu.188766.xyz/?migutoken=f162d79cfa5cd6a82772cf04a780fbf6&id=dycj&type=sz,网络源,ä¸Šæµ·ç¬¬ä¸€è´¢ç».png,38,未分组,403
å…°æºªæ–°é—»ç»¼åˆ,https://stream1.freetv.fun/lan-xi-xin-wen-zong-he-3.m3u8,网络源,å…°æºªæ–°é—»ç»¼åˆ.png,9,未分组,403
ä¸Šæµ·ç¬¬ä¸€è´¢ç»,https://migu.188766.xyz/?migutoken=f7d1839936c9e9599abe6d13f273815f&id=dycj&type=sz,网络源,ä¸Šæµ·ç¬¬ä¸€è´¢ç».png,55,未分组,403
ç”Ÿæ´»æ—¶å°š,https://stream1.freetv.fun/sheng-huo-shi-shang-4.ctv,网络源,ç”Ÿæ´»æ—¶å°š.png,9,未分组,403
æ¹–å—ç»è§†,https://stream1.freetv.fun/hu-nan-jing-shi-4.m3u8,网络源,æ¹–å—ç»è§†.png,9,未分组,403
é„å·äºŒå¥—,http://pili-publish.yzxw.newaircloud.com/newaircloud-yzxw/yzxw_20190925090936.m3u8?zzhed,网络源,é„å·äºŒå¥—.png,1505,未分组,200
å¹¿å…ƒç»¼åˆ,https://stream1.freetv.fun/yan-yuan-zong-he-2.ctv,网络源,å¹¿å…ƒç»¼åˆ.png,9,未分组,403
ç¦å»ºæ–°é—»,https://stream1.freetv.fun/fu-jian-xin-wen-1.m3u8,网络源,ç¦å»ºæ–°é—».png,8,未分组,403
ç¦å»ºç»æµ,https://stream1.freetv.fun/fu-jian-jing-ji-6.m3u8,网络源,ç¦å»ºç»æµ.png,9,未分组,403
è§å±±ç”Ÿæ´»,http://l.cztvcloud.com/channels/lantian/SXxiaoshan2/720p.m3u8?zzhed?,网络源,è§å±±ç”Ÿæ´».png,295,未分组,200
æµ·å—è‡ªè´¸,https://migu.188766.xyz/?migutoken=2795391bf2380a7870585be391603d6a&id=hn_jjpd&type=sz,网络源,æµ·å—è‡ªè´¸.png,61,未分组,403
è§å±±æ–°é—»ç»¼åˆ,http://l.cztvcloud.com/channels/lantian/SXxiaoshan1/720p.m3u8?zzhed,网络源,è§å±±æ–°é—»ç»¼åˆ.png,317,未分组,200
ä¸Šæµ·ç¬¬ä¸€è´¢ç»,https://migu.188766.xyz/?migutoken=7788ea616cdaf1cbf20503ac35a45536&id=dycj&type=sz,网络源,ä¸Šæµ·ç¬¬ä¸€è´¢ç».png,51,未分组,403
æ¹–å—ç»è§†,https://stream1.freetv.fun/hu-nan-jing-shi-10.ctv,网络源,æ¹–å—ç»è§†.png,10,未分组,403
åå °æ–°é—»,https://stream1.freetv.fun/shi-yan-xin-wen-1.m3u8,网络源,åå °æ–°é—».png,9,未分组,403
ç¦å»ºæ–°é—»,http://satellitepull.cnr.cn/live/wx32fjxwgb/playlist.m3u8,网络源,ç¦å»ºæ–°é—».png,1014,未分组,200
äº‘éœ„ç»¼åˆ,http://live.zzyxxw.com:85/live/xwzh.m3u8?fujian,网络源,äº‘éœ„ç»¼åˆ.png,1732,未分组,200
æ­å·ç»¼åˆ,https://stream1.freetv.fun/hang-zhou-zong-he-3.ctv,网络源,æ­å·ç»¼åˆ.png,9,未分组,403
è§å±±æ–°é—»ç»¼åˆ,https://stream1.freetv.fun/xiao-shan-xin-wen-zong-he-6.m3u8,网络源,è§å±±æ–°é—»ç»¼åˆ.png,9,未分组,403
å¹³æ¹–æ–°é—»ç»¼åˆ,http://play-sh13.quklive.com/live/1690167908295069.m3u8?auth_key=2027466211-f190eec410c24473825cbe1d8541e545-0-f21db57ae1b534802c1cf7be86cc3aef,网络源,å¹³æ¹–æ–°é—»ç»¼åˆ.png,1887,未分组,200
ä¸Šæµ·ç¬¬ä¸€è´¢ç»,https://migu.188766.xyz/?migutoken=82a78e07753ce670fd48b5aaf5f8d25b&id=dycj&type=sz,网络源,ä¸Šæµ·ç¬¬ä¸€è´¢ç».png,47,未分组,403
äº‘éœ„ç»¼åˆ,http://live.zzyxxw.com:85/live/xwzh.m3u8,网络源,äº‘éœ„ç»¼åˆ.png,824,未分组,200
æ³°å·ä¸€å¥—æ–°é—»ç»¼åˆ,https://stream1.freetv.fun/tai-zhou-yi-tao-xin-wen-zong-he-4.m3u8,网络源,æ³°å·ä¸€å¥—æ–°é—»ç»¼åˆ.png,9,未分组,403
æ¹–å—ç»è§†,https://stream1.freetv.fun/hu-nan-jing-shi-9.m3u8,网络源,æ¹–å—ç»è§†.png,9,未分组,403
åå °æ–°é—»,https://stream1.freetv.fun/shi-yan-xin-wen-2.m3u8,网络源,åå °æ–°é—».png,9,未分组,403
æ­¦æ±‰æ–‡ä½“,http://www.hiliu.myds.me:18088/rtp/239.69.1.147:10518,网络源,æ­¦æ±‰æ–‡ä½“.png,1060,未分组,200
ç¦å»ºå°‘å„¿,https://stream1.freetv.fun/fu-jian-shao-er-6.m3u8,网络源,ç¦å»ºå°‘å„¿.png,9,未分组,403
ä½™æ­ç»¼åˆ,http://l.cztvcloud.com/channels/lantian/SXyuhang1/720p.m3u8?zzhed,网络源,ä½™æ­ç»¼åˆ.png,269,未分组,200
æ­å·ç»¼åˆ,https://stream1.freetv.fun/hang-zhou-zong-he-2.ctv,网络源,æ­å·ç»¼åˆ.png,9,未分组,403
è§å±±æ–°é—»ç»¼åˆ,https://stream1.freetv.fun/xiao-shan-xin-wen-zong-he-2.m3u8,网络源,è§å±±æ–°é—»ç»¼åˆ.png,10,未分组,403
å¥å®¹ç”Ÿæ´»,http://43.251.226.89:8080/play/1052.m3u8,网络源,å¥å®¹ç”Ÿæ´».png,1194,未分组,200
å®œå…´æ–°é—»,https://t.freetv.fun/live/yi-xing-xin-wen-1.m3u8,网络源,å®œå…´æ–°é—».png,491,未分组,403
æ¹–å—ç”µè§†å‰§,https://stream1.freetv.fun/hu-nan-dian-shi-ju-2.m3u8,网络源,æ¹–å—ç”µè§†å‰§.png,10,未分组,403
åå °æ–°é—»,https://stream1.freetv.fun/shi-yan-xin-wen-3.m3u8,网络源,åå °æ–°é—».png,9,未分组,403
å¥å®¹å…šå»º,http://43.251.226.89:8080/play/1053.m3u8,网络源,å¥å®¹å…šå»º.png,1985,未分组,200
ä¸Šæµ·çºªå®,https://stream1.freetv.fun/ipv6-shang-hai-ji-shi-ren-wen-2.m3u8,网络源,ä¸Šæµ·çºªå®.png,9,未分组,403
äº•ç ”ç»¼åˆ,http://tvfile.jyrmt.cn/nmip-media/channellive/channel104452/playlist.m3u8,网络源,äº•ç ”ç»¼åˆ.png,3575,未分组,200
æ­å·æ˜ç,https://stream1.freetv.fun/hang-zhou-ming-zhu-2.ctv,网络源,æ­å·æ˜ç .png,9,未分组,403
è§å±±æ–°é—»ç»¼åˆ,https://stream1.freetv.fun/xiao-shan-xin-wen-zong-he-8.m3u8,网络源,è§å±±æ–°é—»ç»¼åˆ.png,10,未分组,403
è±¡å±±ç»¼åˆ,http://play-sh13.quklive.com/live/1702360350551252.m3u8?auth_key=2037107484-800189c57a5a44d3b823b60cf84f6756-0-a6f6828a62d5c167cff5e68735fa0d39,网络源,è±¡å±±ç»¼åˆ.png,1654,未分组,200
ç¬¬ä¸€è´¢ç»,http://satellitepull.cnr.cn/live/wx32dycjgb/playlist.m3u8,网络源,ç¬¬ä¸€è´¢ç».png,6,未分组,200
ä½™æ­ç»¼åˆ,http://l.cztvcloud.com/channels/lantian/SXyuhang1/720p.m3u8,网络源,ä½™æ­ç»¼åˆ.png,268,未分组,200
æ¹–å—ç”µè§†å‰§,https://stream1.freetv.fun/hu-nan-dian-shi-ju-12.m3u8,网络源,æ¹–å—ç”µè§†å‰§.png,9,未分组,403
åå °æ–°é—»,https://stream1.freetv.fun/shi-yan-xin-wen-4.m3u8,网络源,åå °æ–°é—».png,9,未分组,403
ä¸Šæµ·çºªå®,https://stream1.freetv.fun/ipv6-shang-hai-ji-shi-ren-wen-3.m3u8,网络源,ä¸Šæµ·çºªå®.png,10,未分组,403
æ­å·æ˜ç,https://stream1.freetv.fun/hang-zhou-ming-zhu-1.ctv,网络源,æ­å·æ˜ç .png,9,未分组,403
è§å±±æ–°é—»ç»¼åˆ,https://stream1.freetv.fun/xiao-shan-xin-wen-zong-he-9.m3u8,网络源,è§å±±æ–°é—»ç»¼åˆ.png,11,未分组,403
å››å·ç§‘æ•™,http://182.150.115.21:8030/pcgacg/pcgacg_0.m3u8,网络源,å››å·ç§‘æ•™.png,1680,未分组,200
å®œå…´æ–°é—»,http://yixing-tv-ori-hls.jstv.com/yixing-tv-ori/yixing_xw.m3u8,网络源,å®œå…´æ–°é—».png,1239,未分组,200
ä½™æ­æœªæ¥E,http://l.cztvcloud.com/channels/lantian/SXyuhang3/720p.m3u8,网络源,ä½™æ­æœªæ¥E.png,279,未分组,200
æ¹–å—ç”µè§†å‰§,https://stream1.freetv.fun/hu-nan-dian-shi-ju-14.ctv,网络源,æ¹–å—ç”µè§†å‰§.png,10,未分组,403
æ±Ÿå¤æ–°é—»ç»¼åˆ,http://59.175.226.142:280/gb28181/xwzh.m3u8?zhubd,网络源,æ±Ÿå¤æ–°é—»ç»¼åˆ.png,846,未分组,200
ç¦å»ºæ–°é—»,https://stream1.freetv.fun/fu-jian-xin-wen-2.m3u8,网络源,ç¦å»ºæ–°é—».png,11,未分组,403
ä»å¯¿ç»¼åˆ,https://play.scrstv.com.cn/DT/live.m3u8?auth_key=60001724663204-0-0-c1cc4ded9841ac34f63cdbd3aec647ef,网络源,ä»å¯¿ç»¼åˆ.png,3677,未分组,200
ä¸Šæµ·çºªå®,https://stream1.freetv.fun/ipv6-shang-hai-ji-shi-ren-wen-5.m3u8,网络源,ä¸Šæµ·çºªå®.png,9,未分组,403
æµ·å—è‡ªè´¸,https://migu.188766.xyz/?migutoken=45ac9a110c797599551115731cf44df2&id=hn_jjpd&type=sz,网络源,æµ·å—è‡ªè´¸.png,79,未分组,403
è§å±±æ–°é—»ç»¼åˆ,https://stream1.freetv.fun/xiao-shan-xin-wen-zong-he-4.m3u8,网络源,è§å±±æ–°é—»ç»¼åˆ.png,9,未分组,403
ä¸Šæµ·ç¬¬ä¸€è´¢ç»,https://satellitepull.cnr.cn/live/wx32dycjgb/playlist.m3u8,网络源,ä¸Šæµ·ç¬¬ä¸€è´¢ç».png,1719,未分组,200
ç¬¬ä¸€è´¢ç»,https://stream1.freetv.fun/di-yi-cai-jing-13.m3u8,网络源,ç¬¬ä¸€è´¢ç».png,10,未分组,403
ä½™å§šç»¼åˆ,http://l.cztvcloud.com/channels/lantian/SXyuyao1/720p.m3u8?zzhed,网络源,ä½™å§šç»¼åˆ.png,315,未分组,200
æ²­é˜³ç»¼åˆ,https://shuyang-tv-hls.cm.jstv.com:443/shuyang-tv/shuyangzh.m3u8,网络源,æ²­é˜³ç»¼åˆ.png,1457,未分组,403
æ¹–å—ç”µè§†å‰§,https://stream1.freetv.fun/hu-nan-dian-shi-ju-7.m3u8,网络源,æ¹–å—ç”µè§†å‰§.png,8,未分组,403
æ³•æ²»å¤©åœ°,http://php.jdshipin.com/itv6.php?cid=bestzb&id=9001547084732463424,网络源,æ³•æ²»å¤©åœ°.png,2903,未分组,403
å¸¸å·ç”Ÿæ´»,http://iptv.666230.xyz/iptv/jsyd.php/jsczshenghuo,网络源,å¸¸å·ç”Ÿæ´».png,384,未分组,530
å¸¸å·éƒ½å¸‚,http://iptv.666230.xyz/iptv/jsyd.php/jsczdushi,网络源,å¸¸å·éƒ½å¸‚.png,326,未分组,530
å®¿è¿å…¬å…±,http://iptv.666230.xyz/iptv/jsyd.php/G_SQGG,网络源,å®¿è¿å…¬å…±.png,599,未分组,530
ç¦å»ºç»¼åˆ,https://stream1.freetv.fun/fu-jian-zong-he-6.m3u8,网络源,ç¦å»ºç»¼åˆ.png,8,未分组,403
ä¸Šæµ·çºªå®,https://stream1.freetv.fun/shang-hai-ji-shi-ren-wen-1.m3u8,网络源,ä¸Šæµ·çºªå®.png,9,未分组,403
å¸¸å·å…¬å…±,http://iptv.666230.xyz/iptv/jsyd.php/jsczgonggong,网络源,å¸¸å·å…¬å…±.png,518,未分组,530
æ³—é˜³ç»¼åˆ,http://3739115337.cloudvdn.com/a.m3u8?domain=siyang-tv-hls.cm.jstv.com&player=nwEAAKHdjSKP_58X&secondToken=secondToken%3A5FUijZmDyNMxtCDdne0YzSAwjuw&streamid=siyang-tv%3Asiyang-tv%2Fsiyangzh&v3=1,网络源,æ³—é˜³ç»¼åˆ.png,1088,未分组,200
å¹¿å…ƒç»¼åˆ,https://m3u8.channel.dzsm.com/nmip-media/channellive/channel100999/playlist.m3u8,网络源,å¹¿å…ƒç»¼åˆ.png,1191,未分组,200
è§å±±æ–°é—»ç»¼åˆ,https://stream1.freetv.fun/xiao-shan-xin-wen-zong-he-7.m3u8,网络源,è§å±±æ–°é—»ç»¼åˆ.png,9,未分组,403
ç¬¬ä¸€è´¢ç»,https://stream1.freetv.fun/ipv6-di-yi-cai-jing-8.m3u8,网络源,ç¬¬ä¸€è´¢ç».png,8,未分组,403
äº‘éœ„ç»¼åˆ,"http://live.zzyxxw.com:85/live/xwzh.m3u8?fujian,",网络源,äº‘éœ„ç»¼åˆ.png,575,未分组,200
è†é—¨æ–°é—»ç»¼åˆ,https://stream1.freetv.fun/jing-men-xin-wen-zong-he-6.m3u8,网络源,è†é—¨æ–°é—»ç»¼åˆ.png,9,未分组,403
æ¹–å—ç”µè§†å‰§,https://stream1.freetv.fun/hu-nan-dian-shi-ju-3.m3u8,网络源,æ¹–å—ç”µè§†å‰§.png,11,未分组,403
å¾å·å…¬å…±,http://iptv.666230.xyz/iptv/jsyd.php/xzgg,网络源,å¾å·å…¬å…±.png,18,未分组,530
ç¦å»ºå°‘å„¿,https://stream1.freetv.fun/fu-jian-shao-er-4.m3u8,网络源,ç¦å»ºå°‘å„¿.png,9,未分组,403
è§å±±æ–°é—»ç»¼åˆ,https://stream1.freetv.fun/xiao-shan-xin-wen-zong-he-1.m3u8,网络源,è§å±±æ–°é—»ç»¼åˆ.png,11,未分组,403
ç¬¬ä¸€è´¢ç»,https://live.catvod.com/iptv.php?id=dycj01,网络源,ç¬¬ä¸€è´¢ç».png,558,未分组,403
è§å±±æ–°é—»ç»¼åˆ,http://l.cztvcloud.com/channels/lantian/SXxiaoshan1/720p.m3u8?cWlkPSZzPTg3OWMwYmMyZDMzYTFhZGY3NDQxMjgyYTg1MmUzNTY0JmVzPTE3MDY2Nzc4NzMmdXVpZD0yMjdiY2MzNGNiNGY0MThlYjRiY2IxYzcwNmZjODNkMS02NzQ3NDY2NyZ2PTImYXM9MCZjZG5leF9pZD10eF9waG9uZV9saXZl,网络源,è§å±±æ–°é—»ç»¼åˆ.png,947,未分组,200
æ­¦æ±‰æ–‡ä½“,http://171.83.103.119:9999/rtp/239.69.1.147:10518,网络源,æ­¦æ±‰æ–‡ä½“.png,1555,未分组,200
ç¦å»ºç»¼åˆ,http://8.138.7.223/tv/fjtv1.php?id=fjzh,网络源,ç¦å»ºç»¼åˆ.png,341,未分组,302
è†é—¨æ–°é—»ç»¼åˆ,https://stream1.freetv.fun/jing-men-xin-wen-zong-he-2.m3u8,网络源,è†é—¨æ–°é—»ç»¼åˆ.png,27,未分组,403
æ¹–å—ç”µè§†å‰§,https://stream1.freetv.fun/hu-nan-dian-shi-ju-1.m3u8,网络源,æ¹–å—ç”µè§†å‰§.png,30,未分组,403
ç¬¬ä¸€è´¢ç»,http://8.138.7.223/tv/shtv.php?id=dycj,网络源,ç¬¬ä¸€è´¢ç».png,771,未分组,200
ä½™å§šç»¼åˆ,http://l.cztvcloud.com/channels/lantian/SXyuyao1/720p.m3u8?,网络源,ä½™å§šç»¼åˆ.png,301,未分组,200
ä½™å§šç»¼åˆ,http://l.cztvcloud.com/channels/lantian/SXyuyao1/720p.m3u8,网络源,ä½™å§šç»¼åˆ.png,251,未分组,200
ç¬¬ä¸€è´¢ç»,https://stream1.freetv.fun/di-yi-cai-jing-6.ctv,网络源,ç¬¬ä¸€è´¢ç».png,9,未分组,403
ä½™å§šæ–°é—»ç»¼åˆ,http://l.cztvcloud.com/channels/lantian/SXyuyao1/720p.m3u8?cWlkPSZzPTg3OWMwYmMyZDMzYTFhZGY3NDQxMjgyYTg1MmUzNTY0JmVzPTE3MDY2Nzc4NzMmdXVpZD0yMjdiY2MzNGNiNGY0MThlYjRiY2IxYzcwNmZjODNkMS02NzQ3NDY2NyZ2PTImYXM9MCZjZG5leF9pZD10eF9waG9uZV9saXZl,网络源,ä½™å§šæ–°é—»ç»¼åˆ.png,293,未分组,200
è‹å—æ–°é—»ç»¼åˆ,http://l.cztvcloud.com/channels/lantian/SXcangnan1/720p.m3u8?zzhed,网络源,è‹å—æ–°é—»ç»¼åˆ.png,294,未分组,200
æ¹–å—ç”µè§†å‰§,https://stream1.freetv.fun/hu-nan-dian-shi-ju-10.ctv,网络源,æ¹–å—ç”µè§†å‰§.png,8,未分组,403
è†é—¨æ–°é—»ç»¼åˆ,https://stream1.freetv.fun/jing-men-xin-wen-zong-he-3.m3u8,网络源,è†é—¨æ–°é—»ç»¼åˆ.png,9,未分组,403
å¾·é˜³æ–°é—»ç»¼åˆ,https://stream1.freetv.fun/de-yang-xin-wen-zong-he-2.m3u8,网络源,å¾·é˜³æ–°é—»ç»¼åˆ.png,25,未分组,403
æ­å·ç”Ÿæ´»,https://stream1.freetv.fun/hang-zhou-sheng-huo-1.ctv,网络源,æ­å·ç”Ÿæ´».png,27,未分组,403
äº‘å’Œæ–°é—»ç»¼åˆ,http://l.cztvcloud.com/channels/lantian/SXyunhe1/720p.m3u8,网络源,äº‘å’Œæ–°é—»ç»¼åˆ.png,280,未分组,200
ç¬¬ä¸€è´¢ç»,https://stream1.freetv.fun/ipv6-di-yi-cai-jing-11.m3u8,网络源,ç¬¬ä¸€è´¢ç».png,8,未分组,403
ä¸Šæµ·éƒ½å¸‚,https://migu.188766.xyz/?migutoken=6d8853cd2a35a94822edc25fb168517a&id=shds&type=sz,网络源,ä¸Šæµ·éƒ½å¸‚.png,52,未分组,403
ç¬¬ä¸€è´¢ç»,http://ls.qingting.fm/live/276.m3u8,网络源,ç¬¬ä¸€è´¢ç».png,546,未分组,200
æ¹–å—ç”µè§†å‰§,https://stream1.freetv.fun/hu-nan-dian-shi-ju-8.m3u8,网络源,æ¹–å—ç”µè§†å‰§.png,9,未分组,403
å¹¿å…ƒå…¬å…±,https://m3u8.channel.dzsm.com/nmip-media/channellive/channel101257/playlist.m3u8,网络源,å¹¿å…ƒå…¬å…±.png,2023,未分组,200
è†é—¨æ–°é—»ç»¼åˆ,https://stream1.freetv.fun/jing-men-xin-wen-zong-he-5.m3u8,网络源,è†é—¨æ–°é—»ç»¼åˆ.png,34,未分组,403
ç¦å»ºæ–°é—»,https://stream1.freetv.fun/fu-jian-xin-wen-6.m3u8,网络源,ç¦å»ºæ–°é—».png,26,未分组,403
å¾·é˜³æ–°é—»ç»¼åˆ,https://stream1.freetv.fun/de-yang-xin-wen-zong-he-1.m3u8,网络源,å¾·é˜³æ–°é—»ç»¼åˆ.png,32,未分组,403
æ­å·ç”Ÿæ´»,https://stream1.freetv.fun/hang-zhou-sheng-huo-2.ctv,网络源,æ­å·ç”Ÿæ´».png,10,未分组,403
è‹å—æ–°é—»ç»¼åˆ,https://stream1.freetv.fun/cang-nan-xin-wen-zong-he-5.m3u8,网络源,è‹å—æ–°é—»ç»¼åˆ.png,12,未分组,403
ä¸Šæµ·éƒ½å¸‚,https://stream1.freetv.fun/ipv6-shang-hai-du-shi-3.m3u8,网络源,ä¸Šæµ·éƒ½å¸‚.png,9,未分组,403
æµ·å—è‡ªè´¸,https://migu.188766.xyz/?migutoken=660a5548e95409c119145c54d487e47e&id=hn_jjpd&type=sz,网络源,æµ·å—è‡ªè´¸.png,59,未分组,403
ä½™æ­æœªæ¥E,http://l.cztvcloud.com/channels/lantian/SXyuhang3/720p.m3u8?zzhed,网络源,ä½™æ­æœªæ¥E.png,1107,未分组,200
è‹å—æ–°é—»ç»¼åˆ,https://l.cztvcloud.com/channels/lantian/SXcangnan1/720p.m3u8,网络源,è‹å—æ–°é—»ç»¼åˆ.png,270,未分组,200
äº‘å’Œæ–°é—»ç»¼åˆ,http://l.cztvcloud.com/channels/lantian/SXyunhe1/720p.m3u8?zzhed,网络源,äº‘å’Œæ–°é—»ç»¼åˆ.png,317,未分组,200
è†é—¨æ–°é—»ç»¼åˆ,https://stream1.freetv.fun/jing-men-xin-wen-zong-he-4.m3u8,网络源,è†é—¨æ–°é—»ç»¼åˆ.png,10,未分组,403
äº‘éœ„ç»¼åˆ,https://live.zzyxxw.com:2443/live/xwzh.m3u8,网络源,äº‘éœ„ç»¼åˆ.png,2743,未分组,200
æ­å·ç”Ÿæ´»,https://stream1.freetv.fun/hang-zhou-sheng-huo-3.ctv,网络源,æ­å·ç”Ÿæ´».png,25,未分组,403
å¾·é˜³æ–°é—»ç»¼åˆ,https://stream1.freetv.fun/de-yang-xin-wen-zong-he-3.m3u8,网络源,å¾·é˜³æ–°é—»ç»¼åˆ.png,29,未分组,403
ä¸Šæµ·éƒ½å¸‚,https://stream1.freetv.fun/ipv6-shang-hai-du-shi-8.m3u8,网络源,ä¸Šæµ·éƒ½å¸‚.png,8,未分组,403
è‹å—æ–°é—»ç»¼åˆ,https://stream1.freetv.fun/cang-nan-xin-wen-zong-he-1.m3u8,网络源,è‹å—æ–°é—»ç»¼åˆ.png,31,未分组,403
çºªå®äººæ–‡,http://8.138.7.223/tv/shtv.php?id=xjs,网络源,çºªå®äººæ–‡.png,241,未分组,200
æ³—é˜³èµ„è®¯,http://43.251.226.89:8080/play/1050.m3u8,网络源,æ³—é˜³èµ„è®¯.png,1927,未分组,200
è†é—¨æ–°é—»ç»¼åˆ,https://stream1.freetv.fun/jing-men-xin-wen-zong-he-1.m3u8,网络源,è†é—¨æ–°é—»ç»¼åˆ.png,34,未分组,403
å¹¿å®‰å…¬å…±,http://live1.gatv.com.cn:85/live/GGPD_ggpdzm.m3u8?zsicd,网络源,å¹¿å®‰å…¬å…±.png,1779,未分组,200
æ¶Ÿæ°´ç”µè§†å°ç»¼åˆ,http://lianshui-tv-hls.cm.jstv.com/lianshui-tv/lsxw.m3u8?zjiangsd,网络源,æ¶Ÿæ°´ç”µè§†å°ç»¼åˆ.png,1464,未分组,403
ç¦å»ºå°‘å„¿,https://stream1.freetv.fun/fu-jian-shao-er-7.m3u8,网络源,ç¦å»ºå°‘å„¿.png,28,未分组,403
ä¸­å›½è“æ–°é—»,http://ali-m-l.cztv.com/channels/lantian/channel009/1080p.m3u8,网络源,ä¸­å›½è“æ–°é—».png,275,未分组,200
è‹å—æ–°é—»ç»¼åˆ,https://stream1.freetv.fun/cang-nan-xin-wen-zong-he-4.ctv,网络源,è‹å—æ–°é—»ç»¼åˆ.png,27,未分组,403
å‰‘é˜ç»¼åˆ,https://m3u8.channel.dzsm.com/nmip-media/channellive/channel105549/playlist.m3u8,网络源,å‰‘é˜ç»¼åˆ.png,4534,未分组,200
ä¸Šæµ·éƒ½å¸‚,https://stream1.freetv.fun/ipv6-shang-hai-du-shi-4.m3u8,网络源,ä¸Šæµ·éƒ½å¸‚.png,10,未分组,403
æ¶Ÿæ°´ç”µè§†å°ç»¼åˆ,https://lianshui-tv-hls.cm.jstv.com:443/lianshui-tv/lsxw.m3u8,网络源,æ¶Ÿæ°´ç”µè§†å°ç»¼åˆ.png,1848,未分组,403
ä¸­å›½è“æ–°é—»,https://ali-m-l.cztv.com/channels/lantian/channel009/1080p.m3u8?,网络源,ä¸­å›½è“æ–°é—».png,222,未分组,200
å¦é—¨å«è§†,http://8.138.7.223/tv/fjtv1.php?id=xmws,网络源,å¦é—¨å«è§†.png,309,未分组,302
æ¹–å—ç”µå½±,http://php.jdshipin.com:8880/iptv.php,网络源,æ¹–å—ç”µå½±.png,58,未分组,302
è‹å—æ–°é—»ç»¼åˆ,https://stream1.freetv.fun/cang-nan-xin-wen-zong-he-3.m3u8,网络源,è‹å—æ–°é—»ç»¼åˆ.png,25,未分组,403
ä¸Šæµ·éƒ½å¸‚,https://stream1.freetv.fun/ipv6-shang-hai-du-shi-5.m3u8,网络源,ä¸Šæµ·éƒ½å¸‚.png,8,未分组,403
æ–°æ²‚æ–°é—»,"http://live.xysrmt.cn/xwzh/sd/live.m3u8?zjiangsd""",网络源,æ–°æ²‚æ–°é—».png,1373,未分组,200
æ–°æ²‚ç”Ÿæ´»,http://live.xysrmt.cn/shpd/sd/live.m3u8?zjiangsd,网络源,æ–°æ²‚ç”Ÿæ´».png,1162,未分组,200
å¹¿å®‰å…¬å…±,http://live1.gatv.com.cn:85/live/GGPD_ggpdzm.m3u8,网络源,å¹¿å®‰å…¬å…±.png,1910,未分组,200
æ¹–å—ç”µå½±,https://stream1.freetv.fun/hu-nan-dian-ying-2.ctv,网络源,æ¹–å—ç”µå½±.png,25,未分组,403
ä¸œé˜³å½±è§†ç”Ÿæ´»,http://l.cztvcloud.com/channels/lantian/SXdongyang1/720p.m3u8,网络源,ä¸œé˜³å½±è§†ç”Ÿæ´».png,275,未分组,200
ç¦å»ºæ–°é—»,https://stream1.freetv.fun/fu-jian-xin-wen-3.m3u8,网络源,ç¦å»ºæ–°é—».png,9,未分组,403
æ­å·å½±è§†,https://stream1.freetv.fun/hang-zhou-ying-shi-2.ctv,网络源,æ­å·å½±è§†.png,33,未分组,403
ä¸Šæµ·éƒ½å¸‚,https://stream1.freetv.fun/shang-hai-du-shi-1.m3u8,网络源,ä¸Šæµ·éƒ½å¸‚.png,11,未分组,403
åå±±ç»¼åˆ,https://m3u8channel-bx.yunxya.com/nmip-media/channellive/channel104666/playlist.m3u8,网络源,åå±±ç»¼åˆ.png,3820,未分组,200
ç¼™äº‘ç»¼åˆ,http://l.cztvcloud.com/channels/lantian/SXjinyun1/720p.m3u8?zzhed,网络源,ç¼™äº‘ç»¼åˆ.png,293,未分组,200
ä¸Šè™æ–°é—»ç»¼åˆ,http://l.cztvcloud.com/channels/lantian/SXshangyu1/720p.m3u8?zzhed,网络源,ä¸Šè™æ–°é—»ç»¼åˆ.png,327,未分组,200
æ¶Ÿæ°´ç”µè§†å°ç»¼åˆ,"http://lianshui-tv-hls.cm.jstv.com/lianshui-tv/lsxw.m3u8?zjiangsd,",网络源,æ¶Ÿæ°´ç”µè§†å°ç»¼åˆ.png,2153,未分组,403
ä¸Šæµ·éƒ½å¸‚,https://stream1.freetv.fun/shang-hai-du-shi-7.m3u8,网络源,ä¸Šæµ·éƒ½å¸‚.png,13,未分组,403
å¹¿å®‰å…¬å…±,http://live1.gatv.com.cn:85/live/GGPD.m3u8,网络源,å¹¿å®‰å…¬å…±.png,2776,未分组,200
ç¼™äº‘ç»¼åˆ,http://l.cztvcloud.com/channels/lantian/SXjinyun1/720p.m3u8?zzhed?,网络源,ç¼™äº‘ç»¼åˆ.png,303,未分组,200
ä¸Šè™æ–°å•†éƒ½,http://l.cztvcloud.com/channels/lantian/SXshangyu3/720p.m3u8?zzhed,网络源,ä¸Šè™æ–°å•†éƒ½.png,327,未分组,200
æœå¤©ç»¼åˆ,https://m3u8.channel.dzsm.com/nmip-media/channellive/channel104601/playlist.m3u8,网络源,æœå¤©ç»¼åˆ.png,305,未分组,200
ç¼™äº‘æ–°é—»ç»¼åˆ,http://l.cztvcloud.com/channels/lantian/SXjinyun1/720p.m3u8,网络源,ç¼™äº‘æ–°é—»ç»¼åˆ.png,320,未分组,200
æ—ºè‹æ–°é—»ç»¼åˆ,http://channel.wcrmt.cn:80/nmip-media/channellive/channel105268/playlist.m3u8,网络源,æ—ºè‹æ–°é—»ç»¼åˆ.png,1951,未分组,200
ä¸Šæµ·éƒ½å¸‚,https://stream1.freetv.fun/shang-hai-du-shi-10.m3u8,网络源,ä¸Šæµ·éƒ½å¸‚.png,27,未分组,403
ä¸Šè™æ–°å•†éƒ½,http://l.cztvcloud.com/channels/lantian/SXshangyu3/720p.m3u8?zzhed?,网络源,ä¸Šè™æ–°å•†éƒ½.png,321,未分组,200
å¦é—¨å«è§†,http://38.75.136.137:98/gslb/dsdqpub/xmws.m3u8?auth=testpub,网络源,å¦é—¨å«è§†.png,129,未分组,200
ç¦å»ºå°‘å„¿,https://stream1.freetv.fun/fu-jian-shao-er-2.m3u8,网络源,ç¦å»ºå°‘å„¿.png,27,未分组,403
æ—ºè‹æ–°é—»ç»¼åˆ,http://live.spccmc.com:90/live/spxwzh.m3u8?%E5%85%B3%E6%B3%A8%E5%BE%AE%E4%BF%A1%E5%85%AC%E4%BC%97%E5%8F%B7[%E6%99%B4%E5%9B%AD],网络源,æ—ºè‹æ–°é—»ç»¼åˆ.png,2401,未分组,200
æ·®é˜´ç»¼åˆ,https://huaiyin-tv-replay.cm.jstv.com/huaiyin-tv/huaiyinf.m3u8,网络源,æ·®é˜´ç»¼åˆ.png,2231,未分组,200
ä¸œæ–¹å½±è§†,http://www.wmviv.com/iptv/bc2t.php?id=dfys,网络源,ä¸œæ–¹å½±è§†.png,240,未分组,403
æ­¦æ±‰æ–°é—»,http://vapi.91kds.cc/live2/hbwhtv.m3u8?apiKey=73c963d13814ce7d0e4743c5e7d033cc&id=hbwhtv1,网络源,æ­¦æ±‰æ–°é—».png,2868,未分组,200
ä¸Šè™æ–°å•†éƒ½,http://l.cztvcloud.com/channels/lantian/SXshangyu3/720p.m3u8,网络源,ä¸Šè™æ–°å•†éƒ½.png,334,未分组,200
æ¾æ½˜æ–°é—»ç»¼åˆ,http://live.spccmc.com:90/live/spxwzh.m3u8?zsicd,网络源,æ¾æ½˜æ–°é—»ç»¼åˆ.png,929,未分组,200
è†é—¨æ–°é—»ç»¼åˆ,http://stream.jmtv.com.cn/xwzh/sd/live.m3u8,网络源,è†é—¨æ–°é—»ç»¼åˆ.png,4975,未分组,200
æ¹–å—ç”µè§†å‰§,http://php.jdshipin.com:8880/iptv.php?id=hndsj,网络源,æ¹–å—ç”µè§†å‰§.png,4127,未分组,200
ä¸Šè™æ–°å•†éƒ½,https://stream1.freetv.fun/shang-yu-xin-shang-du-4.m3u8,网络源,ä¸Šè™æ–°å•†éƒ½.png,10,未分组,403
ä¹‰ä¹Œæ–°é—»ç»¼åˆ,https://44911.hlsplay.aodianyun.com/tv_radio_44911/tv_channel_1796.m3u8?auth_key=4830573978-0-0-92824c2c03f95906a3c49a4aa28f1709&extra_key=Yc1XsmxOKy2UBoPM4Wy5vCPsEYqnj06taCR2SRB2Xrg2w28NPilH03KdIbbM5wgSql-VBohSnoO9AOKl94q2t2DWMftz-XB-2qUX-UjXcS80StcSZahBFjrKLivXaRjiY5r2NOMKWMKFbv-S0Bz2G6iEXgCK8yGjtrFHDcPfAQEE0pvXq0Bwy34b7We8zARN&ali_ffmpeg_version=mpengine,网络源,ä¹‰ä¹Œæ–°é—»ç»¼åˆ.png,4375,未分组,403
æ¾æ½˜æ–°é—»ç»¼åˆ,http://live.spccmc.com:90/live/spxwzh.m3u8,网络源,æ¾æ½˜æ–°é—»ç»¼åˆ.png,657,未分组,200
æ¹–å—æ•™è‚²,https://stream1.freetv.fun/hu-nan-jiao-yu-6.ctv,网络源,æ¹–å—æ•™è‚².png,11,未分组,403
ç»å…´ç”µè§†å°å…¬å…±,http://live.shaoxing.com.cn/video/s10001-sxtv2/index.m3u8?%E5%85%B3%E6%B3%A8%E5%BE%AE%E4%BF%A1%E5%85%AC%E4%BC%97%E5%8F%B7[%E6%99%B4%E5%9B%AD],网络源,ç»å…´ç”µè§†å°å…¬å…±.png,1069,未分组,200
å¥å®¹ç”Ÿæ´»,http://yp.qqqtv.top/1/api.php?id=%E5%8F%A5%E5%AE%B9%E7%94%9F%E6%B4%BB%E9%A2%91%E9%81%93&auth=666858,网络源,å¥å®¹ç”Ÿæ´».png,7079,未分组,200
ç¦å»ºæ–°é—»,https://stream1.freetv.fun/fu-jian-xin-wen-4.m3u8,网络源,ç¦å»ºæ–°é—».png,11,未分组,403
å¥å®¹å…šå»º,http://jrlive.jrntv.com/live/_definst_/dangjians/playlist.m3u8,网络源,å¥å®¹å…šå»º.png,7872,未分组,200
ç»å…´æ–°é—»ç»¼åˆ,https://stream1.freetv.fun/shao-xing-xin-wen-zong-he-4.m3u8,网络源,ç»å…´æ–°é—»ç»¼åˆ.png,11,未分组,403
å¥å®¹å…šå»º,http://jrlive.jrntv.com:80/live/dangjian/playlist.m3u8,网络源,å¥å®¹å…šå»º.png,7671,未分组,200
å¥å®¹ç”Ÿæ´»,http://jrlive.jrntv.com/live/_definst_/shenghuos/playlist.m3u8?%E5%85%B3%E6%B3%A8%E5%BE%AE%E4%BF%A1%E5%85%AC%E4%BC%97%E5%8F%B7[%E6%99%B4%E5%9B%AD],网络源,å¥å®¹ç”Ÿæ´».png,7226,未分组,200
ä¸Šè™æ–°å•†éƒ½,https://stream1.freetv.fun/shang-yu-xin-shang-du-2.m3u8,网络源,ä¸Šè™æ–°å•†éƒ½.png,11,未分组,403
ç»å…´æ–°é—»ç»¼åˆ,http://live.shaoxing.com.cn/video/s10001-sxtv1/index.m3u8?zzhed,网络源,ç»å…´æ–°é—»ç»¼åˆ.png,533,未分组,200
å¥å®¹å½±é™¢,http://jrlive.jrntv.com/live/_definst_/yingshis/chunklist_w1994429382.m3u8?zjiangsd,网络源,å¥å®¹å½±é™¢.png,7442,未分组,200
å¥å®¹æ–°é—»ç»¼åˆ,http://jrlive.jrntv.com/live/_definst_/jrxwzhs/playlist.m3u8?zjiangsd,网络源,å¥å®¹æ–°é—»ç»¼åˆ.png,7307,未分组,200
å¥å®¹ç”Ÿæ´»,http://jrlive.jrntv.com/live/_definst_/shenghuos/playlist.m3u8,网络源,å¥å®¹ç”Ÿæ´».png,7139,未分组,200
å¥å®¹å…šå»º,http://yp.qqqtv.top/1/api.php?id=%E5%8F%A5%E5%AE%B9%E5%85%9A%E5%BB%BA%E9%A2%91%E9%81%93&auth=666858,网络源,å¥å®¹å…šå»º.png,8423,未分组,200
ç»å…´æ–°é—»ç»¼åˆ,https://stream1.freetv.fun/shao-xing-xin-wen-zong-he-3.m3u8,网络源,ç»å…´æ–°é—»ç»¼åˆ.png,24,未分组,403
ä¸Šè™æ–°å•†éƒ½,https://stream1.freetv.fun/shang-yu-xin-shang-du-3.m3u8,网络源,ä¸Šè™æ–°å•†éƒ½.png,8,未分组,403
ä¸œæ–¹å½±è§†,https://stream1.freetv.fun/dong-fang-ying-shi-12.m3u8,网络源,ä¸œæ–¹å½±è§†.png,24,未分组,403
å¥å®¹æ–°é—»ç»¼åˆ,http://jrlive.jrntv.com/live/_definst_/jrxwzhs/playlist.m3u8,网络源,å¥å®¹æ–°é—»ç»¼åˆ.png,7559,未分组,200
åŒ—æµ·æ–°é—»ç»¼åˆ,https://live.gxrb.com.cn/gx/beihai/index.m3u8,网络源,åŒ—æµ·æ–°é—»ç»¼åˆ.png,3547,未分组,200
å¥å®¹å…šå»º,http://jrlive.jrntv.com/live/_definst_/dangjians/playlist.m3u8?%E5%85%B3%E6%B3%A8%E5%BE%AE%E4%BF%A1%E5%85%AC%E4%BC%97%E5%8F%B7[%E6%99%B4%E5%9B%AD],网络源,å¥å®¹å…šå»º.png,8417,未分组,200
æ¹–å—çˆ±æ™š,http://php.jdshipin.com:8880/iptv.php?id=hngg,网络源,æ¹–å—çˆ±æ™š.png,2215,未分组,200
æ¹–å—å¨±ä¹,https://stream1.freetv.fun/hu-nan-yu-le-9.ctv,网络源,æ¹–å—å¨±ä¹.png,9,未分组,403
å—å®å…¬å…±,https://stream1.freetv.fun/nan-zhu-gong-gong-1.m3u8,网络源,å—å®å…¬å…±.png,26,未分组,403
ç»å…´æ–°é—»ç»¼åˆ,https://stream1.freetv.fun/shao-xing-xin-wen-zong-he-2.m3u8,网络源,ç»å…´æ–°é—»ç»¼åˆ.png,9,未分组,403
ä¸Šè™æ–°å•†éƒ½,https://stream1.freetv.fun/shang-yu-xin-shang-du-5.m3u8,网络源,ä¸Šè™æ–°å•†éƒ½.png,8,未分组,403
ä¸œæ–¹å½±è§†,https://stream1.freetv.fun/ipv6-dong-fang-ying-shi-8.m3u8,网络源,ä¸œæ–¹å½±è§†.png,11,未分组,403
æ¹–å—å¨±ä¹,https://stream1.freetv.fun/hu-nan-yu-le-3.m3u8,网络源,æ¹–å—å¨±ä¹.png,9,未分组,403
å—å®å…¬å…±,https://stream1.freetv.fun/nan-zhu-gong-gong-5.m3u8,网络源,å—å®å…¬å…±.png,8,未分组,403
ç¦å»ºå°‘å„¿,https://stream1.freetv.fun/fu-jian-shao-er-3.m3u8,网络源,ç¦å»ºå°‘å„¿.png,9,未分组,403
æ— é”¡å¨±ä¹,http://stream.thmz.com/wxtv2/sd/live.m3u8?zjiangsd#http://stream.thmz.com/wxtv2/playlist.m3u8?_upt=5ff4061f1706166872#http://stream.thmz.com/wxtv2/playlist.m3u8#http://stream.thmz.com/wxtv2/sd/live.m3u8?_upt=acffe97a1704940314,网络源,æ— é”¡å¨±ä¹.png,4513,未分组,403
ä¸Šè™æ–°å•†éƒ½,https://stream1.freetv.fun/shang-yu-xin-shang-du-1.m3u8,网络源,ä¸Šè™æ–°å•†éƒ½.png,9,未分组,403
æ— é”¡å¨±ä¹,http://stream.thmz.com/wxtv2/sd/live.m3u8?_upt=978cd8731706199708,网络源,æ— é”¡å¨±ä¹.png,4926,未分组,403
æ— é”¡æ–°é—»ç»¼åˆ,http://stream.thmz.com/wxtv1/playlist.m3u8?_upt=156143371706166361,网络源,æ— é”¡æ–°é—»ç»¼åˆ.png,3038,未分组,403
æ— é”¡æ–°é—»ç»¼åˆ,http://stream.thmz.com/wxtv1/sd/live.m3u8?_upt=4ba3ab191698644028,网络源,æ— é”¡æ–°é—»ç»¼åˆ.png,2064,未分组,403
æ— é”¡å¨±ä¹,http://stream.thmz.com/wxtv2/sd/live.m3u8?_upt=acffe97a1704940314,网络源,æ— é”¡å¨±ä¹.png,5689,未分组,403
æ— é”¡æ–°é—»ç»¼åˆ,http://stream.thmz.com/wxtv1/sd/live.m3u8?zjiangsd#http://stream.thmz.com/wxtv1/playlist.m3u8?_upt=156143371706166361#http://stream.thmz.com/wxtv1/sd/live.m3u8?_upt=4ba3ab191698644028#http://stream.thmz.com/wxtv1/playlist.m3u8,网络源,æ— é”¡æ–°é—»ç»¼åˆ.png,1132,未分组,403
ç¢å®ä¸‰å†œ,http://iptv.666230.xyz/iptv/jsyd.php/xzsnsn,网络源,ç¢å®ä¸‰å†œ.png,13,未分组,530
æ— é”¡æ–°é—»ç»¼åˆ,http://stream.thmz.com/wxtv1/sd/live.m3u8,网络源,æ— é”¡æ–°é—»ç»¼åˆ.png,1360,未分组,403
å—å®å…¬å…±,https://stream1.freetv.fun/nan-zhu-gong-gong-9.m3u8,网络源,å—å®å…¬å…±.png,9,未分组,403
æ— é”¡å¨±ä¹,http://stream.thmz.com/wxtv2/sd/live.m3u8,网络源,æ— é”¡å¨±ä¹.png,5249,未分组,403
ç»å…´æ–‡åŒ–å½±é™¢,https://stream1.freetv.fun/shao-xing-wen-hua-ying-yuan-1.m3u8,网络源,ç»å…´æ–‡åŒ–å½±é™¢.png,27,未分组,403
æ— é”¡æ–°é—»ç»¼åˆ,http://stream.thmz.com/wxtv1/playlist.m3u8,网络源,æ— é”¡æ–°é—»ç»¼åˆ.png,4217,未分组,403
ä¸œæ–¹å½±è§†,https://stream1.freetv.fun/ipv6-dong-fang-ying-shi-9.m3u8,网络源,ä¸œæ–¹å½±è§†.png,27,未分组,403
æ¹–å—å›½é™…,https://stream1.freetv.fun/hu-nan-guo-ji-2.ctv,网络源,æ¹–å—å›½é™….png,10,未分组,403
å—å®å…¬å…±,https://stream1.freetv.fun/nan-zhu-gong-gong-6.m3u8,网络源,å—å®å…¬å…±.png,23,未分组,403
ç¦å»ºæ–°é—»,https://stream1.freetv.fun/fu-jian-xin-wen-5.m3u8,网络源,ç¦å»ºæ–°é—».png,8,未分组,403
æ— é”¡å¨±ä¹,http://stream.thmz.com/wxtv2/playlist.m3u8?_upt=5ff4061f1706166872,网络源,æ— é”¡å¨±ä¹.png,5983,未分组,403
ç»å…´æ–‡åŒ–å½±é™¢,https://stream1.freetv.fun/shao-xing-wen-hua-ying-yuan-4.m3u8,网络源,ç»å…´æ–‡åŒ–å½±é™¢.png,28,未分组,403
å¦é—¨å«è§†,http://e2.woc.iiiya.cn:28888/rtp/239.61.2.11:8060,网络源,å¦é—¨å«è§†.png,6506,未分组,200
ç»å…´æ–‡åŒ–å½±é™¢,http://live.shaoxing.com.cn/video/s10001-sxtv3/index.m3u8?zzhed,网络源,ç»å…´æ–‡åŒ–å½±é™¢.png,268,未分组,200
ä¸œæ–¹å½±è§†,https://stream1.freetv.fun/dong-fang-ying-shi-6.ctv,网络源,ä¸œæ–¹å½±è§†.png,11,未分组,403
ç¢å®ç»¼åˆ,http://iptv.666230.xyz/iptv/jsyd.php/xzsnzh,网络源,ç¢å®ç»¼åˆ.png,11,未分组,530
æ¹–å—å›½é™…,https://stream1.freetv.fun/hu-nan-guo-ji-4.ctv,网络源,æ¹–å—å›½é™….png,33,未分组,403
æ— é”¡å¨±ä¹,https://stream.thmz.com/wxtv2/playlist.m3u8,网络源,æ— é”¡å¨±ä¹.png,5745,未分组,403
å—å®å…¬å…±,https://stream1.freetv.fun/nan-zhu-gong-gong-7.m3u8,网络源,å—å®å…¬å…±.png,28,未分组,403
éƒ½å¸‚å‰§åœº,http://38.75.136.137:98/gslb/dsdqpub/dsjchd.m3u8?auth=testpub,网络源,éƒ½å¸‚å‰§åœº.png,113,未分组,200
å¦é—¨å«è§†,http://183.11.239.36:808/hls/17/index.m3u8,网络源,å¦é—¨å«è§†.png,532,未分组,200
ç»å…´æ–‡åŒ–å½±é™¢,https://stream1.freetv.fun/shao-xing-wen-hua-ying-yuan-3.m3u8,网络源,ç»å…´æ–‡åŒ–å½±é™¢.png,28,未分组,403
æ— é”¡ç”Ÿæ´»,http://stream.thmz.com/wxtv4/sd/live.m3u8,网络源,æ— é”¡ç”Ÿæ´».png,301,未分组,403
ä¸œæ–¹å½±è§†,https://stream1.freetv.fun/dong-fang-ying-shi-4.ctv,网络源,ä¸œæ–¹å½±è§†.png,10,未分组,403
ä¸Šè™æ–‡åŒ–å½±é™¢,https://stream1.freetv.fun/shang-yu-wen-hua-ying-yuan-2.ctv,网络源,ä¸Šè™æ–‡åŒ–å½±é™¢.png,27,未分组,403
ç¢å®èµ„è®¯,http://iptv.666230.xyz/iptv/jsyd.php/xzsnzx,网络源,ç¢å®èµ„è®¯.png,12,未分组,530
ä¸Šè™æ–‡åŒ–å½±é™¢,http://l.cztvcloud.com/channels/lantian/SXshangyu2/720p.m3u8,网络源,ä¸Šè™æ–‡åŒ–å½±é™¢.png,301,未分组,200
æ¹–å—å…¬å…±,https://stream1.freetv.fun/hu-nan-gong-gong-7.m3u8,网络源,æ¹–å—å…¬å…±.png,9,未分组,403
æ— é”¡ç”Ÿæ´»,http://stream.thmz.com/wxtv4/sd/live.m3u8?_upt=978cd8731706199708,网络源,æ— é”¡ç”Ÿæ´».png,313,未分组,403
æ±¶å·æ–°é—»ç»¼åˆ,http://live.iwcmt.cn:90/live/zhxw.m3u8?zsicd,网络源,æ±¶å·æ–°é—»ç»¼åˆ.png,1215,未分组,200
ç»å…´æ–‡åŒ–å½±é™¢,https://stream1.freetv.fun/shao-xing-wen-hua-ying-yuan-2.m3u8,网络源,ç»å…´æ–‡åŒ–å½±é™¢.png,9,未分组,403
ä¸Šè™æ–‡åŒ–å½±é™¢,https://stream1.freetv.fun/shang-yu-wen-hua-ying-yuan-1.m3u8,网络源,ä¸Šè™æ–‡åŒ–å½±é™¢.png,9,未分组,403
ä¸œæ–¹å½±è§†,https://stream1.freetv.fun/ipv6-dong-fang-ying-shi-3.m3u8,网络源,ä¸œæ–¹å½±è§†.png,8,未分组,403
ä¸Šè™æ–‡åŒ–å½±é™¢,http://l.cztvcloud.com/channels/lantian/SXshangyu2/720p.m3u8?zzhed,网络源,ä¸Šè™æ–‡åŒ–å½±é™¢.png,328,未分组,200
éƒ½å¸‚å‰§åœº,http://112.254.55.106:22222/rtp/239.253.254.98:8000,网络源,éƒ½å¸‚å‰§åœº.png,528,未分组,200
æ±¶å·æ–°é—»ç»¼åˆ,http://live.iwcmt.cn:90/live/zhxw.m3u8,网络源,æ±¶å·æ–°é—»ç»¼åˆ.png,849,未分组,200
æ¹–å—å…¬å…±,https://stream1.freetv.fun/hu-nan-gong-gong-5.ctv,网络源,æ¹–å—å…¬å…±.png,8,未分组,403
å—å®æ–°é—»ç»¼åˆ,https://stream1.freetv.fun/nan-zhu-xin-wen-zong-he-3.m3u8,网络源,å—å®æ–°é—»ç»¼åˆ.png,10,未分组,403
æ— é”¡ç”Ÿæ´»,https://stream.thmz.com/wxtv4/playlist.m3u8,网络源,æ— é”¡ç”Ÿæ´».png,1097,未分组,403
æ— é”¡ç»æµ,https://stream.thmz.com/wxtv5/playlist.m3u8,网络源,æ— é”¡ç»æµ.png,286,未分组,403
æ— é”¡ç”Ÿæ´»,http://stream.thmz.com/wxtv4/playlist.m3u8?_upt=8c51357c1707362770,网络源,æ— é”¡ç”Ÿæ´».png,1684,未分组,403
ç»å…´æ–‡åŒ–å½±è§†,https://stream1.freetv.fun/shao-xing-wen-hua-ying-shi-1.m3u8,网络源,ç»å…´æ–‡åŒ–å½±è§†.png,9,未分组,403
ä¸Šè™æ–‡åŒ–å½±é™¢,https://stream1.freetv.fun/shang-yu-wen-hua-ying-yuan-3.ctv,网络源,ä¸Šè™æ–‡åŒ–å½±é™¢.png,8,未分组,403
ç¢å®ç»¼åˆ,https://live-auth.51kandianshi.com/szgd/csztv4k_hd.m3u8,网络源,ç¢å®ç»¼åˆ.png,877,未分组,200
è‹å·æ–‡åŒ–ç”Ÿæ´»,https://stream1.freetv.fun/su-zhou-wen-hua-sheng-huo-2.m3u8,网络源,è‹å·æ–‡åŒ–ç”Ÿæ´».png,11,未分组,403
æ¹–å—å…¬å…±,https://stream1.freetv.fun/hu-nan-gong-gong-2.ctv,网络源,æ¹–å—å…¬å…±.png,12,未分组,403
æµ™æ±Ÿæ•™ç§‘,http://ali-m-l.cztv.com/channels/lantian/channel004/1080p.m3u8,网络源,æµ™æ±Ÿæ•™ç§‘.png,221,未分组,200
éƒ½å¸‚å‰§åœº,https://satellitepull.cnr.cn/live/wxcqxwgb/playlist.m3u8,网络源,éƒ½å¸‚å‰§åœº.png,1006,未分组,200
å—å®æ–°é—»ç»¼åˆ,https://stream1.freetv.fun/nan-zhu-xin-wen-zong-he-1.m3u8,网络源,å—å®æ–°é—»ç»¼åˆ.png,24,未分组,403
é¾™å²©ç»¼åˆ,http://8.138.7.223/tv/fjtv1.php?id=ly1,网络源,é¾™å²©ç»¼åˆ.png,326,未分组,302
ä¸Šè™æ–‡åŒ–å½±é™¢,https://stream1.freetv.fun/shang-yu-wen-hua-ying-yuan-4.ctv,网络源,ä¸Šè™æ–‡åŒ–å½±é™¢.png,25,未分组,403
æ— é”¡ç»æµ,http://43.251.226.89:8080/play/1047.m3u8,网络源,æ— é”¡ç»æµ.png,933,未分组,200
æ— é”¡ç»æµ,http://stream.thmz.com/wxtv5/sd/live.m3u8?zjiangsd,网络源,æ— é”¡ç»æµ.png,297,未分组,403
æ²å·ç»¼åˆ,http://file.ysxtv.cn/cms/videos/nmip-media/channellive/channel4/playlist.m3u8?zsicd,网络源,æ²å·ç»¼åˆ.png,1178,未分组,200
ç»å…´å…¬å…±,http://live.shaoxing.com.cn/video/s10001-sxtv2/index.m3u8?zzhed,网络源,ç»å…´å…¬å…±.png,267,未分组,200
è‹å·æ–‡åŒ–ç”Ÿæ´»,https://live-auth.51kandianshi.com/szgd/csztv3.m3u8,网络源,è‹å·æ–‡åŒ–ç”Ÿæ´».png,675,未分组,200
æ¹–å—å…¬å…±,https://stream1.freetv.fun/hu-nan-gong-gong-7.ctv,网络源,æ¹–å—å…¬å…±.png,8,未分组,403
å—å®æ–°é—»ç»¼åˆ,https://stream1.freetv.fun/nan-zhu-xin-wen-zong-he-4.m3u8,网络源,å—å®æ–°é—»ç»¼åˆ.png,24,未分组,403
æ»¨æµ·æ–°é—»ç»¼åˆ,http://traffic.jbh.tjbh.com/live/bhtv10/playlist.m3u8,网络源,æ»¨æµ·æ–°é—»ç»¼åˆ.png,1758,未分组,200
æ— é”¡ç»æµ,http://stream.thmz.com/wxtv5/playlist.m3u8?_upt=10155d141706166867,网络源,æ— é”¡ç»æµ.png,298,未分组,403
ç»å…´å…¬å…±,http://live.shaoxing.com.cn/video/s10001-sxtv2/index.m3u8,网络源,ç»å…´å…¬å…±.png,263,未分组,200
ç¦å»ºç”µè§†å‰§,http://8.138.7.223/tv/fjtv1.php?id=fjdsj,网络源,ç¦å»ºç”µè§†å‰§.png,307,未分组,302
è‹å·æ–°é—»ç»¼åˆ,https://stream1.freetv.fun/su-zhou-xin-wen-zong-he-13.m3u8,网络源,è‹å·æ–°é—»ç»¼åˆ.png,9,未分组,403
æ²™æ¹¾ç»¼åˆ,http://tvfile.swrmt.com:80/nmip-media/channellive/channel100064/playlist.m3u8,网络源,æ²™æ¹¾ç»¼åˆ.png,1352,未分组,403
æµ™æ±Ÿç»æµ,http://ali-m-l.cztv.com/channels/lantian/channel03/720p.m3u8,网络源,æµ™æ±Ÿç»æµ.png,333,未分组,200
ç¦å»ºç»¼åˆ,https://stream1.freetv.fun/fu-jian-zong-he-4.m3u8,网络源,ç¦å»ºç»¼åˆ.png,10,未分组,403
ç¦å»ºç»¼åˆ,https://stream1.freetv.fun/fu-jian-zong-he-5.m3u8,网络源,ç¦å»ºç»¼åˆ.png,9,未分组,403
è‹å·æ–°é—»ç»¼åˆ,https://live-auth.51kandianshi.com/szgd/csztv1.m3u8,网络源,è‹å·æ–°é—»ç»¼åˆ.png,562,未分组,200
æ— é”¡ç»æµ,http://stream.thmz.com/wxtv5/playlist.m3u8,网络源,æ— é”¡ç»æµ.png,298,未分组,403
ä¹‹æ±Ÿçºªå½•,https://ali-m-l.cztv.com/channels/lantian/channel12/720p.m3u8,网络源,ä¹‹æ±Ÿçºªå½•.png,220,未分组,200
ç»å…´å…¬å…±,http://live.shaoxing.com.cn/video/s10001-sxtv2/index.m3u8?,网络源,ç»å…´å…¬å…±.png,266,未分组,200
æ— é”¡ç»æµ,http://stream.thmz.com/wxtv5/sd/live.m3u8?_upt=cfacd5221704890772,网络源,æ— é”¡ç»æµ.png,299,未分组,403
è†é—¨æ–°é—»ç»¼åˆ,https://stream.jmtv.com.cn/xwzh/playlist.m3u8?_upt=3e28e7271664278691,网络源,è†é—¨æ–°é—»ç»¼åˆ.png,8554,未分组,200
ç»å…´å…¬å…±,https://stream1.freetv.fun/shao-xing-gong-gong-2.m3u8,网络源,ç»å…´å…¬å…±.png,9,未分组,403
åŒ—äº¬å¡é…·å°‘å„¿,http://58.57.40.22:9901/tsfile/live/1060_1.m3u8,网络源,åŒ—äº¬å¡é…·å°‘å„¿.png,275,未分组,200
è‹å·ç”Ÿæ´»èµ„è®¯,https://live-auth.51kandianshi.com/szgd/csztv5.m3u8,网络源,è‹å·ç”Ÿæ´»èµ„è®¯.png,642,未分组,200
ç’§å±±ç»¼åˆ,http://222.179.42.129:8181/hls1.m3u8,网络源,ç’§å±±ç»¼åˆ.png,845,未分组,200
è‹å·ç”Ÿæ´»èµ„è®¯,https://stream1.freetv.fun/su-zhou-sheng-huo-zi-xun-1.m3u8,网络源,è‹å·ç”Ÿæ´»èµ„è®¯.png,9,未分组,403
é‡‘é¹°çºªå®,http://58.57.40.22:9901/tsfile/live/1070_1.m3u8,网络源,é‡‘é¹°çºªå®.png,275,未分组,200
æ— é”¡ç»æµ,http://stream.thmz.com/wxtv5/playlist.m3u8?_upt=2e07387a1707368071,网络源,æ— é”¡ç»æµ.png,298,未分组,403
ç»å…´å…¬å…±,https://stream1.freetv.fun/shao-xing-gong-gong-3.m3u8,网络源,ç»å…´å…¬å…±.png,9,未分组,403
æ±¶å·æ–°é—»ç»¼åˆ,http://file.ysxtv.cn/cms/videos/nmip-media/channellive/channel4/playlist.m3u8?zsicd#rtmp://tv.mcrm.org.cn:1935/channellive/tv01,网络源,æ±¶å·æ–°é—»ç»¼åˆ.png,2953,未分组,200
äº‘æ¢¦ç»¼åˆ,http://yp.qqqtv.top/1/api.php?id=%E4%BA%91%E6%A2%A6%E7%BB%BC%E5%90%88%E9%A2%91%E9%81%93&auth=666858,网络源,äº‘æ¢¦ç»¼åˆ.png,7989,未分组,200
ä¹‹æ±Ÿçºªå½•,http://ali-m-l.cztv.com/channels/lantian/channel12/1080p.m3u8,网络源,ä¹‹æ±Ÿçºªå½•.png,297,未分组,200
ä¸œæ–¹å½±è§†,https://www.freetv.top/migu/617290047.m3u8?migutoken=86c02ad0875d5cc49d77bcc8bdb628f2c9d508ffc323b964a03c8f92dde4afafa0345cf5a8fefbdf915c748e3d11c6c18e27ae1e21a609cec31a45e6c437db26a7a243625f9cf35c271171a22c,网络源,ä¸œæ–¹å½±è§†.png,3071,未分组,502
å—å®éƒ½å¸‚ç”Ÿæ´»,https://stream1.freetv.fun/nan-zhu-du-shi-sheng-huo-1.m3u8,网络源,å—å®éƒ½å¸‚ç”Ÿæ´».png,8,未分组,403
ç»µé˜³ç§‘æŠ€,https://stream1.freetv.fun/mian-yang-ke-ji-2.m3u8,网络源,ç»µé˜³ç§‘æŠ€.png,9,未分组,403
æ— é”¡ç»æµ,http://stream.thmz.com/wxtv5/sd/live.m3u8?_upt=978cd8731706199708,网络源,æ— é”¡ç»æµ.png,298,未分组,403
ç»å…´å…¬å…±,https://stream1.freetv.fun/shao-xing-gong-gong-7.m3u8,网络源,ç»å…´å…¬å…±.png,9,未分组,403
è‹å·ç¤¾ä¼šç»æµ,https://live-auth.51kandianshi.com/szgd/csztv2.m3u8,网络源,è‹å·ç¤¾ä¼šç»æµ.png,258,未分组,200
ä¹‹æ±Ÿçºªå½•,http://ali-m-l.cztv.com/channels/lantian/channel012/1080p.m3u8,网络源,ä¹‹æ±Ÿçºªå½•.png,221,未分组,200
è‹å·ç¤¾ä¼šç»æµ,https://stream1.freetv.fun/su-zhou-she-hui-jing-ji-2.m3u8,网络源,è‹å·ç¤¾ä¼šç»æµ.png,10,未分组,403
å—å®éƒ½å¸‚ç”Ÿæ´»,https://stream1.freetv.fun/nan-zhu-du-shi-sheng-huo-2.m3u8,网络源,å—å®éƒ½å¸‚ç”Ÿæ´».png,13,未分组,403
å—å®å…¬å…±,http://hls.nntv.cn/nnlive/NNTV_PUB_A.m3u8?zguangxd,网络源,å—å®å…¬å…±.png,5045,未分组,200
ç¦å»ºç”µè§†å‰§,https://stream1.freetv.fun/fu-jian-dian-shi-ju-1.m3u8,网络源,ç¦å»ºç”µè§†å‰§.png,12,未分组,403
ç»å…´å…¬å…±,https://stream1.freetv.fun/shao-xing-gong-gong-8.m3u8,网络源,ç»å…´å…¬å…±.png,29,未分组,403
é“œæ¢ç»¼åˆ,http://183.64.174.171:40123/ch1.m3u8?zzhongqd,网络源,é“œæ¢ç»¼åˆ.png,847,未分组,200
å—å®å…¬å…±,http://hls.nntv.cn/nnlive/GGPD_24.m3u8,网络源,å—å®å…¬å…±.png,4937,未分组,200
å—å®éƒ½å¸‚ç”Ÿæ´»,http://hls.nntv.cn/nnlive/NNTV_METRO_A.m3u8?zguangxd,网络源,å—å®éƒ½å¸‚ç”Ÿæ´».png,2267,未分组,200
æ— é”¡ç»æµ,http://stream.thmz.com/wxtv5/sd/live.m3u8?_upt=31414f601706199828,网络源,æ— é”¡ç»æµ.png,298,未分组,403
å—å®å½±å¨±ä¹,http://hls.nntv.cn/nnlive/NNTV_VOD_A.m3u8?zguangxd,网络源,å—å®å½±å¨±ä¹.png,3580,未分组,200
å—å®éƒ½å¸‚ç”Ÿæ´»,https://hls.nntv.cn/nnlive/NNTV_METRO_A.m3u8,网络源,å—å®éƒ½å¸‚ç”Ÿæ´».png,2040,未分组,200
å—å®éƒ½å¸‚ç”Ÿæ´»,https://stream1.freetv.fun/nan-zhu-du-shi-sheng-huo-3.m3u8,网络源,å—å®éƒ½å¸‚ç”Ÿæ´».png,10,未分组,403
æµ™æ±Ÿå›½é™…,http://ali-m-l.cztv.com/channels/lantian/channel010/1080p.m3u8,网络源,æµ™æ±Ÿå›½é™….png,272,未分组,200
ç¦å»ºç»¼åˆ,https://stream1.freetv.fun/fu-jian-zong-he-1.m3u8,网络源,ç¦å»ºç»¼åˆ.png,28,未分组,403
æ— é”¡éƒ½å¸‚èµ„è®¯,http://stream.thmz.com/wxtv3/playlist.m3u8,网络源,æ— é”¡éƒ½å¸‚èµ„è®¯.png,313,未分组,403
å—å®å…¬å…±,https://hls.nntv.cn/nnlive/NNTV_PUB_A.m3u8,网络源,å—å®å…¬å…±.png,7184,未分组,200
ç»å…´å…¬å…±,https://stream1.freetv.fun/shao-xing-gong-gong-1.m3u8,网络源,ç»å…´å…¬å…±.png,32,未分组,403
é“œæ¢ç»¼åˆ,http://183.64.174.171:40123/ch1.m3u8,网络源,é“œæ¢ç»¼åˆ.png,918,未分组,200
å¤©æ´¥å«è§†,http://153.0.171.163:9901/tsfile/live/0135_1.m3u8?key=txiptv&playlive=1&authid=0,网络源,å¤©æ´¥å«è§†.png,5800,未分组,200
è¿äº‘æ¸¯å…¬å…±,http://iptv.666230.xyz/iptv/jsyd.php/jslyggonggongpd,网络源,è¿äº‘æ¸¯å…¬å…±.png,12,未分组,530
æµ™æ±Ÿå›½é™…,https://ali-m-l.cztv.com/channels/lantian/channel010/1080p.m3u8?,网络源,æµ™æ±Ÿå›½é™….png,221,未分组,200
é‡‘é¹°çºªå®,https://hls-gateway.vpstv.net/streams/708834.m3u8,网络源,é‡‘é¹°çºªå®.png,68,未分组,403
åŒ—äº¬å¡é…·å°‘å„¿,http://218.13.170.98:9901/tsfile/live/1021_1.m3u8,网络源,åŒ—äº¬å¡é…·å°‘å„¿.png,1620,未分组,200
é‡åº†æ±½æ‘©,http://120.76.248.139/live/bfgd/4200000168.m3u8,网络源,é‡åº†æ±½æ‘©.png,289,未分组,200
æ— é”¡éƒ½å¸‚èµ„è®¯,http://stream.thmz.com/wxtv3/playlist.m3u8?_upt=1758133b1706166861,网络源,æ— é”¡éƒ½å¸‚èµ„è®¯.png,315,未分组,403
é‡åº†æ±½æ‘©,http://183.230.184.51:65500/tntv1.m3u8,网络源,é‡åº†æ±½æ‘©.png,827,未分组,200
è¥ç»ç»¼åˆ,http://file.ysxtv.cn/cms/videos/nmip-media/channellive/channel4/playlist.m3u8,网络源,è¥ç»ç»¼åˆ.png,320,未分组,200
æµ™æ±Ÿå›½é™…,http://ali-m-l.cztv.com/channels/lantian/channel010/720p.m3u8,网络源,æµ™æ±Ÿå›½é™….png,271,未分组,200
è´¾æ±ªæ—…æ¸¸,http://yp.qqqtv.top/1/api.php?id=%E8%B4%BE%E6%B1%AA%E6%97%85%E6%B8%B8%E9%A2%91%E9%81%93&auth=666858,网络源,è´¾æ±ªæ—…æ¸¸.png,922,未分组,200
é‡‘é¹°çºªå®,https://stream1.freetv.fun/jin-ying-ji-shi-35.m3u8,网络源,é‡‘é¹°çºªå®.png,36,未分组,403
å—å®éƒ½å¸‚ç”Ÿæ´»,http://615bbf179ba53515dccad7b1da5d1ad9.livehwc3.cn/hls.nntv.cn/nnlive/WLSH_24.m3u8?sub_m3u8=true&edge_slice=true&user_session_id=2598844eaee8a4265e706fc14b3fc11d,网络源,å—å®éƒ½å¸‚ç”Ÿæ´».png,2339,未分组,200
æ— é”¡éƒ½å¸‚èµ„è®¯,http://stream.thmz.com/wxtv3/sd/live.m3u8?_upt=978cd8731706199708,网络源,æ— é”¡éƒ½å¸‚èµ„è®¯.png,313,未分组,403
æ¼³å·æ–°é—»ç»¼åˆ,http://8.138.7.223/tv/fjtv1.php?id=zz1,网络源,æ¼³å·æ–°é—»ç»¼åˆ.png,315,未分组,302
æµ™æ±Ÿå›½é™…,http://ali-vl.cztv.com/channels/lantian/channel010/360p.m3u8,网络源,æµ™æ±Ÿå›½é™….png,317,未分组,200
é‡åº†æ±½æ‘©,http://183.230.184.51:65500/tntv1.m3u8?zzhongqd,网络源,é‡åº†æ±½æ‘©.png,800,未分组,200
é‡‘é¹°çºªå®,https://stream1.freetv.fun/jin-ying-ji-shi-22.ctv,网络源,é‡‘é¹°çºªå®.png,9,未分组,403
æ— é”¡éƒ½å¸‚èµ„è®¯,http://stream.thmz.com/wxtv3/sd/live.m3u8,网络源,æ— é”¡éƒ½å¸‚èµ„è®¯.png,314,未分组,403
é‡åº†æ±½æ‘©,http://222.179.155.21:1935/ch1.m3u8?%E5%85%B3%E6%B3%A8%E5%BE%AE%E4%BF%A1%E5%85%AC%E4%BC%97%E5%8F%B7[%E6%99%B4%E5%9B%AD],网络源,é‡åº†æ±½æ‘©.png,585,未分组,200
æµ™æ±Ÿå›½é™…,http://ali-m-l.cztv.com/channels/lantian/channel010/1080p.m3u8?zzhed,网络源,æµ™æ±Ÿå›½é™….png,220,未分组,200
è¥å±±ç”µè§†å°,http://file.ysxtv.cn/cms/videos/nmip-media/channellive/channel4/playlist.m3u8?zsicd#http://file.ysxtv.cn/cms/videos/nmip-media/channellive/channel4/playlist.m3u8,网络源,è¥å±±ç”µè§†å°.png,324,未分组,200
è¥ç»ç»¼åˆ,https://file.ysxtv.cn/nmip-media/channellive/channel101492/playlist.m3u8,网络源,è¥ç»ç»¼åˆ.png,1183,未分组,200
æ¥å®¾ç»¼åˆ,http://zb.gxlbamc.com:1935/live/lbzh.stream/playlist.m3u8,网络源,æ¥å®¾ç»¼åˆ.png,1299,未分组,200
é‡‘é¹°çºªå®,https://stream1.freetv.fun/jin-ying-ji-shi-2.ctv,网络源,é‡‘é¹°çºªå®.png,9,未分组,403
çŒé˜³æ–°é—»ç»¼åˆ,https://ls.qingting.fm/live/5043/64k.m3u8,网络源,çŒé˜³æ–°é—»ç»¼åˆ.png,752,未分组,200
è“¬å®‰æ–°é—»ç»¼åˆ,https://stream1.freetv.fun/peng-an-xin-wen-zong-he-2.m3u8,网络源,è“¬å®‰æ–°é—»ç»¼åˆ.png,26,未分组,403
ç¦å»ºç”µè§†å‰§,https://stream1.freetv.fun/fu-jian-dian-shi-ju-5.m3u8,网络源,ç¦å»ºç”µè§†å‰§.png,9,未分组,403
æµ™æ±Ÿå›½é™…,https://stream1.freetv.fun/zhe-jiang-guo-ji-7.m3u8,网络源,æµ™æ±Ÿå›½é™….png,8,未分组,403
æ¹–å·å…¬å…±æ°‘ç”Ÿ,http://hzcm-live.media.hugd.com/1e6b554b9ab74513958c0e1ffe664d22/9acaa7634309494cb29a85eb12136607.m3u8?auth_key=2272900830-9a2389b8bf4e49d580d4ad807423d326-0-ea78a5c7a678c436263582d368f5009e,网络源,æ¹–å·å…¬å…±æ°‘ç”Ÿ.png,1701,未分组,200
å¹¿è¥¿æ–°é—»,http://38.75.136.137:98/gslb/dsdqpub/gxxw.m3u8?auth=testpub,网络源,å¹¿è¥¿æ–°é—».png,128,未分组,200
åŠ¨æ¼«ç§€åœº,https://stream1.freetv.fun/dong-man-xiu-chang-11.m3u8,网络源,åŠ¨æ¼«ç§€åœº.png,9,未分组,403
åŠ¨æ¼«ç§€åœº,http://php.jdshipin.com/itv6.php?cid=bestzb&id=5000000011000031113,网络源,åŠ¨æ¼«ç§€åœº.png,327,未分组,403
è¿äº‘æ¸¯æ–°é—»ç»¼åˆ,http://hlsztemgsplive.miguvideo.com:8080/wd_r2/jstv/lygxinwenzonghe/600/index.m3u8?msisdn=20260114080246b891b1b55ff84fab9801df176030b2a7&mdspid=&spid=699067&netType=0&sid=5500469369&pid=2028597139&timestamp=20260114080246&Channel_ID=0116_2600037000-99000-200300220100002&ProgramID=639731715&ParentNodeID=-99&assertID=5500469369&client_ip=218.28.233.106&SecurityKey=20260114080246&promotionId=&mvid=5102012621&mcid=500020&playurlVersion=WX-A1-8.12.2-RELEASE&userid=&jmhm=&videocodec=h264&appCode=miguvideo_android&bean=mgspad&tid=android&conFee=0&encrypt=b9ce5aac564ab444f0a991a5b6789d33&sv=10004&ct=android,网络源,è¿äº‘æ¸¯æ–°é—»ç»¼åˆ.png,8,未分组,403
æ— é”¡éƒ½å¸‚èµ„è®¯,http://stream.thmz.com/wxtv3/sd/live.m3u8?zjiangsd#http://stream.thmz.com/wxtv3/sd/live.m3u8?_upt=978cd8731706199708#http://stream.thmz.com/wxtv3/playlist.m3u8#http://stream.thmz.com/wxtv3/playlist.m3u8?_upt=1758133b1706166861,网络源,æ— é”¡éƒ½å¸‚èµ„è®¯.png,314,未分组,403
å®¾é˜³ç»¼åˆ,http://pulls.myun.tv/live/0dkp33j5.m3u8,网络源,å®¾é˜³ç»¼åˆ.png,2039,未分组,200
è“¬å®‰æ–°é—»ç»¼åˆ,https://stream1.freetv.fun/peng-an-xin-wen-zong-he-1.m3u8,网络源,è“¬å®‰æ–°é—»ç»¼åˆ.png,13,未分组,403
ç¦å»ºç»¼åˆ,https://stream1.freetv.fun/fu-jian-zong-he-3.m3u8,网络源,ç¦å»ºç»¼åˆ.png,29,未分组,403
æµ™æ±Ÿå›½é™…,https://stream1.freetv.fun/zhe-jiang-guo-ji-10.m3u8,网络源,æµ™æ±Ÿå›½é™….png,30,未分组,403
åŠ¨æ¼«ç§€åœº,https://stream1.freetv.fun/ipv6-dong-man-xiu-chang-11.m3u8,网络源,åŠ¨æ¼«ç§€åœº.png,11,未分组,403
è¥ç»ç»¼åˆ,https://m3u8channel-yj.yunxya.com/nmip-media/channellive/channel101140/playlist.m3u8,网络源,è¥ç»ç»¼åˆ.png,2447,未分组,200
è¿äº‘æ¸¯æ–°é—»ç»¼åˆ,http://hlsztemgsplive.miguvideo.com:8080/wd_r2/jstv/lygxinwenzonghe/600/index.m3u8?msisdn=20260115080211e87b11ebcf3b4f1798b6d61387891ca8&mdspid=&spid=699067&netType=0&sid=5500469369&pid=2028597139&timestamp=20260115080211&Channel_ID=0116_2600000900-99000-201600010010027&ProgramID=639731715&ParentNodeID=-99&assertID=5500469369&client_ip=218.28.233.106&SecurityKey=20260115080211&promotionId=&mvid=5102012621&mcid=500020&playurlVersion=ZQ-A1-8.12.2-RELEASE&userid=&jmhm=&videocodec=h264&appCode=miguvideo_android&bean=mgspad&tid=android&conFee=0&encrypt=cd4567ec41cce093258255427baefcc5,网络源,è¿äº‘æ¸¯æ–°é—»ç»¼åˆ.png,10,未分组,403
æ´å¤´ç»¼åˆ,http://l.cztvcloud.com/channels/lantian/SXdongtou1/720p.m3u8,网络源,æ´å¤´ç»¼åˆ.png,281,未分组,200
æ±Ÿæ´¥æ–°é—»ç»¼åˆ,http://222.179.155.21:1935/ch1.m3u8?zzhongqd,网络源,æ±Ÿæ´¥æ–°é—»ç»¼åˆ.png,573,未分组,200
é•¿æ²™æ–°é—»ç»¼åˆ,http://ls.qingting.fm/live/4877.m3u8,网络源,é•¿æ²™æ–°é—»ç»¼åˆ.png,572,未分组,200
é‡åº†æ±½æ‘©,http://183.64.181.25:40023/rongchang01.m3u8?%E5%85%B3%E6%B3%A8%E5%BE%AE%E4%BF%A1%E5%85%AC%E4%BC%97%E5%8F%B7[%E6%99%B4%E5%9B%AD],网络源,é‡åº†æ±½æ‘©.png,889,未分组,200
åŠ¨æ¼«ç§€åœº,https://stream1.freetv.fun/dong-man-xiu-chang-9.ctv,网络源,åŠ¨æ¼«ç§€åœº.png,10,未分组,403
å…¨çºªå®,http://139.196.151.191/rtp/239.45.3.135:5140,网络源,å…¨çºªå®.png,2533,未分组,200
æ´å¤´ç»¼åˆ,http://l.cztvcloud.com/channels/lantian/SXdongtou1/720p.m3u8?zzhed?,网络源,æ´å¤´ç»¼åˆ.png,304,未分组,200
åŒ—äº¬æ–°é—»,https://satellitepull.cnr.cn/live/wxbjxwgb/playlist.m3u8,网络源,åŒ—äº¬æ–°é—».png,1004,未分组,200
åŒ—äº¬æ–°é—»,https://brtv-radiolive.rbc.cn/alive/fm945.m3u8,网络源,åŒ—äº¬æ–°é—».png,952,未分组,200
å¹¿è¥¿æ–°é—»,https://t.freetv.fun/live/yan-xi-xin-wen.m3u8,网络源,å¹¿è¥¿æ–°é—».png,26,未分组,403
ä¸‡å·ç»¼åˆ,http://123.146.162.24:8017/iTXwrGs/800/live.m3u8?zzhongqd,网络源,ä¸‡å·ç»¼åˆ.png,520,未分组,200
æ¼³å·æ–°é—»ç»¼åˆ,https://stream1.freetv.fun/zhang-zhou-xin-wen-zong-he-2.m3u8,网络源,æ¼³å·æ–°é—»ç»¼åˆ.png,13,未分组,403
æµ·å—æ–°é—»,https://migu.188766.xyz/?migutoken=410e218b52bfcc506bef1f814d8d3b5f&id=hn_xwpd&type=sz,网络源,æµ·å—æ–°é—».png,41,未分组,403
æ¹–å·å…¬å…±,https://stream1.freetv.fun/hu-zhou-gong-gong-9.m3u8,网络源,æ¹–å·å…¬å…±.png,12,未分组,403
åŒ—äº¬æ–°é—»,https://migu.188766.xyz/?migutoken=aa827c67c33e323973b297f53ce3ec84&id=%E5%8C%97%E4%BA%AC%E6%96%B0%E9%97%BB&type=yy,网络源,åŒ—äº¬æ–°é—».png,55,未分组,403
è¿äº‘æ¸¯æ–°é—»ç»¼åˆ,http://hlsztemgsplive.miguvideo.com:8080/wd_r2/jstv/lygxinwenzonghe/600/index.m3u8?msisdn=202601180602416bc5db5b5c1f4ac1993f178f464ec6bf&mdspid=&spid=699067&netType=0&sid=5500469369&pid=2028597139&timestamp=20260118060241&Channel_ID=0116_2600000900-99000-201600010010027&ProgramID=639731715&ParentNodeID=-99&assertID=5500469369&client_ip=218.28.233.106&SecurityKey=20260118060241&promotionId=&mvid=5102012621&mcid=500020&playurlVersion=WX-A1-8.12.2-RELEASE&userid=&jmhm=&videocodec=h264&appCode=miguvideo_android&bean=mgspad&tid=android&conFee=0&encrypt=0d22dd5f48496b929823051d2fea031e,网络源,è¿äº‘æ¸¯æ–°é—»ç»¼åˆ.png,14,未分组,403
æ¹–å·å…¬å…±,https://stream1.freetv.fun/hu-zhou-gong-gong-3.m3u8,网络源,æ¹–å·å…¬å…±.png,13,未分组,403
é‡‘å·æ–°é—»ç»¼åˆ,https://stream1.freetv.fun/jin-chuan-xin-wen-zong-he-3.m3u8,网络源,é‡‘å·æ–°é—»ç»¼åˆ.png,9,未分组,403
ç¦å»ºç”µè§†å‰§,https://stream1.freetv.fun/fu-jian-dian-shi-ju-2.m3u8,网络源,ç¦å»ºç”µè§†å‰§.png,26,未分组,403
æ¹–å·å…¬å…±,https://stream1.freetv.fun/hu-zhou-gong-gong-1.m3u8,网络源,æ¹–å·å…¬å…±.png,28,未分组,403
æ°¸å˜‰æ–°é—»ç»¼åˆ,https://stream1.freetv.fun/yong-jia-xin-wen-zong-he-4.m3u8,网络源,æ°¸å˜‰æ–°é—»ç»¼åˆ.png,34,未分组,403
è¿äº‘æ¸¯æ–°é—»ç»¼åˆ,http://hlsztemgsplive.miguvideo.com:8080/wd_r2/jstv/lygxinwenzonghe/600/index.m3u8?msisdn=202601190202120c431b25d569425b97b3695209490632&mdspid=&spid=699067&netType=0&sid=5500469369&pid=2028597139&timestamp=20260119020212&Channel_ID=0116_2600000900-99000-201600010010027&ProgramID=639731715&ParentNodeID=-99&assertID=5500469369&client_ip=218.28.233.106&SecurityKey=20260119020212&promotionId=&mvid=5102012621&mcid=500020&playurlVersion=WX-A1-8.12.2-RELEASE&userid=&jmhm=&videocodec=h264&appCode=miguvideo_android&bean=mgspad&tid=android&conFee=0&encrypt=1a7c104cef3b7ea7fd3018b5322123d0,网络源,è¿äº‘æ¸¯æ–°é—»ç»¼åˆ.png,41,未分组,403
åŒ—äº¬æ–°é—»,https://migu.188766.xyz/?migutoken=df6fa5447cc74883076849d396941029&id=%E5%8C%97%E4%BA%AC%E6%96%B0%E9%97%BB&type=yy,网络源,åŒ—äº¬æ–°é—».png,41,未分组,403
é‡‘å·æ–°é—»ç»¼åˆ,https://stream1.freetv.fun/jin-chuan-xin-wen-zong-he-4.m3u8,网络源,é‡‘å·æ–°é—»ç»¼åˆ.png,9,未分组,403
ç¦å»ºç»¼åˆ,https://stream1.freetv.fun/fu-jian-zong-he-2.m3u8,网络源,ç¦å»ºç»¼åˆ.png,9,未分组,403
æ°¸å˜‰æ–°é—»ç»¼åˆ,https://stream1.freetv.fun/yong-jia-xin-wen-zong-he-2.m3u8,网络源,æ°¸å˜‰æ–°é—»ç»¼åˆ.png,9,未分组,403
å¹¿è¥¿å›½é™…,http://38.75.136.137:98/gslb/dsdqpub/gxgj.m3u8?auth=testpub,网络源,å¹¿è¥¿å›½é™….png,94,未分组,200
åŒ—äº¬æ–°é—»,https://migu.188766.xyz/?migutoken=35fb58abdb81b2d238e06a763ae7680d&id=%E5%8C%97%E4%BA%AC%E6%96%B0%E9%97%BB&type=yy,网络源,åŒ—äº¬æ–°é—».png,60,未分组,403
æ°¸å˜‰æ–°é—»ç»¼åˆ,http://l.cztvcloud.com/channels/lantian/SXyongjia1/720p.m3u8,网络源,æ°¸å˜‰æ–°é—»ç»¼åˆ.png,361,未分组,200
å¨„åº•ç»¼åˆ,http://iptv.666230.xyz/iptv/hnyx.php/ldxw,网络源,å¨„åº•ç»¼åˆ.png,13,未分组,530
é‡åº†æ–°é—»,http://38.75.136.137:98/gslb/dsdqpub/cqxw.m3u8?auth=testpub,网络源,é‡åº†æ–°é—».png,207,未分组,200
æ³¸å¿æ–°é—»ç»¼åˆ,https://m3u8channel.ganzitv.com/nmip-media/channellive/channel1/playlist.m3u8,网络源,æ³¸å¿æ–°é—»ç»¼åˆ.png,6637,未分组,200
é‡‘å·æ–°é—»ç»¼åˆ,https://stream1.freetv.fun/jin-chuan-xin-wen-zong-he-2.m3u8,网络源,é‡‘å·æ–°é—»ç»¼åˆ.png,9,未分组,403
æ°¸å˜‰æ–°é—»ç»¼åˆ,https://stream1.freetv.fun/yong-jia-xin-wen-zong-he-3.ctv,网络源,æ°¸å˜‰æ–°é—»ç»¼åˆ.png,8,未分组,403
ä¸‡å·ä¸‰å³¡ç§»æ°‘,http://123.146.162.24:8017/c2F0hmi/1000/live.m3u8?zzhongqd,网络源,ä¸‡å·ä¸‰å³¡ç§»æ°‘.png,258,未分组,200
åŒ—äº¬æ–°é—»,https://migu.188766.xyz/?migutoken=4916b2e17a686e9144cb975b04afb93e&id=%E5%8C%97%E4%BA%AC%E6%96%B0%E9%97%BB&type=yy,网络源,åŒ—äº¬æ–°é—».png,44,未分组,403
æ¹–å·æ–°é—»ç»¼åˆ,http://hzcm-live.media.hugd.com/3f5fa7d64c7c46a38c6bd8ad35e836cc/65128273761b4731ae53729ea6dcf932.m3u8?auth_key=2277598215-9d21c15111244bea8d298c361d31a72e-0-d031198f58d44b0e91ba2e3f3b188865,网络源,æ¹–å·æ–°é—»ç»¼åˆ.png,261,未分组,200
æ°¸å˜‰æ–°é—»ç»¼åˆ,http://l.cztvcloud.com/channels/lantian/SXyongjia1/720p.m3u8?zzhed,网络源,æ°¸å˜‰æ–°é—»ç»¼åˆ.png,320,未分组,200
é‡‘å·ä¹¡æ‘,http://live.jinchuanrmt.com:90/live/jcxc.m3u8?zsicd,网络源,é‡‘å·ä¹¡æ‘.png,1377,未分组,200
æ­¦è¿›æ–°é—»,https://live.wjyanghu.com/live/CH1.m3u8?%E5%85%B3%E6%B3%A8%E5%BE%AE%E4%BF%A1%E5%85%AC%E4%BC%97%E5%8F%B7[%E6%99%B4%E5%9B%AD],网络源,æ­¦è¿›æ–°é—».png,1814,未分组,200
åŒ—äº¬æ–°é—»,https://ls.qingting.fm/live/339/64k.m3u8,网络源,åŒ—äº¬æ–°é—».png,543,未分组,200
å˜‰å…´æ–°é—»ç»¼åˆ,http://tvfile.jyrmt.cn:80/nmip-media/channellive/channel104452/playlist.m3u8,网络源,å˜‰å…´æ–°é—»ç»¼åˆ.png,1483,未分组,200
æ¼³å·æ–°é—»ç»¼åˆ,https://stream1.freetv.fun/zhang-zhou-xin-wen-zong-he-1.m3u8,网络源,æ¼³å·æ–°é—»ç»¼åˆ.png,8,未分组,403
æ¹–å·æ–°é—»ç»¼åˆ,http://hzcm-live.media.hugd.com/3f5fa7d64c7c46a38c6bd8ad35e836cc/65128273761b4731ae53729ea6dcf932.m3u8?auth_key=2277598215-9d21c15111244bea8d298c361d31a72e-0-d031198f58d44b0e91ba2e3f3b188865&fbl=,网络源,æ¹–å·æ–°é—»ç»¼åˆ.png,508,未分组,200
åŒ—äº¬æ–°é—»,https://migu.188766.xyz/?migutoken=bc6dd6ad76b6217619fbabaa1bdd3041&id=%E5%8C%97%E4%BA%AC%E6%96%B0%E9%97%BB&type=yy,网络源,åŒ—äº¬æ–°é—».png,62,未分组,403
æ­¦è¿›æ–°é—»,http://live.wjyanghu.com/live/CH1.m3u8?%E5%85%B3%E6%B3%A8%E5%BE%AE%E4%BF%A1%E5%85%AC%E4%BC%97%E5%8F%B7[%E6%99%B4%E5%9B%AD],网络源,æ­¦è¿›æ–°é—».png,2073,未分组,200
ä¸œæµ·æ–°é—»,http://iptv.666230.xyz/iptv/jsyd.php/jsdonghaixinwen,网络源,ä¸œæµ·æ–°é—».png,15,未分组,530
å¹¿è¥¿å›½é™…,http://hlscdn.liangtv.cn/live/0234c48e0bc24fe1b41b9999a253e581/1075ee38e04f490690f6a36a16e09c79.m3u8?fbl=,网络源,å¹¿è¥¿å›½é™….png,808,未分组,200
æ­¦è¿›ç”Ÿæ´»,http://yp.qqqtv.top/1/api.php?id=%E6%AD%A6%E8%BF%9B%E7%94%9F%E6%B4%BB%E9%A2%91%E9%81%93&auth=666858,网络源,æ­¦è¿›ç”Ÿæ´».png,859,未分组,200
æ¹–åŒ—ç»¼åˆ,https://stream1.freetv.fun/hu-bei-zong-he-4.ctv,网络源,æ¹–åŒ—ç»¼åˆ.png,9,未分组,403
æ±Ÿå®æ–°é—»,https://migu.188766.xyz/?migutoken=77969fb082a75b798578427f3570edd2&id=%E4%BD%93%E8%82%B2%E4%BC%91%E9%97%B2%E9%A2%91%E9%81%93&type=yy,网络源,æ±Ÿå®æ–°é—».png,54,未分组,403
é‡‘å·æ–°é—»ç»¼åˆ,http://live.jinchuanrmt.com:90/live/zhxw.m3u8?zsicd,网络源,é‡‘å·æ–°é—»ç»¼åˆ.png,908,未分组,200
æ­¦è¿›ç”Ÿæ´»,http://43.251.226.89:8080/play/1042.m3u8,网络源,æ­¦è¿›ç”Ÿæ´».png,816,未分组,200
åŒ—äº¬æ–°é—»,https://migu.188766.xyz/?migutoken=d1303dc190d857760b1d68298e920c33&id=%E5%8C%97%E4%BA%AC%E6%96%B0%E9%97%BB&type=yy,网络源,åŒ—äº¬æ–°é—».png,43,未分组,403
å—å®å½±è§†å¨±ä¹,https://stream1.freetv.fun/nan-zhu-ying-shi-yu-le-1.m3u8,网络源,å—å®å½±è§†å¨±ä¹.png,9,未分组,403
æ¹–åŒ—ç»¼åˆ,https://stream1.freetv.fun/hu-bei-zong-he-6.ctv,网络源,æ¹–åŒ—ç»¼åˆ.png,9,未分组,403
ç¦å»ºç”µè§†å‰§,https://stream1.freetv.fun/fu-jian-dian-shi-ju-3.m3u8,网络源,ç¦å»ºç”µè§†å‰§.png,8,未分组,403
æ­¦ä¹‰æ–°é—»ç»¼åˆ,https://stream1.freetv.fun/wu-yi-xin-wen-zong-he-3.m3u8,网络源,æ­¦ä¹‰æ–°é—»ç»¼åˆ.png,9,未分组,403
æ­¦è¿›æ–°é—»,http://yp.qqqtv.top/1/api.php?id=%E6%AD%A6%E8%BF%9B%E6%96%B0%E9%97%BB%E9%A2%91%E9%81%93&auth=666858,网络源,æ­¦è¿›æ–°é—».png,1763,未分组,200
æ­¦è¿›ç”Ÿæ´»,https://live.wjyanghu.com/live/CH2.m3u8?%E5%85%B3%E6%B3%A8%E5%BE%AE%E4%BF%A1%E5%85%AC%E4%BC%97%E5%8F%B7[%E6%99%B4%E5%9B%AD],网络源,æ­¦è¿›ç”Ÿæ´».png,1068,未分组,200
æ­¦ä¹‰æ–°é—»ç»¼åˆ,http://l.cztvcloud.com/channels/lantian/SXwuyi1/720p.m3u8,网络源,æ­¦ä¹‰æ–°é—»ç»¼åˆ.png,369,未分组,200
æµ·å—æ–°é—»,http://ls.qingting.fm/live/1861.m3u8,网络源,æµ·å—æ–°é—».png,565,未分组,200
å—å®å½±è§†å¨±ä¹,https://hls.nntv.cn/nnlive/NNTV_VOD_A.m3u8,网络源,å—å®å½±è§†å¨±ä¹.png,270,未分组,200
å—å®å½±è§†å¨±ä¹,https://stream1.freetv.fun/nan-zhu-ying-shi-yu-le-3.m3u8,网络源,å—å®å½±è§†å¨±ä¹.png,8,未分组,403
å¹¿è¥¿æ–°é—»,https://tv.gxtv.cn/channel/channelivePlay_9dfd8600075811e9ba67e41f13b60c62.html,网络源,å¹¿è¥¿æ–°é—».png,2362,未分组,200
æ¹–å·æ–‡åŒ–å¨±ä¹,http://hzcm-live.media.hugd.com/613c47f0ab0d4eaa98b21378d0db6ded/0051d31c9dd543a7825eea4e49675b2a.m3u8?auth_key=2277598059-0a5ebfa1c0dc4671b42a60810fc37039-0-fa625b7d1feab612062453c12e3c8887,网络源,æ¹–å·æ–‡åŒ–å¨±ä¹.png,266,未分组,200
å¹¿è¥¿å›½é™…,https://tv.gxtv.cn/channel/channelivePlay_bfa17b64157f11e999f0e41f13b60c62.html,网络源,å¹¿è¥¿å›½é™….png,1052,未分组,200
æ­¦ä¹‰æ–°é—»ç»¼åˆ,http://l.cztvcloud.com/channels/lantian/SXwuyi1/720p.m3u8?zzhed,网络源,æ­¦ä¹‰æ–°é—»ç»¼åˆ.png,286,未分组,200
åŒ—äº¬ç”Ÿæ´»,https://migu.188766.xyz/?migutoken=42c3cdb90190cfbb68aa926990ba2e82&id=%E5%8C%97%E4%BA%ACi%E7%94%9F%E6%B4%BB&type=yy,网络源,åŒ—äº¬ç”Ÿæ´».png,47,未分组,403
æ­¦è¿›ç”Ÿæ´»,http://live.wjyanghu.com/live/CH2.m3u8,网络源,æ­¦è¿›ç”Ÿæ´».png,1288,未分组,200
é‡‘å·ä¹¡æ‘,https://m3u8channel-yc.yunxya.com/nmip-media/channellive/channel100103/playlist.m3u8,网络源,é‡‘å·ä¹¡æ‘.png,1714,未分组,200
å—å®å½±è§†å¨±ä¹,https://stream1.freetv.fun/nan-zhu-ying-shi-yu-le-4.m3u8,网络源,å—å®å½±è§†å¨±ä¹.png,11,未分组,403
è¡¡é˜³æ–°é—»ç»¼åˆ,https://liveplay-srs.voc.com.cn/hls/tv/183_554704.m3u8,网络源,è¡¡é˜³æ–°é—»ç»¼åˆ.png,1387,未分组,200
æ¹–å·æ–‡åŒ–å¨±ä¹,http://hzcm-live.media.hugd.com/613c47f0ab0d4eaa98b21378d0db6ded/0051d31c9dd543a7825eea4e49675b2a.m3u8?auth_key=2277598059-0a5ebfa1c0dc4671b42a60810fc37039-0-fa625b7d1feab612062453c12e3c8887&fbl=,网络源,æ¹–å·æ–‡åŒ–å¨±ä¹.png,254,未分组,200
å¹¿è¥¿å›½é™…,https://hlscdn.liangtv.cn/live/0234c48e0bc24fe1b41b9999a253e581/1075ee38e04f490690f6a36a16e09c79.m3u8,网络源,å¹¿è¥¿å›½é™….png,1428,未分组,200
æ¾é˜³ç»¼åˆ,http://l.cztvcloud.com/channels/lantian/SXsongyang1/720p.m3u8?fbl=,网络源,æ¾é˜³ç»¼åˆ.png,279,未分组,200
åŒ—äº¬ç”Ÿæ´»,https://migu.188766.xyz/?migutoken=ebac33487fb14297e10f0a7f96677c9d&id=%E5%8C%97%E4%BA%ACi%E7%94%9F%E6%B4%BB&type=yy,网络源,åŒ—äº¬ç”Ÿæ´».png,70,未分组,403
ä¼˜æ¼«å¡é€š,https://stream1.freetv.fun/you-man-qia-tong-11.m3u8,网络源,ä¼˜æ¼«å¡é€š.png,9,未分组,403
é•‡æ±ŸäºŒå¥—ç¤¾ä¼šæ°‘ç”Ÿ,http://zjtv-wshls.homecdn.com/live/2aa16.m3u8,网络源,é•‡æ±ŸäºŒå¥—ç¤¾ä¼šæ°‘ç”Ÿ.png,1286,未分组,200
æ¾é˜³ç»¼åˆ,http://l.cztvcloud.com/channels/lantian/SXsongyang1/720p.m3u8?zzhed?,网络源,æ¾é˜³ç»¼åˆ.png,281,未分组,200
æµ™æ±Ÿç•™å­¦,http://ali-vl.cztv.com/channels/lantian/channel009/360p.m3u8,网络源,æµ™æ±Ÿç•™å­¦.png,315,未分组,200
å—å®å½±è§†å¨±ä¹,https://t.freetv.fun/live/nan-zhu-ying-shi-yu-le-3.m3u8,网络源,å—å®å½±è§†å¨±ä¹.png,9,未分组,403
é’å·ç»¼åˆ,http://qcfile.qcrmt.com/nmip-media/channellive/channel100933/playlist.m3u8,网络源,é’å·ç»¼åˆ.png,601,未分组,200
æ¼³å·æ–°é—»ç»¼åˆ,https://stream1.freetv.fun/zhang-zhou-xin-wen-zong-he-3.m3u8,网络源,æ¼³å·æ–°é—»ç»¼åˆ.png,9,未分组,403
æµ·å—æ–°é—»,https://stream1.freetv.fun/ipv6-hai-nan-xin-wen-6.m3u8,网络源,æµ·å—æ–°é—».png,8,未分组,403
åŒ—äº¬ç”Ÿæ´»,https://migu.188766.xyz/?migutoken=136fbb78e4d83281d95615b20e411bed&id=%E5%8C%97%E4%BA%ACi%E7%94%9F%E6%B4%BB&type=yy,网络源,åŒ—äº¬ç”Ÿæ´».png,44,未分组,403
é•‡æ±Ÿæ–°é—»ç»¼åˆ,http://zjtv-wshls.homecdn.com/live/2aa50.m3u8,网络源,é•‡æ±Ÿæ–°é—»ç»¼åˆ.png,1011,未分组,200
ä¼˜æ¼«å¡é€š,http://www.wmviv.com/iptv/bc2t.php?id=ymkt,网络源,ä¼˜æ¼«å¡é€š.png,856,未分组,403
é‡åº†æ—¶å°šè´­ç‰©,https://tvlive.ugoshop.com/ugotvlive/ssgotv.m3u8?auth_key=2312509421-0-0-6642ec3645caa943da6855a9ef7e2129,网络源,é‡åº†æ—¶å°šè´­ç‰©.png,1678,未分组,403
æ¹–å·æ–°é—»ç»¼åˆ,https://hzcm-live.media.hugd.com/3f5fa7d64c7c46a38c6bd8ad35e836cc/65128273761b4731ae53729ea6dcf932.m3u8?auth_key=2277598215-9d21c15111244bea8d298c361d31a72e-0-d031198f58d44b0e91ba2e3f3b188865,网络源,æ¹–å·æ–°é—»ç»¼åˆ.png,1339,未分组,200
å—å®å½±è§†å¨±ä¹,https://t.freetv.fun/live/nan-zhu-ying-shi-yu-le.m3u8,网络源,å—å®å½±è§†å¨±ä¹.png,9,未分组,403
æµ·å®æ–°é—»ç»¼åˆ,http://p2hs.vzan.com/slowlive/317913155078575177/live.m3u8,网络源,æµ·å®æ–°é—»ç»¼åˆ.png,4736,未分组,200
åŒ—äº¬ç”Ÿæ´»,https://migu.188766.xyz/?migutoken=b5a17d96fc35fc63b25cc763a1785672&id=%E5%8C%97%E4%BA%ACi%E7%94%9F%E6%B4%BB&type=yy,网络源,åŒ—äº¬ç”Ÿæ´».png,51,未分组,403
æµ™æ±Ÿç•™å­¦,https://ali-m-l.cztv.com/channels/lantian/channel009/1080p.m3u8,网络源,æµ™æ±Ÿç•™å­¦.png,272,未分组,200
æµ™æ±Ÿæ°‘ç”Ÿä¼‘é—²,https://stream1.freetv.fun/zhe-jiang-min-sheng-10.m3u8,网络源,æµ™æ±Ÿæ°‘ç”Ÿä¼‘é—².png,10,未分组,403
ç¦å»ºå…¬å…±,http://e1.woc.iiiya.cn:18888/rtp/239.61.2.3:8012,网络源,ç¦å»ºå…¬å…±.png,1051,未分组,200
æ–°é—»ç»¼åˆ,https://stream1.freetv.fun/xin-wen-zong-he-5.m3u8,网络源,æ–°é—»ç»¼åˆ.png,12,未分组,403
åŒ—äº¬ç”Ÿæ´»,https://migu.188766.xyz/?migutoken=e5ba633a55b22307c0e4272af6ea6632&id=%E5%8C%97%E4%BA%ACi%E7%94%9F%E6%B4%BB&type=yy,网络源,åŒ—äº¬ç”Ÿæ´».png,52,未分组,403
å“ˆå“ˆç‚«åŠ¨,http://120.238.94.10:9901/tsfile/live/1037_1.m3u8,网络源,å“ˆå“ˆç‚«åŠ¨.png,2050,未分组,200
æµ™æ±Ÿæ°‘ç”Ÿä¼‘é—²,http://ali-vl.cztv.com/channels/lantian/channel006/360p.m3u8,网络源,æµ™æ±Ÿæ°‘ç”Ÿä¼‘é—².png,351,未分组,200
æ¹–åŒ—ç»è§†,https://stream1.freetv.fun/hu-bei-jing-shi-2.ctv,网络源,æ¹–åŒ—ç»è§†.png,11,未分组,403
ç¦å»ºå…¬å…±,https://stream1.freetv.fun/fu-jian-gong-gong-4.ctv,网络源,ç¦å»ºå…¬å…±.png,13,未分组,403
æµ™æ±Ÿæ°‘ç”Ÿä¼‘é—²,https://stream1.freetv.fun/zhe-jiang-min-sheng-2.m3u8,网络源,æµ™æ±Ÿæ°‘ç”Ÿä¼‘é—².png,28,未分组,403
æ™®é™€ç”µè§†å°,http://l.cztvcloud.com/channels/lantian/SXputuo1/720p.m3u8?zzhed#http://l.cztvcloud.com/channels/lantian/SXputuo1/720p.m3u8,网络源,æ™®é™€ç”µè§†å°.png,303,未分组,200
è¿äº‘æ¸¯æ–°é—»ç»¼åˆ,http://43.251.226.89:8080/play/201.m3u8,网络源,è¿äº‘æ¸¯æ–°é—»ç»¼åˆ.png,2353,未分组,200
å…­åˆæ–°é—»ç»¼åˆ,http://p2hs.vzan.com/720020/432453820030502236/live.m3u8,网络源,å…­åˆæ–°é—»ç»¼åˆ.png,258,未分组,200
åŒ—äº¬ç”Ÿæ´»,https://migu.188766.xyz/?migutoken=3043429f49c0a3a99b8e02f242d42224&id=%E5%8C%97%E4%BA%ACi%E7%94%9F%E6%B4%BB&type=yy,网络源,åŒ—äº¬ç”Ÿæ´».png,50,未分组,403
åŒ—äº¬ç”Ÿæ´»,https://wstvcpudali.v.myalicdn.com/wstvcpud/udrmbtv7_1/index.m3u8?adapt=0&BR=audio,网络源,åŒ—äº¬ç”Ÿæ´».png,1478,未分组,200
æ–°é—»ç»¼åˆ,https://stream1.freetv.fun/xin-wen-zong-he-11.ctv,网络源,æ–°é—»ç»¼åˆ.png,25,未分组,403
æ¹–åŒ—ç»è§†,https://stream1.freetv.fun/hu-bei-jing-shi-24.m3u8,网络源,æ¹–åŒ—ç»è§†.png,29,未分组,403
æµ™æ±Ÿæ°‘ç”Ÿä¼‘é—²,https://stream1.freetv.fun/zhe-jiang-min-sheng-5.m3u8,网络源,æµ™æ±Ÿæ°‘ç”Ÿä¼‘é—².png,9,未分组,403
æµ·å®æ–°é—»ç»¼åˆ,https://p2hs.vzan.com/slowlive/317913155078575177/live.m3u8?zbid=293304&tpid=1708007815,网络源,æµ·å®æ–°é—»ç»¼åˆ.png,4088,未分组,200
æ¾é˜³ç»¼åˆ,http://l.cztvcloud.com/channels/lantian/SXsongyang1/720p.m3u8,网络源,æ¾é˜³ç»¼åˆ.png,785,未分组,200
åŒ—äº¬ç”Ÿæ´»,https://migu.188766.xyz/?migutoken=94a265a45704df4be4d5555a82d77ab4&id=%E5%8C%97%E4%BA%ACi%E7%94%9F%E6%B4%BB&type=yy,网络源,åŒ—äº¬ç”Ÿæ´».png,45,未分组,403
æ¹–åŒ—ç»è§†,http://61.184.46.85:9901/tsfile/live/0019_1.m3u8?key=txiptv&playlive=1&authid=0,网络源,æ¹–åŒ—ç»è§†.png,750,未分组,200
æ–°æ˜Œç”Ÿæ´»,http://l.cztvcloud.com/channels/lantian/SXxinchang2/720p.m3u8,网络源,æ–°æ˜Œç”Ÿæ´».png,276,未分组,200
æµ™æ±Ÿæ°‘ç”Ÿä¼‘é—²,https://stream1.freetv.fun/zhe-jiang-min-sheng-9.m3u8,网络源,æµ™æ±Ÿæ°‘ç”Ÿä¼‘é—².png,26,未分组,403
æµ·å—æ–°é—»,https://migu.188766.xyz/?migutoken=964b97d815e0f15de878a99d3908dd6e&id=hn_xwpd&type=sz,网络源,æµ·å—æ–°é—».png,48,未分组,403
ä¼˜æ¼«å¡é€š,https://www.freetv.top/migu/626064703.m3u8?migutoken=deac6c5275081b54ad412a195e499b7c0cb8f04446b6c80aaa9d3eb1063d620261c68202d59aea05060007b58a62d5d208f16379d861d6f1627c10c9dd894f0bf7e3ca97b04696255e193e871c,网络源,ä¼˜æ¼«å¡é€š.png,883,未分组,502
æ™®é™€ç”µè§†å°,https://l.cztvcloud.com/channels/lantian/SXputuo1/720p.m3u8,网络源,æ™®é™€ç”µè§†å°.png,886,未分组,200
åŒ—äº¬ç”Ÿæ´»,https://migu.188766.xyz/?migutoken=fcf2fd8a9f5159838c6ecfd1749b8828&id=%E5%8C%97%E4%BA%ACi%E7%94%9F%E6%B4%BB&type=yy,网络源,åŒ—äº¬ç”Ÿæ´».png,52,未分组,403
å´‡æ˜ç”µè§†å°,https://pili-live-hls.wdit.com.cn/wditlive/c038f4fafbdf4f97ba74c74ad67259b931ee.m3u8,网络源,å´‡æ˜ç”µè§†å°.png,1484,未分组,403
é•‡æ±Ÿæ–°é—»ç»¼åˆ,http://zjtv-wshls.homecdn.com/live/2aa50.m3u8?wsSession=a263bdc5a26cd01b57a80359-170493712215358,网络源,é•‡æ±Ÿæ–°é—»ç»¼åˆ.png,2020,未分组,200
æ¹–åŒ—ç”Ÿæ´»,https://stream1.freetv.fun/hu-bei-sheng-huo-3.ctv,网络源,æ¹–åŒ—ç”Ÿæ´».png,27,未分组,403
æµ™æ±Ÿæ°‘ç”Ÿä¼‘é—²,https://stream1.freetv.fun/zhe-jiang-min-sheng-8.m3u8,网络源,æµ™æ±Ÿæ°‘ç”Ÿä¼‘é—².png,31,未分组,403
æ–°æ˜Œæ–°é—»ç»¼åˆ,https://stream1.freetv.fun/xin-chang-xin-wen-zong-he-4.m3u8,网络源,æ–°æ˜Œæ–°é—»ç»¼åˆ.png,26,未分组,403
åŒ—äº¬ç”Ÿæ´»,https://migu.188766.xyz/?migutoken=7676312050265378b211c7827880d7f5&id=%E5%8C%97%E4%BA%ACi%E7%94%9F%E6%B4%BB&type=yy,网络源,åŒ—äº¬ç”Ÿæ´».png,49,未分组,403
æ–°é—»ç»¼åˆ,https://stream1.freetv.fun/ipv6-xin-wen-zong-he-7.m3u8,网络源,æ–°é—»ç»¼åˆ.png,29,未分组,403
æ±Ÿè‹å…¬å…±,http://iptv.666230.xyz/iptv/jsyd.php/G_JSGG,网络源,æ±Ÿè‹å…¬å…±.png,11,未分组,530
é–æ±Ÿæ–°é—»ç»¼åˆ,https://stream1.freetv.fun/jing-jiang-xin-wen-zong-he-7.m3u8,网络源,é–æ±Ÿæ–°é—»ç»¼åˆ.png,10,未分组,403
æ¹–åŒ—ç”Ÿæ´»,https://stream1.freetv.fun/hu-bei-sheng-huo-2.m3u8,网络源,æ¹–åŒ—ç”Ÿæ´».png,10,未分组,403
æ¹–å·æ–‡åŒ–å¨±ä¹,https://hzcm-live.media.hugd.com/613c47f0ab0d4eaa98b21378d0db6ded/0051d31c9dd543a7825eea4e49675b2a.m3u8?auth_key=2277598059-0a5ebfa1c0dc4671b42a60810fc37039-0-fa625b7d1feab612062453c12e3c8887,网络源,æ¹–å·æ–‡åŒ–å¨±ä¹.png,2100,未分组,200
é•‡æ±Ÿæ–°é—»ç»¼åˆ,http://zjtv-wshls.homecdn.com/live/2aa50.m3u8?wsSession=a263bdc5a26cd01b57a80359-170493712215358&wsIPSercert=f56bd6194d219a5172dbed60eca6e9b0,网络源,é•‡æ±Ÿæ–°é—»ç»¼åˆ.png,2007,未分组,200
æ™®é™€æ–°é—»ç»¼åˆ,http://l.cztvcloud.com/channels/lantian/SXputuo1/720p.m3u8,网络源,æ™®é™€æ–°é—»ç»¼åˆ.png,736,未分组,200
æ´¥å—ä¸€å¥—,http://play.jinnantv.top/live/JNTV1.m3u8?ztianjd,网络源,æ´¥å—ä¸€å¥—.png,1155,未分组,200
é™•è¥¿éƒ½å¸‚é’æ˜¥,http://112.46.105.20:8009/hls/19/index.m3u8,网络源,é™•è¥¿éƒ½å¸‚é’æ˜¥.png,256,未分组,200
é•‡æ±Ÿæ–°é—»ç»¼åˆ,http://cm-wshls.homecdn.com/live/2aa50.m3u8,网络源,é•‡æ±Ÿæ–°é—»ç»¼åˆ.png,2302,未分组,200
æ–°æ˜Œæ–°é—»ç»¼åˆ,http://l.cztvcloud.com/channels/lantian/SXxinchang1/720p.m3u8,网络源,æ–°æ˜Œæ–°é—»ç»¼åˆ.png,738,未分组,200
ç¦å»ºæ—…æ¸¸,http://e1.woc.iiiya.cn:18888/rtp/239.61.2.6:8030,网络源,ç¦å»ºæ—…æ¸¸.png,645,未分组,200
é›…å®‰æ–°é—»ç»¼åˆ,https://play.yunxya.com/channellive/xinwen.m3u8,网络源,é›…å®‰æ–°é—»ç»¼åˆ.png,2720,未分组,200
æµ·å®æ–°é—»ç»¼åˆ,https://p2hs.vzan.com/slowlive/317913155078575177/live.m3u8,网络源,æµ·å®æ–°é—»ç»¼åˆ.png,5613,未分组,200
é–æ±Ÿæ–°é—»ç»¼åˆ,http://ls.qingting.fm/live/23797.m3u8,网络源,é–æ±Ÿæ–°é—»ç»¼åˆ.png,1227,未分组,200
é¾™æ³‰é©¿æ–°é—»ç»¼åˆ,https://live-pull.newslqy.com/live/fmzb1682404988829.m3u8,网络源,é¾™æ³‰é©¿æ–°é—»ç»¼åˆ.png,2609,未分组,200
å¤©æ´¥å«è§†,http://111.221.137.234:44330/tsfile/live/0132_1.m3u8?key=txiptv&playlive=0&authid=0,网络源,å¤©æ´¥å«è§†.png,1562,未分组,200
ä¼˜æ¼«å¡é€š,https://www.freetv.top/migu/626064703.m3u8?migutoken=7f7c4b909389a0cd5172701768041a0f3887534c4534a68bf1dc85550389e9ab156655484be16e89604513fde9da2f036ebae28d31515b0be32eb12462f5de9d9cab8f00c44671241d5c6e1356,网络源,ä¼˜æ¼«å¡é€š.png,3050,未分组,502
é‡åº†æ—¶å°šè´­ç‰©,http://183.220.107.138:4022/rtp/239.10.0.169:5140,网络源,é‡åº†æ—¶å°šè´­ç‰©.png,5704,未分组,200
é•¿å®ç»¼åˆ,http://cnpull.sccnfb.com:80/live/123456.m3u8,网络源,é•¿å®ç»¼åˆ.png,5306,未分组,200
æ–°é—»ç»¼åˆ,https://www.freetv.top/migu/651632657.m3u8?migutoken=b4a3e55048f55ec1c8fc5b509fbdf32f2dc5d255f5f218e79e84ca9a87fb9f2239927cb11b448f18285b50b81b4cd50a1354e9be5a3283375e85372798c3f3eb3ad60adf45eb5615f68eb4825f,网络源,æ–°é—»ç»¼åˆ.png,3419,未分组,502
æ–°é—»ç»¼åˆ,https://www.freetv.top/migu/651632657.m3u8?migutoken=5ae42e8fda034ab7bf5171dafa0043e70cd12bcd716940c4572fde52ea92b0785f16f1bdbce4c83f5e075b250fe95668f19f8527dda57c27db24f95d412614d99c86a3a2d9341d88b5224b7068,网络源,æ–°é—»ç»¼åˆ.png,4367,未分组,502
æ­¦æ¸…ç»¼åˆ,https://tvpull.smartwq.cn/wqlive/convergencemedia/playlist.m3u8?ztianjd,网络源,æ­¦æ¸…ç»¼åˆ.png,6307,未分组,200
é•¿å®ç»¼åˆ,http://cnpull.sccnfb.com/live/123456.m3u8?zsicd,网络源,é•¿å®ç»¼åˆ.png,7976,未分组,200
æ–°é—»ç»¼åˆ,https://m3u8channel.yunxya.com/nmip-media/channellive/channel100028/playlist.m3u8,网络源,æ–°é—»ç»¼åˆ.png,1672,未分组,200
