频道名,地址,来源,图标
é‡åº†å«è§†,https://stream1.freetv.fun/6b1a26475db46a339ef3275d2919c0598cf23fe3b089042766d48d6adeb71982.m3u8,网络源,
é‡åº†å«è§†,http://111.221.137.234:44330/tsfile/live/0142_1.m3u8?key=txiptv&playlive=0&authid=0,网络源,
é‡åº†å«è§†,http://58.57.40.22:9901/tsfile/live/0142_1.m3u8,网络源,
é‡åº†å«è§†,http://61.136.172.236:9901/tsfile/live/0142_1.m3u8?key=txiptv&playlive=1&authid=0,网络源,
é‡åº†å«è§†,http://123.130.84.106:8154/tsfile/live/0142_1.m3u8,网络源,
é‡åº†å«è§†,http://153.0.171.163:9901/tsfile/live/0142_1.m3u8?key=txiptv&playlive=1&authid=0,网络源,
é‡åº†å«è§†,http://123.130.84.106:8154/tsfile/live/0142_1.m3u8?key=txiptv&playlive=1&authid=0,网络源,
é‡åº†å«è§†,https://t.freetv.fun/live/zhong-qing-wei-shi.m3u8,网络源,
é‡åº†å«è§†,http://112.123.243.37:50085/tsfile/live/0131_1.m3u8,网络源,
é‡åº†å«è§†,http://drive.mxmy.net:8888/udp/239.3.1.122:8160,网络源,
é‡åº†å«è§†,http://123.129.70.178:9901/tsfile/live/0142_1.m3u8?key=txiptv&playlive=1&authid=0,网络源,
é‡åº†å«è§†,http://61.156.228.12:8154/tsfile/live/0142_1.m3u8,网络源,
é‡åº†å«è§†,https://stream1.freetv.fun/db87bc979d1c5004a4b6403aa42c8cc09da751ecd2f1cf27806cf13032ea15e4.m3u8,网络源,
é‡åº†å«è§†,http://221.2.148.205:8154/tsfile/live/0142_1.m3u8?key=txiptv&playlive=1&authid=0,网络源,
é‡åº†å«è§†,http://dms.yryyj.site:8188/udp/239.76.246.92:1234,网络源,
é‡åº†å«è§†,http://tvlist.top/jd/index.php?id=live1041&qt=tkmark.direct.quickconnect.to:8014,网络源,
é‡åº†å«è§†,http://gfr.x3322.net:9901/tsfile/live/1093_1.m3u8,网络源,
é‡åº†å«è§†,https://t.freetv.fun/live/zhong-qing-wei-shi-1-1.php,网络源,
é‡åº†å«è§†,http://p2.ytelc.com/videojs.php?id=https://sjlivecdn9.cbg.cn/202601222307/app_2/_definst_/ls_2.stream/chunklist.m3u8,网络源,
é‡åº†å«è§†,http://8.138.7.223/tv/migu3.php?id=cqws,网络源,
é‡åº†å«è§†,https://www.yangshipin.cn/tv/home?pid=600002531,网络源,
é‡åº†å«è§†,http://113.15.109.216:59901/tsfile/live/0142_1.m3u8?key=txiptv&playlive=1&authid=0,网络源,
é‡åº†å«è§†,https://t.freetv.fun/live/zhong-qing-wei-shi-4.php,网络源,
é‡åº†å«è§†,http://124.116.183.146:9901/tsfile/live/0142_1.m3u8,网络源,
é‡åº†å«è§†,https://t.freetv.fun/live/zhong-qing-wei-shi-11.php,网络源,
é‡åº†å«è§†,http://p2.ytelc.com/videojs.php?id=https://sjlivecdn9.cbg.cn/202601230402/app_2/_definst_/ls_2.stream/chunklist.m3u8,网络源,
é‡åº†å«è§†,http://tvbox6.icu/tv/migu.php?id=cqws,网络源,
é‡åº†å«è§†,http://120.76.248.139/live/bfgd/4200000107.m3u8,网络源,
é‡åº†å«è§†,http://223.159.9.168:8099/tsfile/live/0142_1.m3u8?key=txiptv&playlive=0&authid=0,网络源,
é‡åº†å«è§†,http://223.241.247.214:9901/tsfile/live/1007_1.m3u8?key=txiptv&playlive=1&authid=0,网络源,
é™•è¥¿å«è§†,http://ottrrs.hl.chinamobile.com/PLTV/88888888/224/3221225625/index.m3u8,网络源,
é™•è¥¿å«è§†,http://ottrrs.hl.chinamobile.com/PLTV/88888888/224/3221226457/index.m3u8,网络源,
é™•è¥¿å«è§†,https://t.freetv.fun/live/shan-xi-wei-shi-7.m3u8,网络源,
é™•è¥¿å«è§†,https://t.freetv.fun/live/shan-xi-wei-shi.m3u8,网络源,
é™•è¥¿å«è§†,https://t.freetv.fun/live/shan-xi-wei-shi-5-1.m3u8,网络源,
é™•è¥¿å«è§†,https://t.freetv.fun/live/shan-xi-wei-shi-4.m3u8,网络源,
é™•è¥¿å«è§†,https://t.freetv.fun/live/shan-xi-wei-shi-1-1.m3u8,网络源,
é™•è¥¿å«è§†,https://t.freetv.fun/live/shan-xi-wei-shi-8.m3u8,网络源,
é™•è¥¿å«è§†,https://t.freetv.fun/live/shan-xi-wei-shi-14.m3u8,网络源,
é™•è¥¿å«è§†,https://t.freetv.fun/live/shan-xi-wei-shi-6.m3u8,网络源,
é™•è¥¿å«è§†,https://t.freetv.fun/live/shan-xi-wei-shi-3.m3u8,网络源,
é™•è¥¿å«è§†,https://t.freetv.fun/live/shan-xi-wei-shi-10-1.m3u8,网络源,
é™•è¥¿å«è§†,https://migu.188766.xyz/?migutoken=8ee3aea078dcaa29d998fa90f972dd21&id=%E9%99%95%E8%A5%BF%E5%8D%AB%E8%A7%86&type=yy,网络源,
é™•è¥¿å«è§†,http://kkk.888.3116598.xyz/api.php?n=tttt&id=rJqUMJ&tk=FgM0vQMejxvG,网络源,
é™•è¥¿å«è§†,http://kkk.888.3116598.xyz/api.php?n=tttt&id=msQOKF&tk=FgM0vQMejxvG,网络源,
é™•è¥¿å«è§†,http://kkk.888.3116598.xyz/api.php?n=tttt&id=TmgIbw&tk=FgM0vQMejxvG,网络源,
é™•è¥¿å«è§†,http://kkk.888.3116598.xyz/api.php?n=tttt&id=WOJZcy&tk=FgM0vQMejxvG,网络源,
é™•è¥¿å«è§†,http://kkk.888.3116598.xyz/api.php?n=tttt&id=GeGGaW&tk=FgM0vQMejxvG,网络源,
é™•è¥¿å«è§†,http://kkk.888.3116598.xyz/api.php?n=tttt&id=vKlB4Y&tk=FgM0vQMejxvG,网络源,
é™•è¥¿å«è§†,http://112.46.85.60:8009/hls/17/index.m3u8,网络源,
é™•è¥¿å«è§†,http://61.156.228.12:8154/tsfile/live/0136_1.m3u8,网络源,
é™•è¥¿å«è§†,http://112.123.243.37:50085/tsfile/live/0109_1.m3u8,网络源,
é™•è¥¿å«è§†,http://219.146.95.58:59902/tsfile/live/0136_1.m3u8,网络源,
é™•è¥¿å«è§†,http://113.15.109.216:59901/tsfile/live/0136_1.m3u8?key=txiptv&playlive=1&authid=0,网络源,
é™•è¥¿å«è§†,http://61.156.228.12:8154/tsfile/live/0136_1.m3u8?key=txiptv&playlive=1&authid=0,网络源,
é™•è¥¿å«è§†,http://221.2.148.205:8154/tsfile/live/0136_1.m3u8?key=txiptv&playlive=1&authid=0,网络源,
é™•è¥¿å«è§†,http://222.169.85.8:9901/tsfile/live/0136_1.m3u8?key=txiptv&playlive=1&authid=0,网络源,
é™•è¥¿å«è§†,http://183.11.239.36:808/hls/58/index.m3u8,网络源,
é™•è¥¿å«è§†,http://221.2.148.205:8154/tsfile/live/0136_1.m3u8,网络源,
é™•è¥¿å«è§†,http://124.116.183.146:9901/tsfile/live/0136_1.m3u8,网络源,
é™•è¥¿å«è§†,http://36.32.174.67:60080/newlive/live/hls/44/live.m3u8,网络源,
é™•è¥¿å«è§†,http://120.238.94.10:9901/tsfile/live/1070_1.m3u8?key=txiptv,网络源,
é™•è¥¿å«è§†,http://hlsbkmgsplive.miguvideo.com/migu/kailu/shan3xiws/57/20220809/index.m3u8?msisdn=&mtv_session=&HlsSubType=1&HlsProfileId=1&nphaid=0&encrypt=,网络源,
é™•è¥¿å«è§†,http://stream.snrtv.com/sxbc-star-yzANX9.m3u8,网络源,
é™•è¥¿å«è§†,https://t.freetv.fun/live/shan-xi-wei-shi-13-1.php,网络源,
é™•è¥¿å«è§†,https://t.freetv.fun/live/shan-xi-wei-shi-16.php,网络源,
é™•è¥¿å«è§†,http://219.146.95.58:59902/tsfile/live/0136_1.m3u8?txiptv,网络源,
é™•è¥¿å«è§†,http://cssbyd.imwork.net:8082/hls/42/index.m3u8,网络源,
é™•è¥¿å«è§†,https://t.freetv.fun/live/shan-xi-wei-shi-2.php,网络源,
é™•è¥¿å«è§†,https://t.freetv.fun/live/shan-xi-wei-shi-10.m3u8,网络源,
é™•è¥¿å«è§†,http://go.bkpcp.top/mg/sxws,网络源,
é™•è¥¿å«è§†,http://222.169.85.8:9901/tsfile/live/0136_1.m3u8,网络源,
é™•è¥¿å«è§†,http://120.238.94.10:9901/tsfile/live/1070_1.m3u8,网络源,
é™•è¥¿å«è§†,http://stream.snrtv.com/sxbc-star-alNQRS.m3u8,网络源,
é™•è¥¿å«è§†,http://223.159.9.168:8099/tsfile/live/0136_1.m3u8?key=txiptv&playlive=0&authid=0,网络源,
é™•è¥¿å«è§†,http://hlsztemgsplive.miguvideo.com:8080/migu/kailu/shan3xiws/51/20220809/index.m3u8?msisdn=20260123020204e33427a8903748b78e411c3892a1a1ee&mdspid=&spid=600633&netType=0&sid=5910020475&pid=2028597139&timestamp=20260123020204&Channel_ID=0116_2600000900-99000-201600010010027&ProgramID=738910838&ParentNodeID=-99&assertID=5910020475&client_ip=218.28.233.106&SecurityKey=20260123020204&promotionId=&mvid=5900004331&mcid=500020&playurlVersion=WX-A1-9.1.1.1-RELEASE&userid=&jmhm=&videocodec=h264&appCode=miguvideo_android&bean=mgspad&tid=android&conFee=0&encrypt=822c42e7680a48685b36bfcd1b25e35f,网络源,
é’æµ·å«è§†,http://ottrrs.hl.chinamobile.com/PLTV/88888888/224/3221225628/index.m3u8,网络源,
é’æµ·å«è§†,http://ottrrs.hl.chinamobile.com/PLTV/88888888/224/3221226323/index.m3u8,网络源,
é’æµ·å«è§†,https://stream1.freetv.fun/b9f8d547c66287a0b2b02d76123014443eb5e43fa60e5acf262f78354ea2eb79.m3u8,网络源,
é’æµ·å«è§†,https://stream1.freetv.fun/21ec4280c711e754fce87fb9773668de34c635cc9974b4994a9bf5d2bb01b018.m3u8,网络源,
é’æµ·å«è§†,https://stream1.freetv.fun/6e50febc9974f1326a814a9939bfdea21b5efd538416c84e7f1eb187ff5c7172.m3u8,网络源,
é’æµ·å«è§†,https://t.freetv.fun/live/qing-hai-wei-shi-9.m3u8,网络源,
é’æµ·å«è§†,https://t.freetv.fun/live/qing-hai-wei-shi-8.m3u8,网络源,
é’æµ·å«è§†,https://stream1.freetv.fun/08634ae79ac958d456b3a36629c9f5c7a90eb67044c3c672a6b5442c413821aa.m3u8,网络源,
é’æµ·å«è§†,https://stream1.freetv.fun/a046ae7d7d283d2ed24ee4d82ddbb7a9169814a362862f2e340909c8be3bfab7.m3u8,网络源,
é’æµ·å«è§†,https://stream1.freetv.fun/c2ab2a9b59fb56843bc411bbbdc088d75b895f3fe33b9e2b116679faba1e3f0b.m3u8,网络源,
é’æµ·å«è§†,https://stream1.freetv.fun/e576af3cd10baa5fc9d74e3cb4f7db06569c64e722607de04b5377f0c8cc31fe.m3u8,网络源,
é’æµ·å«è§†,https://stream1.freetv.fun/e428d38e12d7120d524e078b6fcf7ea6e16481925fca496bf8043600337e2a47.m3u8,网络源,
é’æµ·å«è§†,https://stream1.freetv.fun/9a53c90ec51b8f0c2be4dc03b71d82431e9806e8a7ecc9ec91acaf8c8251157c.m3u8,网络源,
é’æµ·å«è§†,https://stream1.freetv.fun/700b3e5f41166e13fcf63757cb786ff68c7d8fd7289d72c8b36dc7c9fe9a8e82.m3u8,网络源,
é’æµ·å«è§†,https://stream1.freetv.fun/7e3962f35a8b86e1396f1ac3a1a18a0fa6965b348b567281c7b6725f4753fdc1.m3u8,网络源,
é’æµ·å«è§†,https://stream1.freetv.fun/0e4579bf98e3869e73e674507f4257736227ec9c830d0fe0d2fc77008c50f220.m3u8,网络源,
é’æµ·å«è§†,https://stream1.freetv.fun/d6e32c6ed01121487159b5b2fc12698d5551739ef7911c9fbb25e830e31456d2.m3u8,网络源,
é’æµ·å«è§†,https://stream1.freetv.fun/6e10a4a54db3f7f59614ab6de9f66a2a0b678e551e77ef9040af1d5fc2ceae2e.m3u8,网络源,
é’æµ·å«è§†,https://stream1.freetv.fun/a4027c54f2c3b0e3ba6b7f3ac30c3b0484c92403303c0eb3b404b4bf93055b5f.m3u8,网络源,
é’æµ·å«è§†,https://stream1.freetv.fun/e11c46f5e22344cdc6dbd7e7ace8666bc5784d578098b8966514421516a6ca77.m3u8,网络源,
é’æµ·å«è§†,https://stream1.freetv.fun/b42c62bf8970943cef5224e2caf19a6b25d549373552d1170daeb4b100a110a1.m3u8,网络源,
é’æµ·å«è§†,https://stream1.freetv.fun/f664f33ce54eb11de1f25dd5cd89fe19b8de206730dc3a8c8d4884e0e4039c07.m3u8,网络源,
é’æµ·å«è§†,https://t.freetv.fun/live/qing-hai-wei-shi-1.m3u8,网络源,
é’æµ·å«è§†,https://stream1.freetv.fun/e0551db6bc9512b248a2da5f2455dee2c1d3164fb9ece82daa77b0c1b7ffb8a4.m3u8,网络源,
é’æµ·å«è§†,https://stream1.freetv.fun/cd589c70667ca73052e90abf4610804ef83e8168420e85f4ee87ba3da944334f.m3u8,网络源,
é’æµ·å«è§†,https://stream1.freetv.fun/451fcef7801db7f8b9cb4248b36b7cc70848356b30c7d45c061795b00751523c.m3u8,网络源,
é’æµ·å«è§†,https://stream1.freetv.fun/d80dbd44304e92ebbad7fd55f71bf9a308c53fcc29593eae8aefbed892ab2a6b.m3u8,网络源,
é’æµ·å«è§†,https://stream1.freetv.fun/b385eeb4f5b0cbe78017fa0559927c57f602034b282b97424dec2aa199615dfb.m3u8,网络源,
é’æµ·å«è§†,https://stream1.freetv.fun/deaa20e0dee0586cff9865553a834a8c953550e0536954e6e150c89839aefab8.m3u8,网络源,
é’æµ·å«è§†,https://stream1.freetv.fun/cb4ff9a4049239fb65c050d7dbd333d9d83b7021661c4861e5e58b9cfb523641.m3u8,网络源,
é’æµ·å«è§†,https://stream1.freetv.fun/b5b07b167df730b58cf9a86c7cbfc510ed48a60dae25a97c9713a86d0f8076f7.m3u8,网络源,
é’æµ·å«è§†,https://stream1.freetv.fun/2a3bf361f4d580e792d1eb8d99f3013c90335cf0851ca226b0e544f32969942b.m3u8,网络源,
é’æµ·å«è§†,https://stream1.freetv.fun/1372e179a485ae97bd73883d9c82e6bd11eb85a5f24161242c23aca1d24a2612.m3u8,网络源,
é’æµ·å«è§†,https://stream1.freetv.fun/f8a6313467d8243dc5d3723c9143f7bab8ca7f5f027352fb7b17dab45bc83643.m3u8,网络源,
é’æµ·å«è§†,https://stream1.freetv.fun/d07c5ec4397fbc7f5e7cc384b2ea73f4109d928e2b68474fc1ef6041cb976744.m3u8,网络源,
é’æµ·å«è§†,https://migu.188766.xyz/?migutoken=40393f5f973a380bacf6f48846cd98a4&id=%E9%9D%92%E6%B5%B7%E5%8D%AB%E8%A7%86&type=yy,网络源,
é’æµ·å«è§†,https://t.freetv.fun/live/qing-hai-wei-shi-5.m3u8,网络源,
é’æµ·å«è§†,https://stream1.freetv.fun/fad5348a9b285c835736b9f812f4785acff0120fc543ca59063b87dca13e7229.m3u8,网络源,
é’æµ·å«è§†,https://migu.188766.xyz/?migutoken=279a4696563105e34996df50e260f281&id=%E9%9D%92%E6%B5%B7%E5%8D%AB%E8%A7%86&type=yy,网络源,
é’æµ·å«è§†,https://stream1.freetv.fun/d6cb8a9b2d3d4f555418141ecb008cc61e84a6278690a855241eb57bf43fdf75.m3u8,网络源,
é’æµ·å«è§†,https://stream1.freetv.fun/a77365f4c8dc7e2fe937bd9e8ce1bd28a0f2128be9cd95d07e9b49efbf193757.m3u8,网络源,
é’æµ·å«è§†,https://stream1.freetv.fun/b6326e0b6756fb48fe4f9d486290138c0f6ff88c1dbeec97255267e2fd451f53.m3u8,网络源,
é’æµ·å«è§†,http://kkk.888.3116598.xyz/api.php?n=tttt&id=FoqTU6&tk=FgM0vQMejxvG,网络源,
é’æµ·å«è§†,https://stream1.freetv.fun/qing-hai-wei-shi-31.m3u8,网络源,
é’æµ·å«è§†,http://kkk.888.3116598.xyz/api.php?n=tttt&id=Mywp1d&tk=FgM0vQMejxvG,网络源,
é’æµ·å«è§†,http://kkk.888.3116598.xyz/api.php?n=tttt&id=vnmV78&tk=FgM0vQMejxvG,网络源,
é’æµ·å«è§†,https://stream1.freetv.fun/qing-hai-wei-shi-22.m3u8,网络源,
é’æµ·å«è§†,http://kkk.888.3116598.xyz/api.php?n=tttt&id=qwER8d&tk=FgM0vQMejxvG,网络源,
é’æµ·å«è§†,http://kkk.888.3116598.xyz/api.php?n=tttt&id=nbfaBO&tk=FgM0vQMejxvG,网络源,
é’æµ·å«è§†,http://kkk.888.3116598.xyz/api.php?n=tttt&id=KHXvvF&tk=FgM0vQMejxvG,网络源,
é’æµ·å«è§†,https://stream1.freetv.fun/qing-hai-wei-shi-3.m3u8,网络源,
é’æµ·å«è§†,https://migu.188766.xyz/?migutoken=f562bfdeda4ddad85e1d9652f321bb4d&id=%E9%9D%92%E6%B5%B7%E5%8D%AB%E8%A7%86&type=yy,网络源,
é’æµ·å«è§†,https://stream1.freetv.fun/qing-hai-wei-shi-114.m3u8,网络源,
é’æµ·å«è§†,http://58.57.40.22:9901/tsfile/live/1057_1.m3u8,网络源,
é’æµ·å«è§†,https://stream1.freetv.fun/5ae3b396c4b31c5cd7968aae55c2a1692fc7d4561d38b9506a502a7a7e6c4745.m3u8,网络源,
é’æµ·å«è§†,http://221.2.148.205:8154/tsfile/live/0140_1.m3u8?key=txiptv&playlive=1&authid=0,网络源,
é’æµ·å«è§†,https://stream1.freetv.fun/6aa41f4ae4722b2b2b0093793393758e5c6a7e096e31a9e9f71532819357c472.m3u8,网络源,
é’æµ·å«è§†,http://113.15.109.216:59901/tsfile/live/0140_1.m3u8?key=txiptv&playlive=1&authid=0,网络源,
é’æµ·å«è§†,http://120.76.248.139/live/bfgd/4200000111.m3u8,网络源,
é’æµ·å«è§†,https://stream1.freetv.fun/qing-hai-wei-shi-95.m3u8,网络源,
é’æµ·å«è§†,http://123.130.84.106:8154/tsfile/live/0140_1.m3u8?key=txiptv&playlive=1&authid=0,网络源,
é’æµ·å«è§†,https://stream1.freetv.fun/qing-hai-wei-shi-64.m3u8,网络源,
é’æµ·å«è§†,http://111.61.236.247:9081/hls/49/index.m3u8,网络源,
é’æµ·å«è§†,https://stream1.freetv.fun/qing-hai-wei-shi-10.m3u8,网络源,
é’æµ·å«è§†,https://stream1.freetv.fun/qing-hai-wei-shi-121.m3u8,网络源,
é’æµ·å«è§†,https://stream1.freetv.fun/qing-hai-wei-shi-27.m3u8,网络源,
é’æµ·å«è§†,https://stream1.freetv.fun/569f15dc7b13465251d6341f9ee4c478c93f938880f9367e469e22f49d52428f.ctv,网络源,
é’æµ·å«è§†,https://stream1.freetv.fun/59133ab68e9d588578c47cafcd1ac11aa1719dafb47638eabbdb28d8eda75244.ctv,网络源,
é’æµ·å«è§†,https://www.freetv.top/migu/947472506.m3u8?migutoken=1f19e5986a0a2ef4e7a8d09edf9a6b8faf270d5320ef4f13eaa876ea8a3ecc2263d1cd2dacb91ceadd6c38af23137707d164462be4cee5d1357c3a8289e0f87ebbce11f5d97c0daa3ac94ae7a1,网络源,
é’æµ·å«è§†,https://www.freetv.top/migu/947472506.m3u8?migutoken=c740fc58e518a315b254873398c630ca506a9de327397b5e27a668d9c1e170b6512a1834dab3229ddc39b5a61c2ea42fae6d196a11c6d0e5e212522e6edf197f65ad9addf0b540aa6c9d4fcd3e,网络源,
é’æµ·å«è§†,http://43.251.226.89:8080/play/288.m3u8,网络源,
é’æµ·å«è§†,https://stream1.freetv.fun/2641af214b8dfbc68796c19888a6819d8f84fdc9facd9a13379f8ed12c91f5ed.ctv,网络源,
é’æµ·å«è§†,http://120.238.94.10:9901/tsfile/live/1073_1.m3u8,网络源,
é’æµ·å«è§†,http://tvlist.top/jd/index.php?id=qhws&qt=183.224.122.114:8014,网络源,
é’æµ·å«è§†,http://8.138.7.223/tv/migu3.php?id=qhws,网络源,
é’æµ·å«è§†,http://nn.7x9d.cn/xzc2.php?ua=TW96aWxsYS81LjAgKFdpbmRvd3MgTlQgNi4xOyBXaW42NDsgeDY0KSBBcHBsZVdlYktpdC81MzcuMzYgKEtIVE1MLCBsaWtlIEdlY2tvKSBDaHJvbWUvMTA2LjAuMC4wIFNhZmFyaS81MzcuMzY=&hls=aHR0cDovL3R2dGoxLmp4d2x0eC5jb206ODAwMy9saXZlMTA5Ni5tM3U4,网络源,
é’æµ·å«è§†,https://t.freetv.fun/live/qing-hai-wei-shi-4.php,网络源,
é’æµ·å«è§†,http://123.130.84.106:8154/tsfile/live/0140_1.m3u8,网络源,
é’æµ·å«è§†,https://t.freetv.fun/live/qing-hai-wei-shi.php,网络源,
é’æµ·å«è§†,https://t.freetv.fun/live/qing-hai-wei-shi-2.php,网络源,
é’æµ·å«è§†,http://tvbox6.icu/tv/migu.php?id=qhws,网络源,
é’æµ·å«è§†,http://223.159.9.168:8099/tsfile/live/0140_1.m3u8?key=txiptv&playlive=0&authid=0,网络源,
é’æµ·å«è§†,http://hlsztemgsplive.miguvideo.com:8080/envivo_w/2018/SD/qinghai/1000/index.m3u8?msisdn=20260123040208665015fd16914380b145dab08d857643&mdspid=&spid=600633&netType=0&sid=5910022166&pid=2028597139&timestamp=20260123040208&Channel_ID=0116_2600000900-99000-201600010010027&ProgramID=947472506&ParentNodeID=-99&assertID=5910022166&client_ip=218.28.233.106&SecurityKey=20260123040208&promotionId=&mvid=5900004353&mcid=500020&playurlVersion=WX-A1-9.1.1.1-RELEASE&userid=&jmhm=&videocodec=h264&appCode=miguvideo_android&bean=mgspad&tid=android&conFee=0&encrypt=a2207bccff0a9095db16b7339860252c,网络源,
é¦™æ¸¯å«è§†,https://stream1.freetv.fun/ae7eaf28d8610cdc1651ef6a1f7dbb24b49c5a87627d0d881330afaea37a1616.m3u8,网络源,
é¦™æ¸¯å«è§†,https://stream1.freetv.fun/5335c88a9a7d8b74173b491f480d4f94e8d3bd596af54478106aa2399e6c7917.m3u8,网络源,
é¦™æ¸¯å«è§†,http://anren.live/HK/BSJDUFpB.m3u8,网络源,
é¦™æ¸¯å«è§†,https://stream1.freetv.fun/xiang-gang-wei-shi-11.m3u8,网络源,
é¦™æ¸¯å«è§†,https://stream1.freetv.fun/xiang-gang-wei-shi-7.m3u8,网络源,
é¦™æ¸¯å«è§†,https://stream1.freetv.fun/xiang-gang-wei-shi-13.m3u8,网络源,
é¦™æ¸¯å«è§†,https://stream1.freetv.fun/xiang-gang-wei-shi-8.m3u8,网络源,
é¦™æ¸¯å«è§†,https://stream1.freetv.fun/79e4d77e2f29a2ca7f7cabbbe2ee02d32a4f2f7fb91ae94d0fb9573c9f94b4ab.ctv,网络源,
é¦™æ¸¯å«è§†,http://webcast.hkstv.tv/livestream/mutfysrq/playlist.m3u8,网络源,
åº·å·´å«è§†,http://ottrrs.hl.chinamobile.com/PLTV/88888888/224/3221225660/index.m3u8,网络源,
åº·å·´å«è§†,http://kkk.jjjj.jiduo.me/api.php?n=tttt&id=2449&tk=a0c4f6cfaba3,网络源,
åº·å·´å«è§†,https://stream1.freetv.fun/e1854d983296da1d0804b07dcd259f5aafc1d7f17f59b6e0001d2a0741b5c608.m3u8,网络源,
åº·å·´å«è§†,http://kkk.888.3116598.xyz/api.php?n=tttt&id=mwhS1w&tk=FgM0vQMejxvG,网络源,
åº·å·´å«è§†,http://kkk.888.3116598.xyz/api.php?n=tttt&id=slYPRK&tk=FgM0vQMejxvG,网络源,
åº·å·´å«è§†,https://stream1.freetv.fun/7acb1025eb98d411fe5dc519902069dda51b621f55c7b1fce3acdd50f55d6ad5.ctv,网络源,
åº·å·´å«è§†,https://stream1.freetv.fun/0de2ac9a0e7c3146b44c21f35ce10496eff2b9f67f7b9a106ba8493bf2d9cbee.ctv,网络源,
åº·å·´å«è§†,https://stream1.freetv.fun/b3baba1d904b40b2d929ec8cbdfa40800abc7cb6d1c18efed0d6d91d97bce5b3.ctv,网络源,
åº·å·´å«è§†,http://139.196.151.191:2051/rtp/239.45.1.251:5140,网络源,
å®‰å¤šå«è§†,http://ottrrs.hl.chinamobile.com/PLTV/88888888/224/3221225659/index.m3u8,网络源,
å®‰å¤šå«è§†,https://t.freetv.fun/live/an-duo-wei-shi.m3u8,网络源,
å®‰å¤šå«è§†,http://kkk.888.3116598.xyz/api.php?n=tttt&id=rdOvlL&tk=FgM0vQMejxvG,网络源,
å®‰å¤šå«è§†,http://kkk.888.3116598.xyz/api.php?n=tttt&id=wRMQR6&tk=FgM0vQMejxvG,网络源,
å®‰å¤šå«è§†,https://t.freetv.fun/live/an-duo-wei-shi-1.m3u8,网络源,
å®‰å¤šå«è§†,https://liveout.xntv.tv/a65jur/90p2i1.m3u8?zqinghd#https://liveout.xntv.tv/a65jur/96iln2.m3u8#https://liveout.xntv.tv/a65jur/90p2i1.m3u8?zqing,网络源,
ä¸‰æ²™å«è§†,https://stream1.freetv.fun/8bd6b69c423ac31e71c2311ad33f4f291e1314c69005ffb7b3b7defc2944adb2.m3u8,网络源,
ä¸‰æ²™å«è§†,https://stream1.freetv.fun/fd1abacd02d10bf9e60b98fdc292704eefa30cff9e4eb0816eec3156e687c991.m3u8,网络源,
ä¸‰æ²™å«è§†,https://stream1.freetv.fun/86de5eb5b500cf647f47c89a1d78102c2570d00c7e1365ce36fac6d311cbf0e9.m3u8,网络源,
ä¸‰æ²™å«è§†,https://t.freetv.fun/live/san-sha-wei-shi-1.m3u8,网络源,
ä¸‰æ²™å«è§†,https://t.freetv.fun/live/san-sha-wei-shi-3.m3u8,网络源,
ä¸‰æ²™å«è§†,https://stream1.freetv.fun/739e01ea36ce64b23d330982e442caa57c06c2a44cafaff6c1b6d13b31e01d75.m3u8,网络源,
ä¸‰æ²™å«è§†,https://t.freetv.fun/live/san-sha-wei-shi-8.m3u8,网络源,
ä¸‰æ²™å«è§†,https://t.freetv.fun/live/san-sha-wei-shi-4.m3u8,网络源,
ä¸‰æ²™å«è§†,https://t.freetv.fun/live/san-sha-wei-shi-6.m3u8,网络源,
ä¸‰æ²™å«è§†,https://t.freetv.fun/live/san-sha-wei-shi-10.m3u8,网络源,
ä¸‰æ²™å«è§†,https://stream1.freetv.fun/san-sha-wei-shi-9.m3u8,网络源,
ä¸‰æ²™å«è§†,http://kkk.888.3116598.xyz/api.php?n=tttt&id=AOARP7&tk=FgM0vQMejxvG,网络源,
ä¸‰æ²™å«è§†,http://kkk.888.3116598.xyz/api.php?n=tttt&id=NcDMNc&tk=FgM0vQMejxvG,网络源,
ä¸‰æ²™å«è§†,https://stream1.freetv.fun/san-sha-wei-shi-17.m3u8,网络源,
ä¸‰æ²™å«è§†,https://stream1.freetv.fun/san-sha-wei-shi-5.m3u8,网络源,
ä¸‰æ²™å«è§†,https://stream1.freetv.fun/san-sha-wei-shi-47.m3u8,网络源,
ä¸‰æ²™å«è§†,https://stream1.freetv.fun/san-sha-wei-shi-37.m3u8,网络源,
ä¸‰æ²™å«è§†,http://kkk.jjjj.jiduo.me/api.php?n=tttt&id=5015&tk=a0c4f6cfaba3,网络源,
ä¸‰æ²™å«è§†,http://8.138.7.223/tv/ssws.m3u8,网络源,
ä¸‰æ²™å«è§†,http://tpc.x3322.net:9901/tsfile/live/0142_1.m3u8?key=txiptv&playlive=1&authid=0,网络源,
ä¸‰æ²™å«è§†,https://srs.ssws.tv/video/sstv-10/index.m3u8,网络源,
ä¸‰æ²™å«è§†,http://8.138.7.223/tv/hainan.php?id=ssws,网络源,
ä¸‰æ²™å«è§†,https://t.freetv.fun/live/san-sha-wei-shi-2.php,网络源,
ä¸‰æ²™å«è§†,https://migu.188766.xyz/?migutoken=a1d2ebcd5e6810f85c578c656c70bd45&id=hn_ssws&type=sz,网络源,
ä¸‰æ²™å«è§†,http://nn.7x9d.cn/åœ°æ–¹å°8563/æµ·å—.php?id=ssws,网络源,
ä¸‰æ²™å«è§†,http://139.196.151.191:2051/rtp/239.45.1.82:5140,网络源,
ä¸‰æ²™å«è§†,https://stream1.freetv.fun/de612c9a7e60a728c4c7416f9f5767e6e1d998de42dc23a3e1c401afad4f4498.ctv,网络源,
ä¸‰æ²™å«è§†,http://hlsztemgsplive.miguvideo.com:8080/migu/kailu/ssws/50/20251127/index.m3u8?msisdn=20260123040209a68a821f789240f19d641cdab19391cc&mdspid=&spid=600697&netType=0&sid=5910022307&pid=2028597139&timestamp=20260123040209&Channel_ID=0116_2600000900-99000-201600010010027&ProgramID=961023778&ParentNodeID=-99&assertID=5910022307&client_ip=218.28.233.106&SecurityKey=20260123040209&promotionId=&mvid=5900006777&mcid=500020&playurlVersion=WX-A1-9.1.1.1-RELEASE&userid=&jmhm=&videocodec=h264&appCode=miguvideo_android&bean=mgspad&tid=android&conFee=0&encrypt=9c129c149f90f09ac62f4411192357cd,网络源,
äººé—´å«è§†,http://61.216.67.119:1935/bltvhd/bltv1/chunklist_w1266569526.m3u,网络源,
äººé—´å«è§†,http://61.216.67.119:1935/bltvhd/bltv1/chunklist_w1266569526.m3u8,网络源,
äººé—´å«è§†,http://43.251.226.89:8080/play/818.m3u8,网络源,
äººé—´å«è§†,https://5ddce30eb4b55.streamlock.net/bltvhd/bltv1/chunklist_w511254805.m3u8,网络源,
å…µå›¢å«è§†,http://ottrrs.hl.chinamobile.com/PLTV/88888888/224/3221226439/index.m3u8,网络源,
å…µå›¢å«è§†,https://stream1.freetv.fun/636fa06ced97f72a0f4b963dd068edeab5a7e8ae7c57d70b58e59389dded81d0.m3u8,网络源,
å…µå›¢å«è§†,https://t.freetv.fun/live/bing-tuan-wei-shi.m3u8,网络源,
å…µå›¢å«è§†,https://stream1.freetv.fun/1af67d7e8aca8d45f4ea917eccc40ef1bec6f3778e30d6a89a9624f54fd298b7.m3u8,网络源,
å…µå›¢å«è§†,https://stream1.freetv.fun/d27b7b6e8addf1d242b318f65fd0e8dd8e67e09e5fa64127cf71ff7cf1b1c0d0.m3u8,网络源,
å…µå›¢å«è§†,https://iptv.catvod.com/live.php?id=%E5%85%B5%E5%9B%A2%E5%8D%AB%E8%A7%86,网络源,
å…µå›¢å«è§†,https://stream1.freetv.fun/7e0d9638f60dca70ddc3a2437eb10e874587f11f9d3efd833e71acfbdf2de2d6.m3u8,网络源,
å…µå›¢å«è§†,https://stream1.freetv.fun/27542fbfebea09ad0d5b9d3859f26fa826ff4e1c0830920adc5486cb1a0691b4.m3u8,网络源,
å…µå›¢å«è§†,https://stream1.freetv.fun/11cd528da0063d7ef3db744cdc208904f48127c954b57c0ddec15afbe9f12dc4.m3u8,网络源,
å…µå›¢å«è§†,https://stream1.freetv.fun/5012f08fc99e41ba2322b0ff1028f9f1bd901a58d0bb3c986a4ab329025f15ee.m3u8,网络源,
å…µå›¢å«è§†,https://stream1.freetv.fun/d0d5926b5e0650e6580336df81160dc6012970e5d9239d2977036481fc100639.m3u8,网络源,
å…µå›¢å«è§†,https://stream1.freetv.fun/34dd012305fe7a8de136f8c56b13bb50f97d085d7f391e805e73002e7a69d07d.m3u8,网络源,
å…µå›¢å«è§†,https://stream1.freetv.fun/7690729e43cd485b88bcedccb7455292214b740fb52ed0895fe85a03066b9631.m3u8,网络源,
å…µå›¢å«è§†,https://t.freetv.fun/live/bing-tuan-wei-shi-2.m3u8,网络源,
å…µå›¢å«è§†,http://kkk.888.3116598.xyz/api.php?n=tttt&id=YSxuCO&tk=FgM0vQMejxvG,网络源,
å…µå›¢å«è§†,http://kkk.888.3116598.xyz/api.php?n=tttt&id=A37gyx&tk=FgM0vQMejxvG,网络源,
å…µå›¢å«è§†,http://kkk.888.3116598.xyz/api.php?n=tttt&id=Hu1R4q&tk=FgM0vQMejxvG,网络源,
å…µå›¢å«è§†,https://stream1.freetv.fun/bing-tuan-wei-shi-42.m3u8,网络源,
å…µå›¢å«è§†,http://kkk.888.3116598.xyz/api.php?n=tttt&id=MVMt5Z&tk=FgM0vQMejxvG,网络源,
å…µå›¢å«è§†,https://migu.188766.xyz/?migutoken=a965e4595c267c9b9433bb2a089af030&id=%E5%85%B5%E5%9B%A2%E5%8D%AB%E8%A7%86&type=yy,网络源,
å…µå›¢å«è§†,http://kkk.888.3116598.xyz/api.php?n=tttt&id=2qW1l7&tk=FgM0vQMejxvG,网络源,
å…µå›¢å«è§†,http://kkk.888.3116598.xyz/api.php?n=tttt&id=mnocwr&tk=FgM0vQMejxvG,网络源,
å…µå›¢å«è§†,https://stream1.freetv.fun/9db94978ec5a8ab668d91b4c5918aa53e8258316b0d9b3132cec93d35a25abe1.m3u8,网络源,
å…µå›¢å«è§†,http://218.13.170.98:9901/tsfile/live/0115_1.m3u8,网络源,
å…µå›¢å«è§†,http://kkk.888.3116598.xyz/api.php?n=tttt&id=xpKl85&tk=FgM0vQMejxvG,网络源,
å…µå›¢å«è§†,http://183.11.239.36:808/hls/7/index.m3u8,网络源,
å…µå›¢å«è§†,http://kkk.888.3116598.xyz/api.php?n=tttt&id=BbS8jC&tk=FgM0vQMejxvG,网络源,
å…µå›¢å«è§†,https://stream1.freetv.fun/bing-tuan-wei-shi-45.m3u8,网络源,
å…µå›¢å«è§†,http://120.76.248.139/live/bfgd/4200000124.m3u8,网络源,
å…µå›¢å«è§†,https://stream1.freetv.fun/4e95c2789a1de39788d1f9d4f128805c63cfd9cb8f37d7adff1d3d59da31d2d3.ctv,网络源,
å…µå›¢å«è§†,https://stream1.freetv.fun/7f264ce3d31c2e6aae3e5be7f49a9202821afdbb942cc7a36872d3e8066c9865.ctv,网络源,
å…µå›¢å«è§†,https://t.freetv.fun/live/bing-tuan-wei-shi-1.php,网络源,
å…µå›¢å«è§†,http://go.bkpcp.top/mg/btws,网络源,
å…µå›¢å«è§†,http://120.238.94.10:9901/tsfile/live/1080_1.m3u8,网络源,
å…µå›¢å«è§†,http://hlsztemgsplive.miguvideo.com:8080/migu/kailu/btws/51/20250804/index.m3u8?msisdn=20260123040209a23535dcdf3841fb8b7c106adad3db4c&mdspid=&spid=600697&netType=0&sid=5910022192&pid=2028597139&timestamp=20260123040209&Channel_ID=0116_2600000900-99000-201600010010027&ProgramID=956923145&ParentNodeID=-99&assertID=5910022192&client_ip=218.28.233.106&SecurityKey=20260123040209&promotionId=&mvid=5900006716&mcid=500020&playurlVersion=WX-A1-9.1.1.1-RELEASE&userid=&jmhm=&videocodec=h264&appCode=miguvideo_android&bean=mgspad&tid=android&conFee=0&encrypt=6c3637f15b0bdd7868852dd811d784a6,网络源,
é»‘é¾™æ±Ÿå«è§†,http://ottrrs.hl.chinamobile.com/PLTV/88888888/224/3221226327/index.m3u8,网络源,
é»‘é¾™æ±Ÿå«è§†,http://ottrrs.hl.chinamobile.com/PLTV/88888888/224/3221226525/index.m3u8,网络源,
é»‘é¾™æ±Ÿå«è§†,http://ottrrs.hl.chinamobile.com/PLTV/88888888/224/3221226531/index.m3u8,网络源,
é»‘é¾™æ±Ÿå«è§†,http://ottrrs.hl.chinamobile.com/PLTV/88888888/224/3221226421/index.m3u8,网络源,
é»‘é¾™æ±Ÿå«è§†,http://ottrrs.hl.chinamobile.com/PLTV/88888888/224/3221226467/index.m3u8,网络源,
é»‘é¾™æ±Ÿå«è§†,http://ottrrs.hl.chinamobile.com/PLTV/88888888/224/3221226419/index.m3u8,网络源,
é»‘é¾™æ±Ÿå«è§†,http://ottrrs.hl.chinamobile.com/PLTV/88888888/224/3221226582/index.m3u8,网络源,
é»‘é¾™æ±Ÿå«è§†,http://ottrrs.hl.chinamobile.com/PLTV/88888888/224/3221226585/index.m3u8,网络源,
é»‘é¾™æ±Ÿå«è§†,http://ottrrs.hl.chinamobile.com/PLTV/88888888/224/3221226532/index.m3u8,网络源,
é»‘é¾™æ±Ÿå«è§†,http://39.134.67.108/PLTV/88888888/224/3221225994/1.m3u8,网络源,
é»‘é¾™æ±Ÿå«è§†,http://kkk.jjjj.jiduo.me/api.php?n=tttt&id=2183&tk=a0c4f6cfaba3,网络源,
é»‘é¾™æ±Ÿå«è§†,https://stream1.freetv.fun/cba6a614d471d42dba705ad37a5b5ad7c1a501824a31b9b575b0a87c537d0450.m3u8,网络源,
é»‘é¾™æ±Ÿå«è§†,https://stream1.freetv.fun/9d7a745d71fa16ea6b1a0edce79f7b842e59487519e7a76bcef5b0c7a87a3f24.m3u8,网络源,
é»‘é¾™æ±Ÿå«è§†,https://stream1.freetv.fun/37e69fa2a6e65aa433673dfec50de253c086fe33b0b9b2430524673ac807f5f0.m3u8,网络源,
é»‘é¾™æ±Ÿå«è§†,https://stream1.freetv.fun/45ce3259bd4a3293ecb6ac0d96d605ef1d8ed681f7ec64b46997b1ca0266bdf1.m3u8,网络源,
é»‘é¾™æ±Ÿå«è§†,https://stream1.freetv.fun/8eac0925df1ae8507ad57f4372936a304c120cc31636bf1f843872e6681e563f.m3u8,网络源,
é»‘é¾™æ±Ÿå«è§†,https://stream1.freetv.fun/9f8220af32932a5f5f635dc51acc8c0270c30577c3cfe1be46a9f30dadd13cfa.m3u8,网络源,
é»‘é¾™æ±Ÿå«è§†,https://t.freetv.fun/live/hei-long-jiang-wei-shi-6.m3u8,网络源,
é»‘é¾™æ±Ÿå«è§†,https://stream1.freetv.fun/4a992588a9eb854bfe78f6145d4a4820e0428baf85e3ed8b2f15d4fb85a0f3c6.m3u8,网络源,
é»‘é¾™æ±Ÿå«è§†,https://stream1.freetv.fun/b5a527a4026b19bb12c4e4cbdf5359428230ae27f234e6a93ca79c9c3dfe42ab.m3u8,网络源,
é»‘é¾™æ±Ÿå«è§†,https://t.freetv.fun/live/hei-long-jiang-wei-shi-1.m3u8,网络源,
é»‘é¾™æ±Ÿå«è§†,https://epg.pw/stream/c6c1262d0b35e59eac22bf513395f00f8b60cc5eab41f598412cdf8269312f32.m3u8,网络源,
é»‘é¾™æ±Ÿå«è§†,https://stream1.freetv.fun/9225372ccf204b1122cfe8ce93b8f304cd148fdd06f4f45d8992c3d95efa5c96.m3u8,网络源,
é»‘é¾™æ±Ÿå«è§†,https://stream1.freetv.fun/0eeff132651adc73a935c01f88939209db16d78d1dbc65ee6ca439d879d1a0f9.m3u8,网络源,
é»‘é¾™æ±Ÿå«è§†,https://stream1.freetv.fun/7e2edd626e2687e6e4484b930c9742f512f310de5662a083f7c000cae4c27942.m3u8,网络源,
é»‘é¾™æ±Ÿå«è§†,https://stream1.freetv.fun/087456913719058fb740006ecdf7120b81e5818884d3ba985eef31d2f0865994.m3u8,网络源,
é»‘é¾™æ±Ÿå«è§†,https://stream1.freetv.fun/31a880373cf03e36e8968db045324adc880b02ef8630d646649d346a7c5844c8.m3u8,网络源,
é»‘é¾™æ±Ÿå«è§†,http://kkk.jjjj.jiduo.me/api.php?n=tttt&id=9197&tk=23a9aca1f79f,网络源,
é»‘é¾™æ±Ÿå«è§†,https://stream1.freetv.fun/15aefa6c1cecc2201a0ddbf7d0854e81e06aa6e3d5bf6e7bdf3114c4b4fbdd8f.m3u8,网络源,
é»‘é¾™æ±Ÿå«è§†,https://stream1.freetv.fun/a685814ac27367f723637751d32ee9a2296db5e03f3d42993a685d85816fcd1c.m3u8,网络源,
é»‘é¾™æ±Ÿå«è§†,http://kkk.888.3116598.xyz/api.php?n=tttt&id=Uaci54&tk=FgM0vQMejxvG,网络源,
é»‘é¾™æ±Ÿå«è§†,http://kkk.888.3116598.xyz/api.php?n=tttt&id=OJbyOT&tk=FgM0vQMejxvG,网络源,
é»‘é¾™æ±Ÿå«è§†,http://kkk.888.3116598.xyz/api.php?n=tttt&id=YG3BDA&tk=FgM0vQMejxvG,网络源,
é»‘é¾™æ±Ÿå«è§†,https://stream1.freetv.fun/e2f2e1a310ae7cb86f8cd423017947546e8dd0dbc0b4d9600d9586326509f362.m3u8,网络源,
é»‘é¾™æ±Ÿå«è§†,http://kkk.888.3116598.xyz/api.php?n=tttt&id=an9K9f&tk=FgM0vQMejxvG,网络源,
é»‘é¾™æ±Ÿå«è§†,http://kkk.888.3116598.xyz/api.php?n=tttt&id=N4bOtZ&tk=FgM0vQMejxvG,网络源,
é»‘é¾™æ±Ÿå«è§†,http://kkk.888.3116598.xyz/api.php?n=tttt&id=ZdSvAH&tk=FgM0vQMejxvG,网络源,
é»‘é¾™æ±Ÿå«è§†,http://112.123.243.37:50085/tsfile/live/0142_1.m3u8,网络源,
é»‘é¾™æ±Ÿå«è§†,http://61.156.228.12:8154/tsfile/live/0143_1.m3u8,网络源,
é»‘é¾™æ±Ÿå«è§†,http://123.130.84.106:8154/tsfile/live/0143_1.m3u8?key=txiptv&playlive=1&authid=0,网络源,
é»‘é¾™æ±Ÿå«è§†,https://t.freetv.fun/live/hei-long-jiang-wei-shi.m3u8,网络源,
é»‘é¾™æ±Ÿå«è§†,http://123.130.84.106:8154/tsfile/live/0143_1.m3u8,网络源,
é»‘é¾™æ±Ÿå«è§†,http://221.2.148.205:8154/tsfile/live/0143_1.m3u8?key=txiptv&playlive=1&authid=0,网络源,
é»‘é¾™æ±Ÿå«è§†,https://stream1.freetv.fun/a6c1e9c7ed878b4710fd0cd7a8a16f51e48e3eee1c5764bce984c56c0808035b.m3u8,网络源,
é»‘é¾™æ±Ÿå«è§†,https://t.freetv.fun/live/hei-long-jiang-wei-shi-7.m3u8,网络源,
é»‘é¾™æ±Ÿå«è§†,http://drive.mxmy.net:8888/udp/239.3.1.133:8016,网络源,
é»‘é¾™æ±Ÿå«è§†,https://t.freetv.fun/live/hei-long-jiang-wei-shi-4.m3u8,网络源,
é»‘é¾™æ±Ÿå«è§†,http://113.15.109.216:59901/tsfile/live/0143_1.m3u8?key=txiptv&playlive=1&authid=0,网络源,
é»‘é¾™æ±Ÿå«è§†,http://113.25.252.226:9901/tsfile/live/1038_1.m3u8?key=txiptv&playlive=1&authid=0,网络源,
é»‘é¾™æ±Ÿå«è§†,http://61.136.172.236:9901/tsfile/live/0143_1.m3u8?key=txiptv&playlive=1&authid=0,网络源,
é»‘é¾™æ±Ÿå«è§†,http://111.61.236.247:9081/hls/34/index.m3u8,网络源,
é»‘é¾™æ±Ÿå«è§†,http://123.129.70.178:9901/tsfile/live/0143_1.m3u8?key=txiptv&playlive=1&authid=0,网络源,
é»‘é¾™æ±Ÿå«è§†,http://dms.yryyj.site:8188/udp/239.76.246.200:1234,网络源,
é»‘é¾™æ±Ÿå«è§†,http://tvlist.top/jd/index.php?id=hljws&qt=183.224.122.114:8014,网络源,
é»‘é¾™æ±Ÿå«è§†,http://218.13.170.98:9901/tsfile/live/1006_1.m3u8,网络源,
é»‘é¾™æ±Ÿå«è§†,https://t.freetv.fun/live/hei-long-jiang-wei-shi-9.php,网络源,
é»‘é¾™æ±Ÿå«è§†,https://www.yangshipin.cn/tv/home?pid=600002498,网络源,
é»‘é¾™æ±Ÿå«è§†,https://t.freetv.fun/live/hei-long-jiang-wei-shi-3.php,网络源,
é»‘é¾™æ±Ÿå«è§†,https://t.freetv.fun/live/hei-long-jiang-wei-shi-8.php,网络源,
é»‘é¾™æ±Ÿå«è§†,http://61.156.228.12:8154/tsfile/live/0143_1.m3u8?key=txiptv&playlive=1&authid=0,网络源,
é»‘é¾™æ±Ÿå«è§†,https://t.freetv.fun/live/hei-long-jiang-wei-shi-10.php,网络源,
é»‘é¾™æ±Ÿå«è§†,http://120.76.248.139/live/bfgd/4200000095.m3u8,网络源,
é»‘é¾™æ±Ÿå«è§†,http://223.159.9.168:8099/tsfile/live/0143_1.m3u8?key=txiptv&playlive=0&authid=0,网络源,
é»‘é¾™æ±Ÿå«è§†,http://[2409:8087:1a01:df::4077]/PLTV/88888888/224/3221225985/index.m3u8,网络源,
é»‘é¾™æ±Ÿå«è§†,http://[2409:8087:1a01:df::4077]/PLTV/88888888/224/3221226006/index.m3u8,网络源,
é»‘é¾™æ±Ÿå«è§†,https://live.v1.mk/api/bestv.php?id=hljwshd8m/8000000,网络源,
å†…è’™å¤å«è§†,http://ottrrs.hl.chinamobile.com/PLTV/88888888/224/3221226389/index.m3u8,网络源,
å†…è’™å¤å«è§†,https://stream1.freetv.fun/325ee158a9026a625e36ada7cab8bf4606657903a9312e1c19a2af5e7a73d1b7.m3u8,网络源,
å†…è’™å¤å«è§†,https://stream1.freetv.fun/e2af9c4e1abcffd1a9e80174ebfa9be05baba6a8bb2b5850bce52fa79a6c2da2.m3u8,网络源,
å†…è’™å¤å«è§†,https://stream1.freetv.fun/23d7eda48adacb85641805ccdacef2190c364b3862f946a181b19791dd94ae16.m3u8,网络源,
å†…è’™å¤å«è§†,https://stream1.freetv.fun/3f4caf35a723a7bcd3cc267b47167af5b3252ca945c94d0184419b74a487c178.m3u8,网络源,
å†…è’™å¤å«è§†,https://stream1.freetv.fun/32fc6fe3ffdac878d7ede2e46b5771f16a8b5d67eca58166834fade3bbd15788.m3u8,网络源,
å†…è’™å¤å«è§†,https://stream1.freetv.fun/901de27c68715645c144101c7d6cb3bed6a7e6a0ece085e49a6cc375349eaf34.m3u8,网络源,
å†…è’™å¤å«è§†,https://stream1.freetv.fun/51578043dec8507b0980a4b182a4f33cec7ff4c3eab40e87c18a20baadecf223.m3u8,网络源,
å†…è’™å¤å«è§†,https://stream1.freetv.fun/9aea37631d2cba5a668dc7cbbb450fa97448d0b9f94783f0d913662a5d459358.m3u8,网络源,
å†…è’™å¤å«è§†,https://stream1.freetv.fun/4faedb7f43e0bce9dc1acf82b330bf05cb8bd25709aa7f4eac7ef0a600809702.m3u8,网络源,
å†…è’™å¤å«è§†,https://stream1.freetv.fun/48e0d589868b805b91108d697cdbcb47c6f2982e8199bf3e5e5dd508fb4d5977.m3u8,网络源,
å†…è’™å¤å«è§†,https://stream1.freetv.fun/d5d9dc5d1d5354fe0cea5c31d8e26eb865e81809cdd4d46091ef82c53451370d.m3u8,网络源,
å†…è’™å¤å«è§†,https://stream1.freetv.fun/daa114e9aa94419a7d056b8b1821b485e3d06bb348a9f010b557499d8ce9e2cf.m3u8,网络源,
å†…è’™å¤å«è§†,https://stream1.freetv.fun/097bf02898c8a8c3e5b16831978a5b017dd2d6364e3078271d08e4b1a138ae2b.m3u8,网络源,
å†…è’™å¤å«è§†,https://stream1.freetv.fun/941af3ddd82bf3d1d99b4a03413a057faffbe9e21b0eeb16449e28a5c59d7e5f.m3u8,网络源,
å†…è’™å¤å«è§†,https://stream1.freetv.fun/a617725a40df1e05463577f33bcf6ff711ae19a39f5453b6bfa75c396fb19647.m3u8,网络源,
å†…è’™å¤å«è§†,https://stream1.freetv.fun/5a39e8f5ff32299e08dbfc03e9986b4ea3203e38cf27eba2556bf4827a9eaaca.m3u8,网络源,
å†…è’™å¤å«è§†,https://stream1.freetv.fun/6c7546d7e573d8a7aad7e848a27a98d03811d514d9995d8a12400f200cc92cb4.m3u8,网络源,
å†…è’™å¤å«è§†,https://t.freetv.fun/live/nei-meng-gu-wei-shi-3.m3u8,网络源,
å†…è’™å¤å«è§†,https://stream1.freetv.fun/9c79b6eb27a71d3beb80c34583581dd19a6b7c86d45a68180a26c7298576d3cb.m3u8,网络源,
å†…è’™å¤å«è§†,https://stream1.freetv.fun/953b5b877c309b3e9f1466390325d30b0de6a56ef65261d42328b7b64d9a9af5.m3u8,网络源,
å†…è’™å¤å«è§†,https://stream1.freetv.fun/e870046f1026367600d5635ee82e391b7382381d975da8c95261f3b236fb44ce.m3u8,网络源,
å†…è’™å¤å«è§†,https://stream1.freetv.fun/8a110f3dc942f54064c871ff745952aec412b32339b80ef0f2bcb29fa98b4af7.m3u8,网络源,
å†…è’™å¤å«è§†,https://stream1.freetv.fun/3613799027c7d64d6ab4ee57247de6a82c45b329e31c67de09593a344e208f9a.m3u8,网络源,
å†…è’™å¤å«è§†,https://stream1.freetv.fun/1a959dda531fbaea13fcaedb57c7f3df2434622aa3b459d95e5b77561fd9847a.m3u8,网络源,
å†…è’™å¤å«è§†,https://stream1.freetv.fun/37656a2fbb27d4177e6f7c6e3216686dda04af6ed1330434ccff518152aa1594.m3u8,网络源,
å†…è’™å¤å«è§†,https://stream1.freetv.fun/6c0dc5f92cf0cbeb4cd657104df4ec4f367b35d306a988266a353661da8726d0.m3u8,网络源,
å†…è’™å¤å«è§†,https://stream1.freetv.fun/5449f2d57a27706d5b13071efab41c175da68c2cc31af7c2734df6d796390d65.m3u8,网络源,
å†…è’™å¤å«è§†,https://stream1.freetv.fun/1e5dc1f802d7775ea9cde7b7b874b914365797c6718c5e95448aa26648e136e6.m3u8,网络源,
å†…è’™å¤å«è§†,https://migu.188766.xyz/?migutoken=668d0763fe83c0412da09c07266aa498&id=%E5%86%85%E8%92%99%E5%8F%A4%E5%8D%AB%E8%A7%86&pp=1,网络源,
å†…è’™å¤å«è§†,https://stream1.freetv.fun/ad7314a16b55c53ae78c2117774a007d72a550e07646ad5c29347c06b01a6a39.m3u8,网络源,
å†…è’™å¤å«è§†,https://stream1.freetv.fun/9f4c2f9ff704c83018a20adc087942e1b7d5067e2a36ba25efcda771009f3a00.m3u8,网络源,
å†…è’™å¤å«è§†,https://stream1.freetv.fun/37fc5c2c33aed43bab26dcbddab8b5b568175179a9e550df8092952c55f09d7c.m3u8,网络源,
å†…è’™å¤å«è§†,https://stream1.freetv.fun/4856a86cb384733aee2059cab469cdd89fd47713ac7ede7de1f18a76f5a516f3.m3u8,网络源,
å†…è’™å¤å«è§†,https://stream1.freetv.fun/34be9574c802967c5f69d3fee3bffc7fbc796208b2e0621329aa078b1760c8c5.m3u8,网络源,
å†…è’™å¤å«è§†,https://migu.188766.xyz/?migutoken=466b49ae9d601bf53695f6790ab4644a&id=%E5%86%85%E8%92%99%E5%8F%A4%E5%8D%AB%E8%A7%86&pp=1,网络源,
å†…è’™å¤å«è§†,http://kkk.888.3116598.xyz/api.php?n=tttt&id=OXAh4A&tk=FgM0vQMejxvG,网络源,
å†…è’™å¤å«è§†,http://kkk.888.3116598.xyz/api.php?n=tttt&id=Ekue8f&tk=FgM0vQMejxvG,网络源,
å†…è’™å¤å«è§†,http://kkk.888.3116598.xyz/api.php?n=tttt&id=Qw5P3R&tk=FgM0vQMejxvG,网络源,
å†…è’™å¤å«è§†,http://112.27.235.94:8000/hls/49/index.m3u8,网络源,
å†…è’™å¤å«è§†,http://kkk.888.3116598.xyz/api.php?n=tttt&id=dooiLE&tk=FgM0vQMejxvG,网络源,
å†…è’™å¤å«è§†,http://61.156.228.12:8154/tsfile/live/0109_1.m3u8,网络源,
å†…è’™å¤å«è§†,http://153.0.171.163:9901/tsfile/live/0109_1.m3u8?key=txiptv&playlive=1&authid=0,网络源,
å†…è’™å¤å«è§†,http://123.130.84.106:8154/tsfile/live/0109_1.m3u8,网络源,
å†…è’™å¤å«è§†,http://221.2.148.205:8154/tsfile/live/0109_1.m3u8,网络源,
å†…è’™å¤å«è§†,http://221.2.148.205:8154/tsfile/live/0109_1.m3u8?key=txiptv&playlive=1&authid=0,网络源,
å†…è’™å¤å«è§†,http://61.156.228.12:8154/tsfile/live/0109_1.m3u8?key=txiptv&playlive=1&authid=0,网络源,
å†…è’™å¤å«è§†,https://stream1.freetv.fun/33bfe49a1da64dcd96234a098dec28f99d9fd4b3e53983a624c22d7bea711e71.m3u8,网络源,
å†…è’™å¤å«è§†,http://120.76.248.139/live/bfgd/4200000110.m3u8,网络源,
å†…è’™å¤å«è§†,http://123.130.84.106:8154/tsfile/live/0109_1.m3u8?key=txiptv&playlive=1&authid=0,网络源,
å†…è’™å¤å«è§†,http://222.134.245.16:9901/tsfile/live/0109_1.m3u8,网络源,
å†…è’™å¤å«è§†,http://111.61.236.247:9081/hls/48/index.m3u8,网络源,
å†…è’™å¤å«è§†,https://stream1.freetv.fun/ac0f2b476395eb8e45c889a5743466f9428610d5da5ef76eba081aab72daa3ba.m3u8,网络源,
å†…è’™å¤å«è§†,https://stream1.freetv.fun/2d0a9a41eb193459a68f884fa23e6f7eae8dca1eb7099d92baaa3d3dea420fd3.ctv,网络源,
å†…è’™å¤å«è§†,https://t.freetv.fun/live/nei-meng-gu-wei-shi-2.php,网络源,
å†…è’™å¤å«è§†,https://stream1.freetv.fun/3b0b850483e1ae63e74c17427d2269d7e47b36a1293d8236d90150c5a14ac1fb.ctv,网络源,
å†…è’™å¤å«è§†,http://8.138.7.223/tv/migu3.php?id=nmws,网络源,
å†…è’™å¤å«è§†,http://43.251.226.89:8080/play/439.m3u8,网络源,
å†…è’™å¤å«è§†,http://cssbyd.imwork.net:8082/hls/44/index.m3u8,网络源,
å†…è’™å¤å«è§†,http://tvbox6.icu/tv/migu.php?id=nmws,网络源,
å†…è’™å¤å«è§†,http://kkk.jjjj.jiduo.me/api.php?n=tttt&id=1348&tk=23a9aca1f79f,网络源,
å†…è’™å¤å«è§†,http://182.150.23.74:808/hls/37/index.m3u8,网络源,
å¤§æ¹¾åŒºå«è§†,https://t.freetv.fun/live/da-wan-qu-wei-shi-4.m3u8,网络源,
å¤§æ¹¾åŒºå«è§†,https://t.freetv.fun/live/da-wan-qu-wei-shi-gao-qing-10.m3u8,网络源,
å¤§æ¹¾åŒºå«è§†,https://t.freetv.fun/live/da-wan-qu-wei-shi-gao-qing-1.m3u8,网络源,
å¤§æ¹¾åŒºå«è§†,https://t.freetv.fun/live/da-wan-qu-wei-shi-gao-qing-3.m3u8,网络源,
å¤§æ¹¾åŒºå«è§†,https://t.freetv.fun/live/da-wan-qu-wei-shi-1.m3u8,网络源,
å¤§æ¹¾åŒºå«è§†,https://t.freetv.fun/live/da-wan-qu-wei-shi-2.m3u8,网络源,
å¤§æ¹¾åŒºå«è§†,https://t.freetv.fun/live/da-wan-qu-wei-shi-gao-qing-4.m3u8,网络源,
å¤§æ¹¾åŒºå«è§†,https://t.freetv.fun/live/da-wan-qu-wei-shi-gao-qing-6.m3u8,网络源,
å¤§æ¹¾åŒºå«è§†,https://t.freetv.fun/live/da-wan-qu-wei-shi-12.m3u8,网络源,
å¤§æ¹¾åŒºå«è§†,https://t.freetv.fun/live/da-wan-qu-wei-shi-gao-qing-7.m3u8,网络源,
å¤§æ¹¾åŒºå«è§†,https://t.freetv.fun/live/da-wan-qu-wei-shi-gao-qing-2.m3u8,网络源,
å¤§æ¹¾åŒºå«è§†,https://t.freetv.fun/live/da-wan-qu-wei-shi-8.m3u8,网络源,
å¤§æ¹¾åŒºå«è§†,https://migu.188766.xyz/?migutoken=60d7d1d9b1136baa011f1825d7c939b6&id=%E5%A4%A7%E6%B9%BE%E5%8C%BA%E5%8D%AB%E8%A7%86&type=yy,网络源,
å¤§æ¹¾åŒºå«è§†,https://migu.188766.xyz/?migutoken=67a71f4c9d50568f23d4cd353af12f01&id=%E5%A4%A7%E6%B9%BE%E5%8C%BA%E5%8D%AB%E8%A7%86&type=yy,网络源,
å¤§æ¹¾åŒºå«è§†,http://kkk.888.3116598.xyz/api.php?n=tttt&id=PGzbV7&tk=FgM0vQMejxvG,网络源,
å¤§æ¹¾åŒºå«è§†,https://t.freetv.fun/live/da-wan-qu-wei-shi.m3u8,网络源,
å¤§æ¹¾åŒºå«è§†,http://113.15.109.216:59901/tsfile/live/1010_1.m3u8?key=txiptv&playlive=1&authid=0,网络源,
å¤§æ¹¾åŒºå«è§†,http://gmxw.7766.org:808/hls/132/index.m3u8,网络源,
å¤§æ¹¾åŒºå«è§†,https://t.freetv.fun/live/da-wan-qu-wei-shi-gao-qing.m3u8,网络源,
å¤§æ¹¾åŒºå«è§†,http://8.138.7.223/tv/gd.php?id=0008,网络源,
å¤§æ¹¾åŒºå«è§†,https://t.freetv.fun/live/da-wan-qu-wei-shi-3.m3u8,网络源,
å¤§æ¹¾åŒºå«è§†,http://tvbox6.icu/tv/migu.php?id=dwqws,网络源,
å¤§æ¹¾åŒºå«è§†,http://hlsztemgsplive.miguvideo.com:8080/wd_r3/2018/nfmedia/nfws/1000/index.m3u8?msisdn=20260123040208ce2cb82efb214a80baa2e4e860d48395&mdspid=&spid=699054&netType=0&sid=2200322852&pid=2028597139&timestamp=20260123040208&Channel_ID=0116_2600000900-99000-201600010010027&ProgramID=608917627&ParentNodeID=-99&assertID=2200322852&client_ip=218.28.233.106&SecurityKey=20260123040208&promotionId=&mvid=2200322852&mcid=500020&playurlVersion=WX-A1-9.1.1.1-RELEASE&userid=&jmhm=&videocodec=h264&appCode=miguvideo_android&bean=mgspad&tid=android&conFee=0&encrypt=fe4fd8dee37936ebd1b05f01793f1fda,网络源,
å†…è’™å¤è’™è¯­å«è§†,https://t.freetv.fun/live/nei-meng-gu-meng-yu-wei-shi.m3u8,网络源,
å†…è’™å¤è’™è¯­å«è§†,http://play1-qk.nmtv.cn/live/1686560387346365.m3u8,网络源,
å†œæ—å«è§†,https://stream1.freetv.fun/cb703e6e694023c63361a9fd5db877c3d6b00dd7e4e63c6e4d5ccf56f8b3a58b.m3u8,网络源,
å†œæ—å«è§†,https://stream1.freetv.fun/fe99380ce76011ac28d24fb52afe030d6fb320bf5afe31a04fb2746964932ff7.m3u8,网络源,
å†œæ—å«è§†,https://migu.188766.xyz/?migutoken=478467ae013bba51f5131b412c5799ab&id=%E4%B8%AD%E5%9B%BD%E5%86%9C%E6%9E%97%E5%8D%AB%E8%A7%86&type=yy,网络源,
å†œæ—å«è§†,https://stream1.freetv.fun/nong-lin-wei-shi-27.m3u8,网络源,
å†œæ—å«è§†,http://8.138.7.223/ã€å…¬ä¼—å·ï¼šæ¦´èŠ’ç”µè§†ã€‘/å†œæ—å«è§†.m3u8,网络源,
å†œæ—å«è§†,http://124.116.183.146:9901/tsfile/live/1004_1.m3u8,网络源,
å†œæ—å«è§†,http://120.76.248.139/live/bfgd/4200000122.m3u8,网络源,
å†œæ—å«è§†,https://t.freetv.fun/live/nong-lin-wei-shi-1.php,网络源,
å†œæ—å«è§†,http://124.116.183.146:9901/tsfile/live/1004_1.m3u8?key=txiptv&playlive=1&authid=0,网络源,
å‡¤å‡°ä¸­æ–‡,https://cdn9.163189.xyz/smt3.1.1.php?id=phoenixtv_hd,网络源,
å‡¤å‡°ä¸­æ–‡,https://stream1.freetv.fun/08e5440bb83a804440e341ae792cffc38d6844b04d5a2c7a4fc5ee04a6fe6bc6.m3u8,网络源,
å‡¤å‡°ä¸­æ–‡,https://stream1.freetv.fun/4e695e885cc20b20b7e3ec874fe52ed75e27443778c8ff29e498c4c9d7cec4a0.m3u8,网络源,
å‡¤å‡°ä¸­æ–‡,https://stream1.freetv.fun/2b657a181daa345025199e7d6b8de95a1a87b19abceafbd16e2499a49da33c6f.m3u8,网络源,
å‡¤å‡°ä¸­æ–‡,http://cdn5.1678520.xyz/live/live2.1.php?id=fhzw,网络源,
å‡¤å‡°ä¸­æ–‡,http://cdn5.1678520.xyz:80/live/live2.1.php?id=fhzw,网络源,
å‡¤å‡°ä¸­æ–‡,http://php.jdshipin.com:8880/TVOD/iptv.php?id=fhzw,网络源,
å‡¤å‡°ä¸­æ–‡,https://cdn6.101.qzz.io/163189/fhzw,网络源,
å‡¤å‡°ä¸­æ–‡,https://stream1.freetv.fun/91dffd2dca60b65821a94747f2f3020dfc9642bb89f86ed7fa6d8b0b7487c5d2.m3u8,网络源,
å‡¤å‡°ä¸­æ–‡,https://stream1.freetv.fun/fe3d3346f748e4ec230691be958aff27e91c225b43b5855685cd1fbe79c56f60.m3u8,网络源,
å‡¤å‡°ä¸­æ–‡,https://stream1.freetv.fun/feng-huang-zhong-wen-4.m3u8,网络源,
å‡¤å‡°ä¸­æ–‡,https://stream1.freetv.fun/feng-huang-zhong-wen-17.m3u8,网络源,
å‡¤å‡°ä¸­æ–‡,https://stream1.freetv.fun/feng-huang-zhong-wen-10.m3u8,网络源,
å‡¤å‡°ä¸­æ–‡,https://stream1.freetv.fun/feng-huang-zhong-wen-15.m3u8,网络源,
å‡¤å‡°ä¸­æ–‡,https://mgev.188766.xyz/?migutoken=76bf8059d012894607141c504aa532ab&id=hk_fhzw&type=dy,网络源,
å‡¤å‡°ä¸­æ–‡,https://stream1.freetv.fun/feng-huang-zhong-wen-5.ctv,网络源,
å‡¤å‡°ä¸­æ–‡,https://stream1.freetv.fun/feng-huang-zhong-wen-12.m3u8,网络源,
å‡¤å‡°ä¸­æ–‡,http://27.41.245.32:801/hls/205/index.m3u8,网络源,
å‡¤å‡°ä¸­æ–‡,https://stream1.freetv.fun/feng-huang-zhong-wen-12.ctv,网络源,
å‡¤å‡°ä¸­æ–‡,https://stream1.freetv.fun/feng-huang-zhong-wen-9.m3u8,网络源,
å‡¤å‡°ä¸­æ–‡,https://stream1.freetv.fun/feng-huang-zhong-wen-18.ctv,网络源,
å‡¤å‡°ä¸­æ–‡,https://stream1.freetv.fun/feng-huang-zhong-wen-11.m3u8,网络源,
å‡¤å‡°ä¸­æ–‡,https://stream1.freetv.fun/feng-huang-zhong-wen-18.m3u8,网络源,
å‡¤å‡°ä¸­æ–‡,https://stream1.freetv.fun/feng-huang-zhong-wen-16.m3u8,网络源,
å‡¤å‡°ä¸­æ–‡,https://stream1.freetv.fun/feng-huang-zhong-wen-15.ctv,网络源,
å‡¤å‡°ä¸­æ–‡,https://stream1.freetv.fun/feng-huang-zhong-wen-6.m3u8,网络源,
å‡¤å‡°ä¸­æ–‡,https://stream1.freetv.fun/feng-huang-zhong-wen-3.m3u8,网络源,
å‡¤å‡°ä¸­æ–‡,https://stream1.freetv.fun/feng-huang-zhong-wen-19.m3u8,网络源,
å‡¤å‡°ä¸­æ–‡,http://cdn.132.us.kg/live/fhzw/stream.m3u8,网络源,
å‡¤å‡°ä¸­æ–‡,http://cdn5.1678520.xyz/live/?id=fhzw,网络源,
å‡¤å‡°ä¸­æ–‡,http://cdn.163189.xyz/live/fhzw/stream.m3u8,网络源,
å‡¤å‡°ä¸­æ–‡,http://183.237.95.108:9901/tsfile/live/1103_1.m3u8?key=txiptv&playlive=0&authid=0,网络源,
å‡¤å‡°ä¸­æ–‡,http://playtv-live.ifeng.com/live/06OLEGEGM4G.m3u8,网络源,
å‡¤å‡°ä¸­æ–‡,https://stream1.freetv.fun/2cd8b0d0e8b7bda9c76ae4e0d554782532055b48e88e266f743eaa21ca7e44e0.ctv,网络源,
å‡¤å‡°ä¸­æ–‡,http://playtv-live.ifeng.com:80/live/06OLEGEGM4G.m3u8,网络源,
å‡¤å‡°ä¸­æ–‡,http://www.terrykang.cn:5678/sxg.php?id=test1_4000,网络源,
å‡¤å‡°ä¸­æ–‡,http://dms.yryyj.site:8188/udp/239.76.246.135:1234,网络源,
å‡¤å‡°ä¸­æ–‡,https://smt.1678520.xyz/smt3.2.1.php?id=phoenixtv_hd,网络源,
å‡¤å‡°ä¸­æ–‡,https://stream1.freetv.fun/feng-huang-zhong-wen-8.m3u8,网络源,
å‡¤å‡°ä¸­æ–‡,http://t.061899.xyz/tl/js/js.php?id=fhwszwt,网络源,
å‡¤å‡°ä¸­æ–‡,https://t.freetv.fun/live/feng-huang-wei-shi.php,网络源,
å‡¤å‡°ä¸­æ–‡,https://mgev.188766.xyz/?migutoken=d524427e75a766805e10776bc03dc538&id=fhzw&pp=1,网络源,
å‡¤å‡°ä¸­æ–‡,http://8.138.7.223/tv/gdmzyd.php?id=4,网络源,
å‡¤å‡°ä¸­æ–‡,https://cdn.163189.xyz/live/fhzw/stream.m3u8,网络源,
å‡¤å‡°ä¸­æ–‡,https://stream1.freetv.fun/feng-huang-zhong-wen-7.ctv,网络源,
å‡¤å‡°èµ„è®¯,http://cdn6.163189.xyz/163189/fhzx,网络源,
å‡¤å‡°èµ„è®¯,http://free.cnlive.club/channel/n4966a4fb.m3u8?q=111.170.171.148,网络源,
å‡¤å‡°èµ„è®¯,https://stream1.freetv.fun/5fb13a1ac8acfc0fbc7121568b65c78e0383919949c35c2a7f278a1ddd081e2b.m3u8,网络源,
å‡¤å‡°èµ„è®¯,http://cdn3.163189.xyz/live/fhzx/stream.m3u8,网络源,
å‡¤å‡°èµ„è®¯,https://stream1.freetv.fun/a5857ad51b58a0f7a8c9cbdf291571692b0eed9f5ab2cfce97a211260533c0d8.m3u8,网络源,
å‡¤å‡°èµ„è®¯,https://t.freetv.fun/live/feng-huang-zi-xun.m3u8,网络源,
å‡¤å‡°èµ„è®¯,http://cdn5.1678520.xyz:80/live/live2.1.php?id=fhzx,网络源,
å‡¤å‡°èµ„è®¯,http://cdn5.1678520.xyz/live/live2.1.php?id=fhzx,网络源,
å‡¤å‡°èµ„è®¯,http://cdn3.132.us.kg/live/fhzx/stream.m3u8,网络源,
å‡¤å‡°èµ„è®¯,https://stream1.freetv.fun/bfd140266f0bc1d9689c8cca261521038b45d662a160a3785d45d074b26899c2.m3u8,网络源,
å‡¤å‡°èµ„è®¯,https://smt.1678520.xyz/smt3.2.1.php?id=phoenixinfo_hd,网络源,
å‡¤å‡°èµ„è®¯,https://stream1.freetv.fun/feng-huang-zi-xun-1.m3u8,网络源,
å‡¤å‡°èµ„è®¯,https://stream1.freetv.fun/feng-huang-zi-xun-20.ctv,网络源,
å‡¤å‡°èµ„è®¯,https://mgev.188766.xyz/?migutoken=b9183569241877c5fd8d624a67a5fa45&id=fhzx&pp=1,网络源,
å‡¤å‡°èµ„è®¯,https://stream1.freetv.fun/feng-huang-zi-xun-11.ctv,网络源,
å‡¤å‡°èµ„è®¯,https://stream1.freetv.fun/feng-huang-zi-xun-23.m3u8,网络源,
å‡¤å‡°èµ„è®¯,https://stream1.freetv.fun/feng-huang-zi-xun-17.ctv,网络源,
å‡¤å‡°èµ„è®¯,https://stream1.freetv.fun/feng-huang-zi-xun-23.ctv,网络源,
å‡¤å‡°èµ„è®¯,https://stream1.freetv.fun/feng-huang-zi-xun-25.ctv,网络源,
å‡¤å‡°èµ„è®¯,https://stream1.freetv.fun/feng-huang-zi-xun-21.ctv,网络源,
å‡¤å‡°èµ„è®¯,https://cdn9.163189.xyz/smt3.1.1.php?id=phoenixinfo_hd,网络源,
å‡¤å‡°èµ„è®¯,https://t.freetv.fun/live/feng-huang-zi-xun-2.php,网络源,
å‡¤å‡°èµ„è®¯,http://dms.yryyj.site:8188/udp/239.76.246.134:1234,网络源,
å‡¤å‡°èµ„è®¯,https://stream1.freetv.fun/feng-huang-zi-xun-19.m3u8,网络源,
å‡¤å‡°èµ„è®¯,https://stream1.freetv.fun/feng-huang-zi-xun-16.m3u8,网络源,
å‡¤å‡°èµ„è®¯,https://stream1.freetv.fun/feng-huang-zi-xun-13.m3u8,网络源,
å‡¤å‡°èµ„è®¯,https://stream1.freetv.fun/feng-huang-zi-xun-12.ctv,网络源,
å‡¤å‡°èµ„è®¯,https://stream1.freetv.fun/feng-huang-zi-xun-18.m3u8,网络源,
å‡¤å‡°èµ„è®¯,http://cdn5.1678520.xyz/live/?id=fhzx,网络源,
å‡¤å‡°èµ„è®¯,http://playtv-live.ifeng.com/live/06OLEEWQKN4.m3u8,网络源,
å‡¤å‡°èµ„è®¯,https://playtv-live.ifeng.com/live/06OLEEWQKN4.m3u8,网络源,
å‡¤å‡°èµ„è®¯,http://dms.yryyj.site:8188/udp/239.76.253.134:9000,网络源,
å‡¤å‡°èµ„è®¯,https://mgev.188766.xyz/?migutoken=5d16bea221fdcd9d7561cc741b0b9b79&id=hk_fhzx&type=dy,网络源,
å‡¤å‡°èµ„è®¯,https://stream1.freetv.fun/feng-huang-zi-xun-1.ctv,网络源,
å‡¤å‡°èµ„è®¯,https://stream1.freetv.fun/feng-huang-zi-xun-2.ctv,网络源,
å‡¤å‡°èµ„è®¯,http://playtv-live.ifeng.com:80/live/06OLEEWQKN4.m3u8,网络源,
å‡¤å‡°èµ„è®¯,https://stream1.freetv.fun/feng-huang-zi-xun-7.ctv,网络源,
å‡¤å‡°èµ„è®¯,http://t.061899.xyz/tl/js/js.php?id=fhwszxt,网络源,
å‡¤å‡°èµ„è®¯,http://www.terrykang.cn:5678/sxg.php?id=test2_4000,网络源,
å‡¤å‡°èµ„è®¯,http://rihou.cc:555/tv/[Bx]å‡¤å‡°èµ„è®¯,网络源,
å‡¤å‡°èµ„è®¯,http://php.jdshipin.com/TVOD/iptv.php?id=fhzx2,网络源,
å‡¤å‡°èµ„è®¯,https://cdn3.163189.xyz/live/fhzx/stream.m3u8,网络源,
å‡¤å‡°èµ„è®¯,https://t.freetv.fun/live/feng-huang-zi-xun-1.php,网络源,
å‡¤å‡°èµ„è®¯,https://t.freetv.fun/live/feng-huang-zi-xun-6.php,网络源,
å‡¤å‡°èµ„è®¯,http://php.jdshipin.com:8880/smt.php?id=phoenixinfo_hd,网络源,
å‡¤å‡°èµ„è®¯,https://stream1.freetv.fun/feng-huang-zi-xun-20.m3u8,网络源,
å‡¤å‡°èµ„è®¯,https://stream1.freetv.fun/feng-huang-zi-xun-15.ctv,网络源,
å‡¤å‡°é¦™æ¸¯,https://t.freetv.fun/live/feng-huang-xiang-gang-6.m3u8,网络源,
å‡¤å‡°é¦™æ¸¯,https://t.freetv.fun/live/feng-huang-xiang-gang.m3u8,网络源,
å‡¤å‡°é¦™æ¸¯,https://cdn6.163189.xyz/live/fhhk/stream.m3u8,网络源,
å‡¤å‡°é¦™æ¸¯,https://cdn6.101.qzz.io/163189/fhhk,网络源,
å‡¤å‡°é¦™æ¸¯,https://mgev.188766.xyz/?migutoken=f18284fb93ad69466365897d44afd1d4&id=hk_fhhk&type=dy,网络源,
å‡¤å‡°é¦™æ¸¯,https://epg.pw/stream/8770e89223a086eb1b8a0c931e42296d772a8069ad3eb72540e0c434e7cb3e93.m3u8,网络源,
å‡¤å‡°é¦™æ¸¯,https://cdn9.163189.xyz/smt3.1.1.php?id=hkphoenix_twn,网络源,
å‡¤å‡°é¦™æ¸¯,https://t.freetv.fun/live/feng-huang-xiang-gang-1.php,网络源,
å‡¤å‡°é¦™æ¸¯,https://stream1.freetv.fun/feng-huang-xiang-gang-3.m3u8,网络源,
å‡¤å‡°é¦™æ¸¯,https://stream1.freetv.fun/feng-huang-xiang-gang-9.ctv,网络源,
å‡¤å‡°é¦™æ¸¯,http://122.152.202.33/s/81a8a44f/index.m3u8?id=fhhk TVB,网络源,
å‡¤å‡°é¦™æ¸¯,http://smt.veryfast.filegear-sg.me/smt3.2.1.php?id=hkphoenix_twn,网络源,
å‡¤å‡°é¦™æ¸¯,https://stream1.freetv.fun/feng-huang-xiang-gang-3.ctv,网络源,
å‡¤å‡°é¦™æ¸¯,https://stream1.freetv.fun/8770e89223a086eb1b8a0c931e42296d772a8069ad3eb72540e0c434e7cb3e93.ctv,网络源,
å‡¤å‡°é¦™æ¸¯,https://stream1.freetv.fun/feng-huang-xiang-gang-11.ctv,网络源,
å‡¤å‡°é¦™æ¸¯,https://stream1.freetv.fun/feng-huang-xiang-gang-6.ctv,网络源,
å‡¤å‡°é¦™æ¸¯,https://epg.pw/stream/5f16dc7fc8aaaed3205516c63e4a8c24bca9dbba1181684244729cf574505b0e.m3u8,网络源,
å‡¤å‡°é¦™æ¸¯,https://smt.1678520.xyz/smt3.2.1.php?id=hkphoenix_twn,网络源,
å‡¤å‡°é¦™æ¸¯,http://t.061899.xyz/tl/js/js.php?id=fhwsxgt,网络源,
å‡¤å‡°é¦™æ¸¯,https://mgev.188766.xyz/?migutoken=598deffc7b4e588249acd54e78408f32&id=fhhk&pp=1,网络源,
å‡¤å‡°é¦™æ¸¯,https://stream1.freetv.fun/feng-huang-xiang-gang-5.ctv,网络源,
å‡¤å‡°é¦™æ¸¯,http://php.jdshipin.com:8880/smt.php?id=hkphoenix_twn,网络源,
æ˜Ÿç©ºå«è§†,http://iot-mqqt.111yao.cn:8080/live/diyp_xingkong.m3u8,网络源,
æ˜Ÿç©ºå«è§†,http://111.221.137.155:44330/tsfile/live/0139_1.m3u8?key=txiptv,网络源,
TVBç¿¡ç¿,http://php.jdshipin.com/TVOD/iptv.php?id=fct,网络源,
TVBç¿¡ç¿,http://php.jdshipin.com/TVOD/iptv.php?id=fct3,网络源,
TVBç¿¡ç¿,http://php.jdshipin.com/TVOD/iptv.php?id=fct2,网络源,
TVBç¿¡ç¿,http://php.jdshipin.com/TVOD/iptv.php?id=fct4,网络源,
TVBç¿¡ç¿,http://php.jdshipin.com/smt.php?id=jade_twn,网络源,
TVBç¿¡ç¿,http://cdn.163189.xyz/live/fct4k/stream.m3u8,网络源,
TVBç¿¡ç¿,http://php.jdshipin.com:8880/smt.php?id=jade_twn,网络源,
TVBç¿¡ç¿,http://cdn9.163189.xyz/smt1.1.php?id=jade_twn,网络源,
TVBæ˜ç,http://hls.168.us.kg/u/84/master.m3u8,网络源,
TVBæ˜ç,http://r.jdshipin.com/GeWKr?id=mzt720,网络源,
TVBæ˜ç,http://php.jdshipin.com/TVOD/iptv.php?id=mzt,网络源,
TVBæ˜ç,http://php.jdshipin.com:8880/TVOD/iptv.php?id=mzt,网络源,
TVBæ˜ç,https://smt.1678520.xyz/smt3.2.1.php?id=pearl_twn,网络源,
TVBæ˜ç,http://mytv.cdn.loc.cc/o12.php?id=mzt,网络源,
TVBæ˜ç,http://php.jdshipin.com:8880/smt.php?id=pearl_twn,网络源,
TVBæ˜ç,http://php.jdshipin.com/smt.php?id=pearl_twn,网络源,
TVBæ˜ç,http://122.152.202.33/s/81a8a44f/index.m3u8?id=23,网络源,
TVBæ˜ç,https://mgev.188766.xyz/?migutoken=653f9cc9074f4eb3ebac47ac21924fcf&id=hk_mzt&type=dy,网络源,
TVBæ˜ç,http://bxtv.3a.ink/api.php?id=mz,网络源,
TVBæ˜ç,http://grandprix2023.asuscomm.com:8892/bysid/2.m3u8,网络源,
TVBæ˜Ÿæ²³,http://r.jdshipin.com/sXuuD,网络源,
TVBæ˜Ÿæ²³,http://r.jdshipin.com/Voac4,网络源,
TVBæ˜Ÿæ²³,http://php.jdshipin.com:8880/PLTV/iptv.php?id=xinghe,网络源,
TVBæ˜Ÿæ²³,http://php.jdshipin.com/TVOD/iptv.php?id=xinghe,网络源,
TVBæ˜Ÿæ²³,http://cdn9.163189.xyz/smt1.1.php?id=Xinhe,网络源,
TVBæ˜Ÿæ²³,https://mgev.188766.xyz/?migutoken=a5190c91f5c5484750ad89bc72d255ff&id=hk_tvbxh&type=dy,网络源,
TVBæ˜Ÿæ²³,http://php.jdshipin.com/TVOD/iptv.php?id=tvbxh,网络源,
TVBæ— çº¿æ–°é—»,https://t.freetv.fun/live/wu-xian-xin-wen.m3u8,网络源,
TVBæ— çº¿æ–°é—»,http://php.jdshipin.com/TVOD/iptv.php?id=tvbxw,网络源,
TVBæ— çº¿æ–°é—»,https://cdn.iptv8k.top/dl/jspd.php?id=2&time=20240926215313&ip=111.229.253.40,网络源,
TVBæ— çº¿æ–°é—»,http://74.91.26.218:82/live/inews.m3u8,网络源,
TVBæ— çº¿æ–°é—»,http://hls.168.us.kg/u/83/master.m3u8,网络源,
TVBæ— çº¿æ–°é—»,http://cdn9.163189.xyz/smt1.1.php?id=inews_twn,网络源,
TVBæ— çº¿æ–°é—»,https://mgev.188766.xyz/?migutoken=d9b24c1e56c6d36a822bce779307cc90&id=hk_wxxw&type=dy,网络源,
TVBæ— çº¿æ–°é—»,https://t.freetv.fun/live/wu-xian-xin-wen-3.m3u8,网络源,
TVBæ— çº¿æ–°é—»,https://t.freetv.fun/live/wu-xian-xin-wen-2.m3u8,网络源,
TVBæ— çº¿æ–°é—»,https://stream1.freetv.fun/678d877ac436471c003e6f566eaa81b022de75dca45be60e1660efbf223765ca.m3u8,网络源,
TVBæ— çº¿æ–°é—»,http://cdn.iptv8k.top/dl/jspd.php?id=2,网络源,
TVBæ— çº¿æ–°é—»,https://cdn9.163189.xyz/smt3.1.1.php?id=inews_twn,网络源,
TVBæ— çº¿æ–°é—»,http://php.jdshipin.com:8880/smt.php?id=inews_twn,网络源,
TVBæ— çº¿æ–°é—»,https://smt.1678520.xyz/smt3.2.1.php?id=inews_twn,网络源,
TVBæ— çº¿æ–°é—»,http://php.jdshipin.com/TVOD/iptv.php?id=wxxw,网络源,
TVBæ— çº¿æ–°é—»,https://t.freetv.fun/live/wu-xian-xin-wen-5.php,网络源,
TVBæ— çº¿æ–°é—»,https://t.freetv.fun/live/wu-xian-xin-wen-1.php,网络源,
TVBæ— çº¿æ–°é—»,http://bxtv.3a.ink/api.php?id=wxxw,网络源,
TVBæ— çº¿æ–°é—»,https://t.freetv.fun/live/wu-xian-xin-wen-4.php,网络源,
TVBæ— çº¿æ–°é—»,https://t.freetv.fun/live/wu-xian-xin-wen-6.m3u8,网络源,
TVBæ— çº¿æ–°é—»,http://php.jdshipin.com/smt.php?id=inews_twn,网络源,
TVBæ— çº¿æ–°é—»,http://r.jdshipin.com/CkuBd,网络源,
TVBå¨±ä¹æ–°é—»,http://php.jdshipin.com:8880/TVOD/iptv.php?id=fct2,网络源,
TVBå¨±ä¹æ–°é—»,http://php.jdshipin.com/TVOD/iptv.php?id=tvbylxw,网络源,
TVBåƒç¦§ç»å…¸,https://o11.163189.xyz/stream/live/tvbc/,网络源,
TVBåƒç¦§ç»å…¸,http://php.jdshipin.com:8880/smt.php?id=Tvbclassic,网络源,
TVBåƒç¦§ç»å…¸,http://php.jdshipin.com/TVOD/iptv.php?id=tvbc,网络源,
TVBåƒç¦§ç»å…¸,http://php.jdshipin.com/smt.php?id=Tvbclassic,网络源,
TVBSæ–°é—»,https://tmxk.pp.ua/litv.php?token=tmxk&id=4gtv-4gtv072,网络源,
TVBSæ–°é—»,http://61.221.215.25:8800/hls/9/index.m3u8,网络源,
TVBSäºšæ´²,http://38.64.72.148:80/hls/modn/list/4005/chunklist1.m3u8,网络源,
TVBSäºšæ´²,http://38.64.72.148/hls/modn/list/4005/chunklist1.m3u8?,网络源,
TVBSäºšæ´²,http://38.64.72.148:80/hls/modn/list/4005/playlist.m3u8,网络源,
TVBSäºšæ´²,http://38.64.72.148:80/hls/modn/list/4005/chunklist0.m3u8,网络源,
TVBSäºšæ´²,http://38.64.72.148:80/hls/modn/list/4005/playlist.m3u8?,网络源,
TVBSäºšæ´²,http://38.64.72.148/hls/modn/list/4005/chunklist1.m3u8,网络源,
TVBSæ¬¢ä¹,https://tmxk.pp.ua/litv.php?token=tmxk&id=4gtv-4gtv068,网络源,
VIUTV,http://php.jdshipin.com/TVOD/iptv.php?id=viutv2,网络源,
VIUTV,http://php.jdshipin.com/TVOD/iptv.php?id=viutv,网络源,
VIUTV,http://php.jdshipin.com:8880/smt.php?id=viu1_twn,网络源,
Nowä½“è‚²,http://rihou.cc:555/tv/[Mt]Nowä½“è‚²,网络源,
Nowæ˜Ÿå½±,http://rihou.cc:555/tv/[Hk]Nowæ˜Ÿå½±,网络源,
Nowçˆ†è°·,http://rihou.cc:555/tv/[Hk]Nowçˆ†è°·,网络源,
Nowæ–°é—»,http://cdn.163189.xyz/163189/now,网络源,
Nowæ–°é—»,https://mgev.188766.xyz/?migutoken=514d2c244287aeaaa4ed1ff1c356764b&id=hk_now&type=dy,网络源,
Nowæ–°é—»,http://rihou.cc:555/tv/[Cx]Nowæ–°é—»,网络源,
Nowæ–°é—»,https://yang-1989.eu.org/live/now-332,网络源,
Nowæ–°é—»,https://cdn.163189.xyz/163189/now,网络源,
Nowè´¢ç»,http://hls.168.us.kg/u/333/master.m3u8,网络源,
Nowè´¢ç»,http://rihou.cc:555/tv/[Mt]Nowè´¢ç»,网络源,
Nowè´¢ç»,https://yang-1989.eu.org/live/now-333,网络源,
åƒç¦§ç»å…¸,http://cdn9.163189.xyz/smt1.1.php?id=Tvbclassic,网络源,
åƒç¦§ç»å…¸,http://cdn9.163189.xyz/smt3.1.1.php?id=Tvbclassic,网络源,
åƒç¦§ç»å…¸,http://php.jdshipin.com:8880/TVOD/iptv.php?id=tvbc,网络源,
åƒç¦§ç»å…¸,http://bxtv.3a.ink/api.php?id=qxjd,网络源,
é¦™æ¸¯ä½›é™€,https://js1.amtb.cn/liveedge/_definst_/livetv/playlist.m3u8,网络源,
é¦™æ¸¯ä½›é™€,http://js1.amtb.cn/liveedge/_definst_/livetv/chunklist.m3u8,网络源,
å…«å¤§æˆå‰§,https://t.freetv.fun/live/ba-da-xi-ju.m3u8,网络源,
å…«å¤§æˆå‰§,http://61.221.215.25:8800/hls/39/index.m3u8,网络源,
å…«å¤§ç¬¬ä¸€,http://61.221.215.25:8800/hls/55/index.m3u8,网络源,
å…«å¤§ç»¼åˆ,https://t.freetv.fun/live/ba-da-zong-he-1.m3u8,网络源,
å…«å¤§ç»¼åˆ,http://61.221.215.25:8800/hls/56/index.m3u8,网络源,
å…«å¤§ç»¼åˆ,https://stream1.freetv.fun/ba-da-zong-he-1.m3u8,网络源,
å…«å¤§ç²¾å½©,http://fbd48279.ott.oxtvs.com/ott/?q=9222549520c295e029ec6ff9d9f66695&id=5095,网络源,
å…«å¤§ç²¾å½©,https://tmxk.pp.ua/litv.php?token=tmxk&id=4gtv-4gtv034,网络源,
å…«å¤§ç»¼è‰º,https://tmxk.pp.ua/litv.php?token=tmxk&id=4gtv-4gtv039,网络源,
ä¸‰ç«‹å°æ¹¾,https://stream1.freetv.fun/san-li-tai-wan-5.m3u8,网络源,
ä¸‰ç«‹éƒ½ä¼š,https://t.freetv.fun/live/san-li-du-hui.m3u8,网络源,
å°è§†æ–°é—»,http://38.64.72.148:80/hls/modn/list/4013/chunklist1.m3u8,网络源,
å°è§†æ–°é—»,http://38.64.72.148:80/hls/modn/list/4013/chunklist0.m3u8,网络源,
å°è§†æ–°é—»,https://live.wcetv.com/hls/master-ttvnews.m3u8,网络源,
å°è§†æ–°é—»,https://stream1.freetv.fun/tai-shi-xin-wen-8.m3u8,网络源,
å°è§†æ–°é—»,https://stream1.freetv.fun/tai-shi-xin-wen-4.m3u8,网络源,
å°è§†æ–°é—»,https://stream1.freetv.fun/tai-shi-xin-wen-19.m3u8,网络源,
å°è§†æ–°é—»,https://stream1.freetv.fun/tai-shi-xin-wen-11.m3u8,网络源,
å°è§†æ–°é—»,https://stream1.freetv.fun/tai-shi-xin-wen-20.m3u8,网络源,
å°è§†æ–°é—»,https://stream1.freetv.fun/tai-shi-xin-wen-22.m3u8,网络源,
å°è§†æ–°é—»,https://stream1.freetv.fun/tai-shi-xin-wen-2.m3u8,网络源,
å°è§†æ–°é—»,https://stream1.freetv.fun/tai-shi-xin-wen-12.m3u8,网络源,
å°è§†æ–°é—»,https://stream1.freetv.fun/tai-shi-xin-wen-17.m3u8,网络源,
å°è§†æ–°é—»,https://tmxk.pp.ua/litv.php?token=tmxk&id=4gtv-4gtv051,网络源,
å°è§†æ–°é—»,http://222.128.55.152:9080/live/ts.m3u8,网络源,
å°è§†æ–°é—»,https://stream1.freetv.fun/tai-shi-xin-wen-1.m3u8,网络源,
å°è§†æ–°é—»,https://stream1.freetv.fun/tai-shi-xin-wen-10.m3u8,网络源,
å°è§†æ–°é—»,https://stream1.freetv.fun/tai-shi-xin-wen-21.m3u8,网络源,
ç¯çƒç”µè§†,https://t.freetv.fun/live/huan-qiu-dian-shi.m3u8,网络源,
ç¯çƒç”µè§†,http://utv1.hqtvzb.com:9999/hls/world.m3u8,网络源,
ä¸­å¤©æ–°é—»,http://nmk.ioapk.com:5050/4gtv-4gtv009/index.m3u8?proxy=true,网络源,
ä¸­å¤©æ–°é—»,http://222.128.55.152:9080/live/fc.m3u8,网络源,
ä¸­å¤©æ–°é—»,http://cdn.iptv8k.top/dl/jspd.php?id=1,网络源,
ä¸­å¤©æ–°é—»,http://flv3948069e.live.126.net/live/dabadqdszbtest78612.flv,网络源,
ä¸­å¤©æ–°é—»,http://bxtv.3a.ink/api.php?id=ztxw,网络源,
ä¸­å¤©å¨±ä¹,http://61.221.215.25:8800/hls/47/index.m3u8,网络源,
ä¸­å¤©äºšæ´²,http://fbd48279.ott.oxtvs.com/ott/?q=9222549520c295e029ec6ff9d9f66695&id=5417,网络源,
ä¸­å¤©äºšæ´²,https://tmxk.pp.ua/litv.php?token=tmxk&id=4gtv-4gtv109,网络源,
ä¸­è§†æ–°é—»,https://raw.githubusercontent.com/ChiSheng9/iptv/master/TV09.m3u8,网络源,
ä¸­è§†æ–°é—»,http://nmk.ioapk.com:5050/4gtv-4gtv074/index.m3u8?proxy=true,网络源,
ä¸­è§†æ–°é—»,http://220.135.64.124:5050/of-4gtv-4gtv074/index.m3u8?proxy=true,网络源,
ä¸­è§†æ–°é—»,http://nmk.ioapk.com:5050/of-4gtv-4gtv074/index.m3u8?proxy=true,网络源,
ä¸­è§†èé‡‡,http://nmk.ioapk.com:5050/li-4gtv-4gtv064/index.m3u8?proxy=true,网络源,
ä¸­è§†èé‡‡,https://tmxk.pp.ua/litv.php?token=tmxk&id=4gtv-4gtv064,网络源,
ä¸­è§†ç»å…¸,https://tmxk.pp.ua/litv.php?token=tmxk&id=4gtv-4gtv080,网络源,
ä¸œæ£®ç¾æ´²,https://stream1.freetv.fun/dong-sen-mei-zhou-xin-wen-1.m3u8,网络源,
æ°‘è§†,https://tmxk.pp.ua/litv.php?token=tmxk&id=4gtv-4gtv002,网络源,
æ°‘è§†,https://tmxk.pp.ua/litv.php?token=tmxk&id=4gtv-4gtv155,网络源,
æ°‘è§†å½±å‰§,https://tmxk.pp.ua/litv.php?token=tmxk&id=litv-ftv09,网络源,
æ°‘è§†æ–°é—»,http://38.64.72.148:80/hls/modn/list/4012/chunklist1.m3u8,网络源,
æ°‘è§†æ–°é—»,http://38.64.72.148/hls/modn/list/4012/chunklist1.m3u8,网络源,
æ°‘è§†æ–°é—»,https://t.freetv.fun/live/min-shi-xin-wen-2.m3u8,网络源,
æ°‘è§†æ–°é—»,https://stream1.freetv.fun/min-shi-xin-wen-11.m3u8,网络源,
æ°‘è§†æ–°é—»,https://stream1.freetv.fun/min-shi-xin-wen-18.m3u8,网络源,
æ°‘è§†æ–°é—»,https://stream1.freetv.fun/min-shi-xin-wen-2.m3u8,网络源,
æ°‘è§†æ–°é—»,https://stream1.freetv.fun/min-shi-xin-wen-7.m3u8,网络源,
æ°‘è§†æ–°é—»,https://tmxk.pp.ua/litv.php?token=tmxk&id=litv-ftv13,网络源,
æ°‘è§†å°æ¹¾,https://tmxk.pp.ua/litv.php?token=tmxk&id=4gtv-4gtv001,网络源,
æ°‘è§†å°æ¹¾,https://stream1.freetv.fun/min-shi-tai-wan-6.ctv,网络源,
æ°‘è§†å°æ¹¾,https://stream1.freetv.fun/min-shi-tai-wan-5.ctv,网络源,
æ°‘è§†ç¬¬ä¸€,https://tmxk.pp.ua/litv.php?token=tmxk&id=4gtv-4gtv003,网络源,
æ°‘è§†ç¬¬ä¸€,https://stream1.freetv.fun/min-shi-di-yi-2.ctv,网络源,
æ°‘è§†æ—…æ¸¸,https://tmxk.pp.ua/litv.php?token=tmxk&id=litv-ftv07,网络源,
æ°‘è§†ç»¼è‰º,https://tmxk.pp.ua/litv.php?token=tmxk&id=4gtv-4gtv004,网络源,
æœ‰çº¿æ–°é—»,http://61.10.2.141/live_freedirect/freehd209_h.live/playlist.m3u8,网络源,
æœ‰çº¿æ–°é—»,https://stream1.freetv.fun/you-xian-xin-wen-2.m3u8,网络源,
æœ‰çº¿æ–°é—»,http://61.10.2.141:80/live_freedirect/freehd209_h.live/chunklist.m3u8,网络源,
æœ‰çº¿æ–°é—»,https://stream1.freetv.fun/you-xian-xin-wen-1.m3u8,网络源,
è€€æ‰è´¢ç»,https://v3.mediacast.hk/webcast/bshdlive-pc/playlist.m3u8,网络源,
è€€æ‰è´¢ç»,https://v3.mediacast.hk/webcast/bshdlive-pc/chunklist_w99771165.m3u8,网络源,
å¯°å®‡æ–°é—»,https://stream1.freetv.fun/huan-yu-xin-wen-6.m3u8,网络源,
å¯°å®‡æ–°é—»,https://tmxk.pp.ua/litv.php?token=tmxk&id=litv-longturn14,网络源,
å¯°å®‡æ–°é—»,http://222.128.55.152:9080/live/hy.m3u8,网络源,
å¯°å®‡æ–°é—»,http://nmk.ioapk.com:5050/litv-longturn14/index.m3u8?proxy=true,网络源,
å¯°å®‡æ–°é—»,https://stream1.freetv.fun/huan-yu-xin-wen-4.m3u8,网络源,
å¯°å®‡æ–°é—»,https://stream1.freetv.fun/huan-yu-xin-wen-1.m3u8,网络源,
å¯°å®‡æ–°é—»,https://stream1.freetv.fun/huan-yu-xin-wen-7.m3u8,网络源,
æ¾³äºšå«è§†,https://stream1.freetv.fun/ao-ya-wei-shi-1.ctv,网络源,
æ¾³é—¨è²èŠ±,https://t.freetv.fun/live/ao-men-lian-hua.m3u8,网络源,
æ¾³é—¨è²èŠ±,https://tv.iill.top/mo/lotustv&token=5bff6a3365ed694a693fc78c1d3aa05f304ccf644170a0b0e6dc66b8e11f6ba5,网络源,
æ¾³é—¨è²èŠ±,http://anren.live/HK/BiIOU11uLA.m3u8?zgangd,网络源,
æ¾³é—¨è²èŠ±,https://tv.iill.top/mo/lotustv&token=48647e68dff68838be9995450d03bed19da39b180b8d1b08a21fbc77deed3dde,网络源,
ä¸œæ£®æ–°é—»,http://fbd48279.ott.oxtvs.com/ott/?q=9222549520c295e029ec6ff9d9f66695&id=5410,网络源,
ä¸œæ£®æ–°é—»,https://stream1.freetv.fun/dong-sen-xin-wen-3.ctv,网络源,
ä¸œæ£®æ–°é—»,https://stream1.freetv.fun/dong-sen-xin-wen-1.m3u8,网络源,
ä¸œæ£®æ–°é—»,https://stream1.freetv.fun/dong-sen-xin-wen-5.ctv,网络源,
ä¸œæ£®æ–°é—»,https://stream1.freetv.fun/dong-sen-xin-wen-7.ctv,网络源,
ä¸œæ£®ç»¼åˆ,https://cdn.iptv8k.top/dl/jrys.php?id=221&amp;time=20240926215313&amp;ip=111.229.253.40,网络源,
ä¸œæ£®è¶…è§†,http://38.64.72.148:80/hls/modn/list/2013/chunklist0.m3u8,网络源,
ä¸œæ£®è¶…è§†,https://stream1.freetv.fun/dong-sen-chao-shi-2.ctv,网络源,
ä¸œæ£®è¶…è§†,https://stream1.freetv.fun/dong-sen-chao-shi-6.ctv,网络源,
ä¸œæ£®è¶…è§†,https://stream1.freetv.fun/dong-sen-chao-shi-6.m3u8,网络源,
äºšæ´²æ–°é—»,http://d2e1asnsl7br7b.cloudfront.net/7782e205e72f43aeb4a48ec97f66ebbe/index_4.m3u8,网络源,
åˆ›ä¸–ç”µè§†,http://fbd48279.ott.oxtvs.com/ott/?q=9222549520c295e029ec6ff9d9f66695&id=5178,网络源,
åè§†æ–°é—»,https://stream1.freetv.fun/hua-shi-2.m3u8,网络源,
åè§†æ–°é—»,https://tmxk.pp.ua/litv.php?token=tmxk&id=4gtv-4gtv052,网络源,
åè§†æ–°é—»,https://stream1.freetv.fun/hua-shi-xin-wen-4.m3u8,网络源,
åè§†æ–°é—»,http://fbd48279.ott.oxtvs.com/ott/?q=9222549520c295e029ec6ff9d9f66695&id=5036,网络源,
RTHK32,http://php.jdshipin.com/TVOD/iptv.php?id=rthk32,网络源,
RTHK32,http://php.jdshipin.com:8880/TVOD/iptv.php?id=rthk32,网络源,
CHCå®¶åº­å½±é™¢,http://eastscreen.tv/ooooo.php?id=chcjt,网络源,
CHCå®¶åº­å½±é™¢,https://stream1.freetv.fun/chcjia-ting-ying-yuan-22.m3u8,网络源,
CHCå®¶åº­å½±é™¢,https://stream1.freetv.fun/chcjia-ting-ying-yuan-24.m3u8,网络源,
CHCå®¶åº­å½±é™¢,http://kkk.888.3116598.xyz/api.php?n=tttt&id=inNGdH&tk=FgM0vQMejxvG,网络源,
CHCå®¶åº­å½±é™¢,https://stream1.freetv.fun/chcjia-ting-ying-yuan-13.m3u8,网络源,
CHCå®¶åº­å½±é™¢,https://stream1.freetv.fun/chcjia-ting-ying-yuan-1.m3u8,网络源,
CHCå®¶åº­å½±é™¢,https://stream1.freetv.fun/ipv6-chcjia-ting-ying-yuan-18.m3u8,网络源,
CHCå®¶åº­å½±é™¢,https://stream1.freetv.fun/chcjia-ting-ying-yuan-21.m3u8,网络源,
CHCå®¶åº­å½±é™¢,https://stream1.freetv.fun/chcjia-ting-ying-yuan-5.m3u8,网络源,
CHCå®¶åº­å½±é™¢,https://stream1.freetv.fun/chcjia-ting-ying-yuan-12.m3u8,网络源,
CHCå®¶åº­å½±é™¢,https://stream1.freetv.fun/chc-jia-ting-ying-yuan-1.ctv,网络源,
CHCå®¶åº­å½±é™¢,https://stream1.freetv.fun/chcjia-ting-ying-yuan-3.m3u8,网络源,
CHCå®¶åº­å½±é™¢,https://stream1.freetv.fun/chcjia-ting-ying-yuan-19.ctv,网络源,
CHCå®¶åº­å½±é™¢,https://stream1.freetv.fun/chcjia-ting-ying-yuan-7.m3u8,网络源,
CHCå®¶åº­å½±é™¢,http://kkk.888.3116598.xyz/api.php?n=tttt&id=QwBHMi&tk=FgM0vQMejxvG,网络源,
CHCå®¶åº­å½±é™¢,https://stream1.freetv.fun/chcjia-ting-ying-yuan-10.m3u8,网络源,
CHCå®¶åº­å½±é™¢,https://stream1.freetv.fun/chcjia-ting-ying-yuan-8.m3u8,网络源,
CHCå®¶åº­å½±é™¢,https://stream1.freetv.fun/chcjia-ting-ying-yuan-16.ctv,网络源,
CHCå®¶åº­å½±é™¢,https://stream1.freetv.fun/ipv6-chcjia-ting-ying-yuan-2.m3u8,网络源,
CHCå®¶åº­å½±é™¢,https://stream1.freetv.fun/chcjia-ting-ying-yuan-15.m3u8,网络源,
CHCå®¶åº­å½±é™¢,https://stream1.freetv.fun/chcjia-ting-ying-yuan-20.m3u8,网络源,
CHCå®¶åº­å½±é™¢,https://stream1.freetv.fun/chcjia-ting-ying-yuan-18.ctv,网络源,
CHCå®¶åº­å½±é™¢,https://stream1.freetv.fun/chcjia-ting-ying-yuan-16.m3u8,网络源,
CHCå®¶åº­å½±é™¢,https://stream1.freetv.fun/chcjia-ting-ying-yuan-2.m3u8,网络源,
CHCå®¶åº­å½±é™¢,https://stream1.freetv.fun/chcjia-ting-ying-yuan-4.m3u8,网络源,
CHCå®¶åº­å½±é™¢,https://stream1.freetv.fun/chcjia-ting-ying-yuan-23.m3u8,网络源,
CHCå®¶åº­å½±é™¢,https://stream1.freetv.fun/chcjia-ting-ying-yuan-14.ctv,网络源,
CHCå®¶åº­å½±é™¢,https://stream1.freetv.fun/chcjia-ting-ying-yuan-6.m3u8,网络源,
CHCå®¶åº­å½±é™¢,https://www.freetv.top/migu/644368373.m3u8?migutoken=b9d9d0ba0208e949cf0736455b86290b2d1d2ff4727f523b7117dde6eb883cb4582c5ce1519685e57d54bfb562057c10a00dde58bb674d8600fd2d918b8cb440294e083e7b8f19e0dbcc9250d8,网络源,
CHCå®¶åº­å½±é™¢,http://8.138.7.223/tv/migu3.php?id=chcjtdy,网络源,
CHCå®¶åº­å½±é™¢,https://stream1.freetv.fun/chcjia-ting-ying-yuan-17.ctv,网络源,
CHCå®¶åº­å½±é™¢,https://stream1.freetv.fun/chcjia-ting-ying-yuan-11.ctv,网络源,
CHCå®¶åº­å½±é™¢,https://t.freetv.fun/live/chcjia-ting-ying-yuan.m3u8,网络源,
CHCå®¶åº­å½±é™¢,http://tvbox6.icu/tv/migu.php?id=chcjtdy,网络源,
CHCå®¶åº­å½±é™¢,https://stream1.freetv.fun/chcjia-ting-ying-yuan-12.ctv,网络源,
CHCåŠ¨ä½œç”µå½±,http://ottrrs.hl.chinamobile.com/PLTV/88888888/224/3221225661/index.m3u8,网络源,
CHCåŠ¨ä½œç”µå½±,http://38.75.136.137:98/gslb/dsdqpub/chcdz.m3u8?auth=testpub,网络源,
CHCåŠ¨ä½œç”µå½±,https://iptv.catvod.com/live.php?id=CHC%E5%8A%A8%E4%BD%9C%E7%94%B5%E5%BD%B1,网络源,
CHCåŠ¨ä½œç”µå½±,http://eastscreen.tv/ooooo.php?id=chcdz,网络源,
CHCåŠ¨ä½œç”µå½±,https://stream1.freetv.fun/ipv6-chcdong-zuo-dian-ying-19.m3u8,网络源,
CHCåŠ¨ä½œç”µå½±,https://stream1.freetv.fun/chcdong-zuo-dian-ying-24.ctv,网络源,
CHCåŠ¨ä½œç”µå½±,https://stream1.freetv.fun/chcdong-zuo-dian-ying-27.m3u8,网络源,
CHCåŠ¨ä½œç”µå½±,https://stream1.freetv.fun/chcdong-zuo-dian-ying-4.ctv,网络源,
CHCåŠ¨ä½œç”µå½±,https://stream1.freetv.fun/ipv6-chcdong-zuo-dian-ying-20.m3u8,网络源,
CHCåŠ¨ä½œç”µå½±,https://stream1.freetv.fun/chcdong-zuo-dian-ying-28.m3u8,网络源,
CHCåŠ¨ä½œç”µå½±,https://stream1.freetv.fun/ipv6-chcdong-zuo-dian-ying-24.m3u8,网络源,
CHCåŠ¨ä½œç”µå½±,https://stream1.freetv.fun/chcdong-zuo-dian-ying-12.ctv,网络源,
CHCåŠ¨ä½œç”µå½±,https://stream1.freetv.fun/chcdong-zuo-dian-ying-3.ctv,网络源,
CHCåŠ¨ä½œç”µå½±,https://stream1.freetv.fun/chcdong-zuo-dian-ying-29.m3u8,网络源,
CHCåŠ¨ä½œç”µå½±,https://stream1.freetv.fun/chc-dong-zuo-dian-ying-1.ctv,网络源,
CHCåŠ¨ä½œç”µå½±,https://stream1.freetv.fun/ipv6-chcdong-zuo-dian-ying-18.m3u8,网络源,
CHCåŠ¨ä½œç”µå½±,https://stream1.freetv.fun/chcdong-zuo-dian-ying-25.ctv,网络源,
CHCåŠ¨ä½œç”µå½±,http://kkk.888.3116598.xyz/api.php?n=tttt&id=jC0XZo&tk=FgM0vQMejxvG,网络源,
CHCåŠ¨ä½œç”µå½±,https://stream1.freetv.fun/chcdong-zuo-dian-ying-15.m3u8,网络源,
CHCåŠ¨ä½œç”µå½±,https://stream1.freetv.fun/413df533cc2d866bacdc87729814e66f4cf836c13b12ed783b54345fd012c6c8.m3u8,网络源,
CHCåŠ¨ä½œç”µå½±,https://stream1.freetv.fun/chcdong-zuo-dian-ying-5.ctv,网络源,
CHCåŠ¨ä½œç”µå½±,https://stream1.freetv.fun/chcdong-zuo-dian-ying-19.m3u8,网络源,
CHCåŠ¨ä½œç”µå½±,https://stream1.freetv.fun/chcdong-zuo-dian-ying-16.m3u8,网络源,
CHCåŠ¨ä½œç”µå½±,https://stream1.freetv.fun/chcdong-zuo-gao-qing-1.m3u8,网络源,
CHCåŠ¨ä½œç”µå½±,https://stream1.freetv.fun/chcdong-zuo-dian-ying-18.ctv,网络源,
CHCåŠ¨ä½œç”µå½±,https://stream1.freetv.fun/ipv6-chcdong-zuo-dian-ying-7.m3u8,网络源,
CHCåŠ¨ä½œç”µå½±,http://183.237.95.108:9901/tsfile/live/1006_1.m3u8?key=txiptv&playlive=0&authid=0,网络源,
CHCåŠ¨ä½œç”µå½±,https://stream1.freetv.fun/chcdong-zuo-dian-ying-8.ctv,网络源,
CHCåŠ¨ä½œç”µå½±,https://stream1.freetv.fun/chcdong-zuo-dian-ying-30.m3u8,网络源,
CHCåŠ¨ä½œç”µå½±,https://stream1.freetv.fun/chcdong-zuo-dian-ying-28.ctv,网络源,
CHCåŠ¨ä½œç”µå½±,https://stream1.freetv.fun/chcdong-zuo-dian-ying-16.ctv,网络源,
CHCåŠ¨ä½œç”µå½±,https://www.freetv.top/migu/644368714.m3u8?migutoken=fb9ef80443f06c3612ddd35545ec1054b5bcab3941fc46ecf84808bdd512d7b2cf16d34fdf955bff71bf01f818f6918ba2d7f536dc5451d1519d15cf8a5671bf16ea8a3bbc71db4477476e211d,网络源,
CHCåŠ¨ä½œç”µå½±,http://61.184.46.85:9901/tsfile/live/1024_1.m3u8?key=txiptv&playlive=1&authid=0,网络源,
CHCåŠ¨ä½œç”µå½±,https://stream1.freetv.fun/chcdong-zuo-dian-ying-31.m3u8,网络源,
CHCåŠ¨ä½œç”µå½±,https://stream1.freetv.fun/chcdong-zuo-dian-ying-13.m3u8,网络源,
CHCåŠ¨ä½œç”µå½±,https://stream1.freetv.fun/chcdong-zuo-dian-ying-21.ctv,网络源,
CHCåŠ¨ä½œç”µå½±,https://stream1.freetv.fun/chcdong-zuo-dian-ying-7.m3u8,网络源,
CHCåŠ¨ä½œç”µå½±,https://stream1.freetv.fun/chcdong-zuo-dian-ying-2.m3u8,网络源,
CHCåŠ¨ä½œç”µå½±,https://stream1.freetv.fun/chcdong-zuo-dian-ying-9.m3u8,网络源,
CHCåŠ¨ä½œç”µå½±,https://stream1.freetv.fun/chcdong-zuo-dian-ying-21.m3u8,网络源,
CHCåŠ¨ä½œç”µå½±,https://stream1.freetv.fun/chcdong-zuo-dian-ying-4.m3u8,网络源,
CHCåŠ¨ä½œç”µå½±,https://stream1.freetv.fun/chcdong-zuo-dian-ying-27.ctv,网络源,
CHCåŠ¨ä½œç”µå½±,https://stream1.freetv.fun/chcdong-zuo-dian-ying-14.m3u8,网络源,
CHCåŠ¨ä½œç”µå½±,https://stream1.freetv.fun/chcdong-zuo-dian-ying-32.ctv,网络源,
CHCåŠ¨ä½œç”µå½±,http://8.138.7.223/tv/migu3.php?id=chcdzdy,网络源,
CHCåŠ¨ä½œç”µå½±,https://stream1.freetv.fun/chcdong-zuo-dian-ying-8.m3u8,网络源,
CHCåŠ¨ä½œç”µå½±,https://stream1.freetv.fun/chcdong-zuo-dian-ying-1.ctv,网络源,
CHCåŠ¨ä½œç”µå½±,http://live.nctv.top/huya.php?id=11602077,网络源,
CHCåŠ¨ä½œç”µå½±,https://t.freetv.fun/live/chcdong-zuo-dian-ying.m3u8,网络源,
CHCåŠ¨ä½œç”µå½±,http://tvbox6.icu/tv/migu.php?id=chcdzdy,网络源,
CHCå½±è¿·ç”µå½±,http://38.75.136.137:98/gslb/dsdqpub/chchd.m3u8?auth=testpub,网络源,
CHCå½±è¿·ç”µå½±,https://iptv.catvod.com/live.php?id=CHC%E5%BD%B1%E8%BF%B7%E7%94%B5%E5%BD%B1,网络源,
CHCå½±è¿·ç”µå½±,https://migu.188766.xyz/?migutoken=5bc55e8b7527511f6b5c3d4b93d0ced1&id=CHC%E5%BD%B1%E8%BF%B7%E7%94%B5%E5%BD%B1&type=yy,网络源,
CHCå½±è¿·ç”µå½±,https://migu.188766.xyz/?migutoken=8e5a4a5043891d719ce7f0324da73df9&id=CHC%E5%BD%B1%E8%BF%B7%E7%94%B5%E5%BD%B1&type=yy,网络源,
CHCå½±è¿·ç”µå½±,http://kkk.888.3116598.xyz/api.php?n=tttt&id=cRWOAe&tk=FgM0vQMejxvG,网络源,
CHCå½±è¿·ç”µå½±,http://43.251.226.89:8080/play/223.m3u8,网络源,
CHCå½±è¿·ç”µå½±,http://hlsztemgsplive.miguvideo.com:8080/migu/kailu/chcymdy/51/20250415/index.m3u8?msisdn=20260123040214bd6fca9f38eb4fa388cce489bc8d561d&mdspid=&spid=699004&netType=0&sid=5910022176&pid=2028597139&timestamp=20260123040214&Channel_ID=0116_2600000900-99000-201600010010027&ProgramID=952383261&ParentNodeID=-99&assertID=5910022176&client_ip=218.28.233.106&SecurityKey=20260123040214&promotionId=&mvid=5900006704&mcid=500020&playurlVersion=WX-A1-9.1.1.1-RELEASE&userid=&jmhm=&videocodec=h264&appCode=miguvideo_android&bean=mgspad&tid=android&conFee=0&encrypt=048250ebd98c279dcc6cb02b87d0da2f,网络源,
æ·˜ç”µå½±,http://kkk.888.3116598.xyz/api.php?n=tttt&id=3zGbfB&tk=FgM0vQMejxvG,网络源,
AMCç”µå½±,http://61.221.215.25:8800/hls/43/index.m3u8,网络源,
é–å¤©ç”µå½±,https://tmxk.pp.ua/litv.php?token=tmxk&id=4gtv-4gtv061,网络源,
ä¸œæ£®ç”µå½±,https://stream1.freetv.fun/dong-sen-dian-ying-7.m3u8,网络源,
ä¸œæ£®ç”µå½±,https://stream1.freetv.fun/dong-sen-dian-ying-1.m3u8,网络源,
ä¸œæ£®ç”µå½±,https://stream1.freetv.fun/dong-sen-dian-ying-2.m3u8,网络源,
ä¸œæ£®ç”µå½±,https://stream1.freetv.fun/dong-sen-dian-ying-3.m3u8,网络源,
ä¸œæ£®ç”µå½±,https://stream1.freetv.fun/dong-sen-dian-ying-4.m3u8,网络源,
ä¸œæ£®ç”µå½±,https://tv.iill.top/x/dsdy,网络源,
ä¸œæ£®ç”µå½±,https://stream1.freetv.fun/dong-sen-dian-ying-6.ctv,网络源,
ä¸œæ£®ç”µå½±,https://stream1.freetv.fun/dong-sen-dian-ying-5.m3u8,网络源,
ä¸œæ£®ç”µå½±,https://stream1.freetv.fun/dong-sen-dian-ying-8.m3u8,网络源,
é¾™åç”µå½±,http://cdn8.163189.xyz/163189/lhdy,网络源,
é¾™åç”µå½±,https://cdn8.163189.xyz/live/lhdy/stream.m3u8,网络源,
ç»å…¸ç”µå½±,http://kkk.888.3116598.xyz/api.php?n=tttt&id=BZITeT&tk=FgM0vQMejxvG,网络源,
1905å›½å†…ç”µå½±,http://php.jdshipin.com:8880/1905.php?id=1905dy,网络源,
å‘¨æ˜Ÿæ˜Ÿ,http://live.nctv.top/huya.php?id=11342412,网络源,
å‘¨æ˜Ÿæ˜Ÿ,https://www.goodiptv.club/huya/11342412,网络源,
å‘¨æ˜Ÿé©°,https://live.metshop.top/yy/1382736808,网络源,
æ´ªé‡‘å®,https://t.freetv.fun/live/hong-jin-bao.flv,网络源,
æ´ªé‡‘å®,https://t.freetv.fun/live/hong-jin-bao-1.php,网络源,
è®¸å† è‹±,http://live.nctv.top/huya.php?id=11601972,网络源,
åˆ˜å¾·å,http://live.nctv.top/huya.php?id=11342424,网络源,
åˆ˜å¾·å,https://t.freetv.fun/live/liu-de-hua.m3u8,网络源,
æˆé¾™,http://live.nctv.top/huya.php?id=11342386,网络源,
ç‹æ™¶,http://live.nctv.top/huya.php?id=11602058,网络源,
æ—æ­£è‹±,http://live.nctv.top/huya.php?id=11342421,网络源,
æ°æ£®æ–¯å¦æ£®,http://live.nctv.top/huya.php?id=21059588,网络源,
ç”„å­ä¸¹,http://www.douzhicloud.site:35455/huya/11352935,网络源,
ç”„å­ä¸¹,http://live.nctv.top/huya.php?id=11352935,网络源,
ç”„å­ä¸¹,https://t.freetv.fun/live/zhen-zi-dan-dian-ying-1.php,网络源,
ç”µå½±_é»„æ¸¤,http://live.nctv.top/huya.php?id=11352876,网络源,
ç”µå½±_æ´ªé‡‘å®,http://live.nctv.top/huya.php?id=11279251,网络源,
ç”µå½±_å¼ºæ£®,http://live.nctv.top/huya.php?id=21059581,网络源,
ç”µå½±_æ²ˆè…¾,http://live.nctv.top/huya.php?id=11601968,网络源,
ç”µå½±_æè¿æ°,http://live.nctv.top/huya.php?id=11342390,网络源,
ç”µå½±_æ¢å®¶è¾‰,http://live.nctv.top/huya.php?id=11342429,网络源,
ç”µå½±_æ€ªå…½,http://live.nctv.top/huya.php?id=21059577,网络源,
ç”µå½±_å–œä¹å½±é™¢,http://live.nctv.top/huya.php?id=21059580,网络源,
ç”µå½±_å–œå‰§ä¸“åœº,http://live.nctv.top/huya.php?id=11602044,网络源,
ç”µå½±_æ•‘æ´,http://live.nctv.top/huya.php?id=21059594,网络源,
ç”µå½±_ç„å¹»,http://live.nctv.top/huya.php?id=11342414,网络源,
ç”µå½±_å¤å¢“ç³»åˆ—,http://live.nctv.top/huya.php?id=11352913,网络源,
ç”µå½±_åŠŸå¤«ç‰‡,http://live.nctv.top/huya.php?id=11352941,网络源,
ç”µå½±_ç½ªçŠ¯,http://live.nctv.top/huya.php?id=11352962,网络源,
ç”µå½±_ç›—å¢“,http://live.nctv.top/huya.php?id=21059552,网络源,
ç”µå½±_çŠ¯ç½ªç‰‡,http://live.nctv.top/huya.php?id=11352974,网络源,
ç”µå½±_ä¸æŒ¤å½±é™¢,http://live.nctv.top/huya.php?id=11352897,网络源,
ç”µå½±_æ­¦ä¾,http://live.nctv.top/huya.php?id=11342427,网络源,
ç”µå½±_é»‘å¸®ç‰‡,http://live.nctv.top/huya.php?id=11336719,网络源,
ç”µå½±_ä¸§å°¸ç‰‡,http://live.nctv.top/huya.php?id=21059578,网络源,
ç”µå½±_æˆ˜äº‰ç‰‡,http://live.nctv.top/huya.php?id=21059574,网络源,
ç”µå½±_æç¬‘å–œå‰§,http://live.nctv.top/huya.php?id=11342423,网络源,
ç”µå½±_æç¬‘ææ€–,http://live.nctv.top/huya.php?id=11601960,网络源,
ç”µå½±_æªæˆ˜,http://live.nctv.top/huya.php?id=21059579,网络源,
ç”µå½±_çƒ­è¡€,http://live.nctv.top/huya.php?id=11352934,网络源,
ç”µå½±_ç»å…¸å¥³ç¥,http://live.nctv.top/huya.php?id=11352909,网络源,
ç”µå½±_è°æˆ˜,http://live.nctv.top/huya.php?id=21059585,网络源,
ç”µå½±_è°æˆ˜ç‰‡,http://live.nctv.top/huya.php?id=21059587,网络源,
ç”µå½±_è´ºå²,http://live.nctv.top/huya.php?id=11601971,网络源,
ç”µå½±_è´ºå²ç‰‡,http://live.nctv.top/huya.php?id=11601986,网络源,
ç”µå½±_èµ›è½¦,http://live.nctv.top/huya.php?id=11279247,网络源,
ç”µå½±_æ­»ç¥æ¥äº†,http://live.nctv.top/huya.php?id=11352903,网络源,
ç”µå½±_æ¨è,http://live.nctv.top/huya.php?id=11602041,网络源,
ç”µå½±_èœ˜è››ä¾,http://live.nctv.top/huya.php?id=21059599,网络源,
ç”µå½±_å˜å½¢é‡‘åˆš,http://live.nctv.top/huya.php?id=21059596,网络源,
ç¾éš¾ç‰‡,https://live.metshop.top/huya/11602075,网络源,
é‚µæ°å½±é™¢,https://www.goodiptv.club/douyu/4246519,网络源,
é‚µæ°å½±é™¢,http://live.nctv.top/douyu.php?id=4246519,网络源,
åŠ¨ä½œå½±é™¢,http://kkk.888.3116598.xyz/api.php?n=tttt&id=HNbgwe&tk=FgM0vQMejxvG,网络源,
å–œå‰§å½±é™¢,http://kkk.888.3116598.xyz/api.php?n=tttt&id=aRqMtM&tk=FgM0vQMejxvG,网络源,
ä¸‡åˆå‡ºå“,https://www.goodiptv.club/douyu/9220456,网络源,
ä¸‡åˆå‡ºå“,https://live.ottiptv.cc/douyu/9220456,网络源,
ä¸å‡¤è¡Œ,http://www.douzhicloud.site:35455/huya/26355866,网络源,
ä¸å‡¤è¡Œ,http://live.nctv.top/huya.php?id=26355866,网络源,
ä¸å‡¤è¡Œ,http://159.75.85.63:35455/huya/26355866,网络源,
ä¸å‡¤è¡Œ,http://cfss.cc/cdn/hy/26355866.m3u8,网络源,
çŸ¥å¦çŸ¥å¦,http://www.douzhicloud.site:35455/yy/21881901,网络源,
èŠˆæœˆä¼,http://www.douzhicloud.site:35455/huya/11352975,网络源,
åº†ä½™å¹´,https://live.metshop.top/douyu/5908256,网络源,
åº†ä½™å¹´,http://live.nctv.top/douyu.php?id=7812810,网络源,
åº†ä½™å¹´,http://cfss.cc/cdn/hy/11352960.flv,网络源,
å¼€ç«¯,http://live.nctv.top/huya.php?id=11342397,网络源,
ç¹èŠ±,http://cfss.cc/cdn/hy/21059580.flv,网络源,
ä½ æ˜¯æˆ‘çš„è£è€€,http://live.nctv.top/huya.php?id=11352920,网络源,
å£«å…µçªå‡»,http://live.nctv.top/douyu.php?id=10348728,网络源,
ç‹‚é£™,http://alist.xicp.fun:35455/yy/1355142167,网络源,
ç‹‚é£™,https://live.metshop.top/yy/1355142167,网络源,
å‹‡æ•¢çš„å¿ƒ,http://jiaojirentv.top/2020/yy.php?id=1354744544,网络源,
å‹‡æ•¢çš„å¿ƒ,http://live.nctv.top/huya.php?id=11602037,网络源,
å¤§æ±Ÿå¤§æ²³2,https://live.metshop.top/yy/1382736797,网络源,
ç™½å¤œè¿½å‡¶ç¬¬ä¸€å­£,https://live.metshop.top/yy/1354932359,网络源,
ç™½é¹¿åŸ,http://live.nctv.top/huya.php?id=11342416,网络源,
ç¥é›•ä¾ ä¾£,http://live.nctv.top/huya.php?id=23865171,网络源,
ç¥é›•ä¾ ä¾£,http://live.nctv.top/huya.php?id=11352964,网络源,
ç¥é›•ä¾ ä¾£,http://alist.xicp.fun:35455/yy/1351762426,网络源,
ç¥é›•ä¾ ä¾£,https://live.metshop.top/yy/1351762426,网络源,
ç¥é›•ä¾ ä¾£,https://lunbo.freetv.top/yy/1351762426,网络源,
å€šå¤©å± é¾™è®°,http://www.douzhicloud.site:35455/huya/23734246,网络源,
å€šå¤©å± é¾™è®°,http://live.nctv.top/huya.php?id=23734246,网络源,
å¤©é¾™å…«éƒ¨,http://live.nctv.top/douyu.php?id=7655471,网络源,
å¤©é¾™å…«éƒ¨,http://alist.xicp.fun:35455/yy/1351814644,网络源,
å¤©é¾™å…«éƒ¨,https://live.metshop.top/yy/1351814644,网络源,
ç¬‘å‚²æ±Ÿæ¹–,http://live.nctv.top/huya.php?id=23865142,网络源,
ç¬‘å‚²æ±Ÿæ¹–,https://live.metshop.top/yy/1354930909,网络源,
é¹¿é¼è®°,http://live.nctv.top/douyu.php?id=12128227,网络源,
é¹¿é¼è®°,http://live.nctv.top/huya.php?id=23865080,网络源,
é¹¿é¼è®°,http://alist.xicp.fun:35455/yy/28265277,网络源,
é¹¿é¼è®°,https://live.metshop.top/huya/23865080,网络源,
é¹¿é¼è®°,https://live.metshop.top/yy/28265277,网络源,
é¹¿é¼è®°,https://lunbo.freetv.top/yy/1382736920,网络源,
å¯»ç§¦è®°,http://live.nctv.top/huya.php?id=23864973,网络源,
å¯»ç§¦è®°,http://2.itv.nctv.top:54321/yy/1382749900,网络源,
å¯»ç§¦è®°,http://www.xzbn.site:35455/yy/1382749900,网络源,
å°ç¥æ¦œ,http://alist.xicp.fun:35455/yy/1356043643,网络源,
å°ç¥æ¦œ,https://live.metshop.top/yy/1356043643,网络源,
æ–°ç™½å¨˜å­ä¼ å¥‡,http://alist.xicp.fun:35455/yy/1354490667,网络源,
æ–°ç™½å¨˜å­ä¼ å¥‡,https://live.metshop.top/yy/1354490667,网络源,
é’Ÿé¦—ä¼ è¯´,https://live.metshop.top/yy/1382736839,网络源,
çˆ¶æ¯çˆ±æƒ…,http://live.nctv.top/huya.php?id=11602071,网络源,
çº¢æ¥¼æ¢¦,http://live.nctv.top/huya.php?id=30080221,网络源,
çº¢æ¥¼æ¢¦,http://alist.xicp.fun:35455/yy/1382745084,网络源,
çº¢æ¥¼æ¢¦,https://live.metshop.top/yy/1382745084,网络源,
çº¢æ¥¼æ¢¦,https://lunbo.freetv.top/yy/1382745084,网络源,
ä¸‰å›½æ¼”ä¹‰,http://live.nctv.top/huya.php?id=11602081,网络源,
ä¸‰å›½æ¼”ä¹‰,https://live.metshop.top/yy/1354936241,网络源,
å®°ç›¸åˆ˜ç½—é”…,http://live.nctv.top/douyu.php?id=8543072,网络源,
å®°ç›¸åˆ˜ç½—é”…,http://alist.xicp.fun:35455/yy/1353892468,网络源,
å®°ç›¸åˆ˜ç½—é”…,https://lunbo.freetv.top/yy/1353892468,网络源,
ç¥åŒ»å–œæ¥ä¹,http://alist.xicp.fun:35455/yy/1382714119,网络源,
ç¥åŒ»å–œæ¥ä¹,https://live.metshop.top/yy/1382714119,网络源,
ç¥åŒ»å–œæ¥ä¹,https://lunbo.freetv.top/yy/1382714119,网络源,
ä¼ªè£…è€…,http://alist.xicp.fun:35455/yy/1382851593,网络源,
ä¼ªè£…è€…,https://lunbo.freetv.top/yy/1382851593,网络源,
é›æ­£ç‹æœ,http://live.nctv.top/douyu.php?id=6911044,网络源,
é›æ­£ç‹æœ,http://cfss.cc/cdn/hy/11342439.flv,网络源,
é›æ­£ç‹æœ,http://alist.xicp.fun:35455/yy/1356043620,网络源,
é›æ­£ç‹æœ,https://live.metshop.top/huya/11342439,网络源,
é›æ­£ç‹æœ,http://cfss.cc/cdn/hy/11342439.m3u8,网络源,
éš‹å”è‹±é›„ä¼,http://alist.xicp.fun:35455/yy/1352475619,网络源,
éš‹å”è‹±é›„ä¼,https://live.metshop.top/yy/1352475619,网络源,
å®«å¿ƒè®¡,http://2.itv.nctv.top:54321/yy/1354933540,网络源,
å®«å¿ƒè®¡,http://www.xzbn.site:35455/yy/1354933540,网络源,
å®«å¿ƒè®¡,http://alist.xicp.fun:35455/yy/1354933540,网络源,
å®«å¿ƒè®¡,http://43.138.170.29:35455/yy/1354933540,网络源,
ä¸Šæµ·æ»©,https://live.metshop.top/yy/1382745184,网络源,
å¤§æ—¶ä»£,https://live.metshop.top/yy/1354930891,网络源,
å¤§æ—¶ä»£,https://lunbo.freetv.top/yy/1354930891,网络源,
å¤§æ—¶ä»£,http://live.nctv.top/huya.php?id=23865161,网络源,
å¤§æ—¶ä»£,http://cfss.cc/cdn/hy/23865161.flv,网络源,
æ³•è¯å…ˆé”‹,http://live.nctv.top/huya.php?id=23863804,网络源,
é™€æªå¸ˆå§,http://live.nctv.top/huya.php?id=23860039,网络源,
é™€æªå¸ˆå§,http://live.nctv.top/huya.php?id=29465855,网络源,
é™€æªå¸ˆå§,http://www.douzhicloud.site:35455/huya/29465857,网络源,
é™€æªå¸ˆå§,http://cfss.cc/cdn/hy/23860039.flv,网络源,
é£è™ä¹‹æ½œè¡Œææˆ˜,https://live.metshop.top/yy/1354932420,网络源,
çŒç¯®é«˜æ‰‹,http://www.douzhicloud.site:35455/yy/1382735626,网络源,
æ­£é˜³é—¨ä¸‹,http://alist.xicp.fun:35455/yy/1354931580,网络源,
æ­£é˜³é—¨ä¸‹,https://live.metshop.top/yy/1354931580,网络源,
æµå…¬æ¸¸è®°,http://alist.xicp.fun:35455/yy/1355265814,网络源,
æ³•è¯å…ˆé”‹â…¢,http://cfss.cc/cdn/hy/23863804.flv,网络源,
æƒ…æ»¡å››åˆé™¢,http://live.nctv.top/huya.php?id=11342426,网络源,
åº·ç†™ç‹æœ,http://live.nctv.top/huya.php?id=11352940,网络源,
åº·ç†™ç‹æœ,https://live.metshop.top/yy/1382736818,网络源,
åº·ç†™ç‹æœ,http://cfss.cc/cdn/hy/11352940.flv,网络源,
çˆ±æƒ…å…¬å¯“,https://live.metshop.top/douyu/2838296,网络源,
çºªæ™“å²š,https://live.metshop.top/huya/11342396,网络源,
çºªæ™“å²š,http://alist.xicp.fun:35455/yy/1382781415,网络源,
çºªæ™“å²š,https://live.metshop.top/yy/1382781415,网络源,
ç»å…¸å°å“,https://live.ottiptv.cc/douyu/9067836,网络源,
è´¾ç²å°å“,https://www.goodiptv.club/douyu/10419541,网络源,
å®‹å°å®å°å“,https://www.goodiptv.club/douyu/9817729,网络源,
å¼€å¿ƒéº»èŠ±å°å“,https://www.goodiptv.club/douyu/10153463,网络源,
èµµæœ¬å±±å°å“,https://www.goodiptv.club/douyu/9817716,网络源,
èµµæœ¬å±±å°å“,http://jiaojirentv.top/2020/yy.php?id=1354936217,网络源,
èµµæœ¬å±±å°å“,https://live.ottiptv.cc/douyu/9817716,网络源,
è®¸å›èªå°å“,https://www.goodiptv.club/douyu/10419558,网络源,
NewTVè¶…çº§ä½“è‚²,http://ottrrs.hl.chinamobile.com/PLTV/88888888/224/3221225715/index.m3u8,网络源,
NewTVè¶…çº§ç”µå½±,http://ottrrs.hl.chinamobile.com/PLTV/88888888/224/3221225717/index.m3u8,网络源,
NewTVè¶…çº§ç”µè§†å‰§,http://ottrrs.hl.chinamobile.com/PLTV/88888888/224/3221225716/index.m3u8,网络源,
NewTVä¸œåŒ—çƒ­å‰§,http://ottrrs.hl.chinamobile.com/PLTV/88888888/224/3221225741/index.m3u8,网络源,
NewTVæ¬¢ä¹å‰§åœº,http://ottrrs.hl.chinamobile.com/PLTV/88888888/224/3221225742/index.m3u8,网络源,
NewTVæµ·å¤–å‰§åœº,http://ottrrs.hl.chinamobile.com/PLTV/88888888/224/3221225671/index.m3u8,网络源,
NewTVçºªå®ç§‘æ•™,http://ottrrs.hl.chinamobile.com/PLTV/88888888/224/3221225729/index.m3u8,网络源,
NewTVçºªå®ç§‘æ•™,http://120.76.248.139/live/bfgd/4200000113.m3u8,网络源,
NewTVå¤è£…å‰§åœº,http://ottrrs.hl.chinamobile.com/PLTV/88888888/224/3221225663/index.m3u8,网络源,
NewTVå¤è£…å‰§åœº,http://kkk.888.3116598.xyz/api.php?n=tttt&id=tpn6wv&tk=FgM0vQMejxvG,网络源,
NewTVå¥åº·æœ‰çº¦,http://ottrrs.hl.chinamobile.com/PLTV/88888888/224/3221225673/index.m3u8,网络源,
NewTVç‚«èˆæœªæ¥,http://ottrrs.hl.chinamobile.com/PLTV/88888888/224/3221225719/index.m3u8,网络源,
NewTVä¸­å›½åŠŸå¤«,http://ottrrs.hl.chinamobile.com/PLTV/88888888/224/3221225681/index.m3u8,网络源,
NewTVå†›äº‹è¯„è®º,http://ottrrs.hl.chinamobile.com/PLTV/88888888/224/3221225668/index.m3u8,网络源,
NewTVå†›æ—…å‰§åœº,http://ottrrs.hl.chinamobile.com/PLTV/88888888/224/3221225676/index.m3u8,网络源,
NewTVå†›æ—…å‰§åœº,http://kkk.888.3116598.xyz/api.php?n=tttt&id=0Ef35E&tk=FgM0vQMejxvG,网络源,
NewTVå†œä¸šè‡´å¯Œ,http://ottrrs.hl.chinamobile.com/PLTV/88888888/224/3221225683/index.m3u8,网络源,
NewTVå®¶åº­å‰§åœº,http://ottrrs.hl.chinamobile.com/PLTV/88888888/224/3221225677/index.m3u8,网络源,
NewTVæ˜æ˜Ÿå¤§ç‰‡,http://ottrrs.hl.chinamobile.com/PLTV/88888888/224/3221225664/index.m3u8,网络源,
