频道名,地址,来源,图标,检测时间,分组,视频信息
ä¸œå—å«è§†,https://shyd.695847.xyz/cms001/ch00000090990000001201/index.m3u8?IASHttpSessionId=RR4967720251014100028031761&ispcode=12,网络源,,0.727,未分组,
æ·±åœ³å«è§†,https://shyd.695847.xyz/cms001/ch00000090990000001030/index.m3u8?IASHttpSessionId=RR4967720251014100028031761&ispcode=12,网络源,,0.723,未分组,
åŒ—äº¬å«è§†,https://stream1.freetv.fun/bei-jing-wei-shi-57.m3u8,网络源,,1.857,未分组,
æ±Ÿè‹å«è§†,https://stream1.freetv.fun/jiang-su-wei-shi-8.ctv,网络源,,1.876,未分组,
æ·±åœ³å«è§†,https://stream1.freetv.fun/shen-zhen-wei-shi-78.m3u8,网络源,,2.127,未分组,
æ±Ÿè‹å«è§†,https://stream1.freetv.fun/jiang-su-wei-shi-59.m3u8,网络源,,2.314,未分组,
å®‰å¾½å«è§†,http://222.169.85.8:9901/tsfile/live/0130_1.m3u8,网络源,,2.825,未分组,
æµ·å—å«è§†,http://36.32.174.67:60080/newlive/live/hls/46/live.m3u8,网络源,,2.630,未分组,
ä¸œæ–¹å«è§†,https://stream1.freetv.fun/dong-fang-wei-shi-45.ctv,网络源,,4.671,未分组,
ä¸œæ–¹å«è§†,http://183.215.134.239:19901/tsfile/live/0107_1.m3u8?key=txiptv&playlive=1&authid=0,网络源,,3.639,未分组,
å››å·å«è§†,http://116.128.242.83:9901/tsfile/live/1007_1.m3u8?key=txiptv&playlive=1&authid=0,网络源,,3.730,未分组,
æµ™æ±Ÿå«è§†,https://stream1.freetv.fun/zhe-jiang-wei-shi-3.ctv,网络源,,3.830,未分组,
æ·±åœ³å«è§†,http://116.128.242.83:9901/tsfile/live/1006_1.m3u8?key=txiptv&playlive=1&authid=0,网络源,,6.368,未分组,
æ·±åœ³å«è§†,https://stream1.freetv.fun/shen-zhen-wei-shi-5.m3u8,网络源,,1.430,未分组,
å‰æ—å«è§†,https://stream1.freetv.fun/ji-lin-wei-shi-66.m3u8,网络源,,2.262,未分组,
å®å¤å«è§†,https://stream1.freetv.fun/zhu-xia-wei-shi-59.m3u8,网络源,,3.401,未分组,
æµ™æ±Ÿå«è§†,https://ali-m-l.cztv.com/channels/lantian/channel001/1080p.m3u8?,网络源,,4.375,未分组,
ä¸œå—å«è§†,https://stream1.freetv.fun/dong-nan-wei-shi-38.m3u8,网络源,,8.483,未分组,
å¤©æ´¥å«è§†,https://stream1.freetv.fun/b174433fa74b990a5146d8f6ee46307b62bde3e61df3a44eb8aaa649af3cc6fd.m3u8,网络源,,0.693,未分组,
å¤©æ´¥å«è§†,http://116.128.242.83:9901/tsfile/live/1008_1.m3u8?key=txiptv&playlive=1&authid=0,网络源,,6.124,未分组,
åŒ—äº¬å«è§†,https://stream1.freetv.fun/bei-jing-wei-shi-85.m3u8,网络源,,0.668,未分组,
å®‰å¾½å«è§†,http://sh.lnott.top:880/dx34.m3u8,网络源,,3.847,未分组,
å®å¤å«è§†,https://stream1.freetv.fun/zhu-xia-wei-shi-21.m3u8,网络源,,3.813,未分组,
å‰æ—å«è§†,https://migu.188766.xyz/?migutoken=66a4f944dd7107dc27ddb05b69928389&id=%E5%90%89%E6%9E%97%E5%8D%AB%E8%A7%86&type=yy,网络源,,0.833,未分组,
ä¸œå—å«è§†,http://61.184.46.85:9901/tsfile/live/1019_1.m3u8?key=txiptv&playlive=1&authid=0,网络源,,7.149,未分组,
å®å¤å«è§†,https://stream1.freetv.fun/zhu-xia-wei-shi-22.m3u8,网络源,,5.750,未分组,
æ·±åœ³å«è§†,http://113.26.202.52:1299/tsfile/live/0126_1.m3u8,网络源,,2.507,未分组,
ä¸œæ–¹å«è§†,https://stream1.freetv.fun/dong-fang-wei-shi-52.m3u8,网络源,,11.175,未分组,
æµ·å—å«è§†,https://migu.188766.xyz/?migutoken=ec14ccc1b565431647d1a2c3dddf020e&id=hn_hnws&type=sz,网络源,,10.858,未分组,
å¤©æ´¥å«è§†,https://stream1.freetv.fun/ce7dc064a1aba74e5cd30069e9b8c51e958bb5e4e6804b5070d1ce3e76ab7226.m3u8,网络源,,2.108,未分组,
æµ™æ±Ÿå«è§†,http://ali-vl.cztv.com/channels/lantian/channel001/360p.m3u8?a=1000&amp;d=d396e340de48108a9576134d5b090354&amp;k=60ede3db45d8640ab1db2b9f0dfa7549&amp;t=1671539989,网络源,,3.145,未分组,
æ±Ÿè‹å«è§†,https://epg.pw/stream/3c400e138a465843c4649277da9e6ae4b996405d5c3421d1009bed70012d3b24.m3u8,网络源,,2.417,未分组,
æ·±åœ³å«è§†,https://stream1.freetv.fun/shen-zhen-wei-shi-58.m3u8,网络源,,5.042,未分组,
å®‰å¾½å«è§†,https://stream1.freetv.fun/an-hui-wei-shi-94.m3u8,网络源,,19.687,未分组,
æ±Ÿè‹å«è§†,https://migu.188766.xyz/?migutoken=3c18c17d7e7e9eb61e1825e6a6ee42a6&id=%E6%B1%9F%E8%8B%8F%E5%8D%AB%E8%A7%86&type=yy,网络源,,3.895,未分组,
æµ·å—å«è§†,https://stream1.freetv.fun/hai-nan-wei-shi-21.m3u8,网络源,,8.328,未分组,
å››å·å«è§†,http://112.27.235.94:8000/hls/35/index.m3u8,网络源,,3.191,未分组,
ä¸œæ–¹å«è§†,https://stream1.freetv.fun/dong-fang-wei-shi-106.m3u8,网络源,,1.491,未分组,
åŒ—äº¬å«è§†,http://omnix.cn:4000/udp/225.1.8.21:8002,网络源,,5.953,未分组,
å®‰å¾½å«è§†,https://stream1.freetv.fun/ipv6-an-hui-wei-shi-22.m3u8,网络源,,1.449,未分组,
åŒ—äº¬å«è§†,https://stream1.freetv.fun/bei-jing-wei-shi-38.ctv,网络源,,3.736,未分组,
åŒ—äº¬å«è§†,http://112.27.235.94:8000/hls/27/index.m3u8,网络源,,2.632,未分组,
æ·±åœ³å«è§†,https://stream1.freetv.fun/shen-zhen-wei-shi-7.ctv,网络源,,1.456,未分组,
å¦é—¨å«è§†,https://stream1.freetv.fun/5da2a85177dcd23a50c3ab9e4cab815050b93d08339747a724575bceef3143bb.m3u8,网络源,,2.009,未分组,
å®‰å¾½å«è§†,http://www.cdnstv.com:6398/hls/1127/index.m3u8,网络源,,8.167,未分组,
ä¸œæ–¹å«è§†,http://39.164.160.249:9901/tsfile/live/0107_1.m3u8,网络源,,4.871,未分组,
å››å·å«è§†,https://stream1.freetv.fun/si-chuan-wei-shi-88.ctv,网络源,,1.452,未分组,
æ·±åœ³å«è§†,http://116.128.242.83:9901/tsfile/live/1006_1.m3u8,网络源,,5.347,未分组,
å››å·å«è§†,https://stream1.freetv.fun/si-chuan-wei-shi-46.ctv,网络源,,3.266,未分组,
ä¸œæ–¹å«è§†,http://111.61.236.247:9081/hls/40/index.m3u8,网络源,,10.258,未分组,
å››å·å«è§†,http://218.17.33.178:53290/tsfile/live/0123_1.m3u8?key=txiptv,网络源,,2.084,未分组,
æµ™æ±Ÿå«è§†,https://stream1.freetv.fun/zhe-jiang-wei-shi-1.ctv,网络源,,1.456,未分组,
æµ·å—å«è§†,https://migu.188766.xyz/?migutoken=6c51317a062074660234f2d2ebcf04eb&id=%E6%B5%B7%E5%8D%97%E5%8D%AB%E8%A7%86&type=yy,网络源,,2.990,未分组,
å››å·å«è§†,http://www.cdnstv.com:6398/hls/1135/index.m3u8,网络源,,11.184,未分组,
å››å·å«è§†,https://stream1.freetv.fun/si-chuan-wei-shi-51.m3u8,网络源,,8.747,未分组,
åŒ—äº¬å«è§†,http://183.215.134.239:19901/tsfile/live/0122_1.m3u8?key=txiptv&playlive=1&authid=0,网络源,,5.086,未分组,
æ±Ÿè‹å«è§†,http://222.169.85.8:9901/tsfile/live/0127_1.m3u8,网络源,,2.371,未分组,
å››å·å«è§†,http://222.169.85.8:9901/tsfile/live/0123_1.m3u8,网络源,,2.587,未分组,
æ±Ÿè‹å«è§†,http://223.241.247.214:9901/tsfile/live/1008_1.m3u8,网络源,,9.619,未分组,
æµ·å—å«è§†,https://stream1.freetv.fun/hai-nan-wei-shi-40.m3u8,网络源,,13.440,未分组,
åŒ—äº¬å«è§†,https://stream1.freetv.fun/bei-jing-wei-shi-44.m3u8,网络源,,1.453,未分组,
ä¸œå—å«è§†,http://sh.lnott.top:880/dx47.m3u8,网络源,,3.149,未分组,
æµ·å—å«è§†,http://sh.lnott.top:880/dx58.m3u8,网络源,,3.345,未分组,
æµ™æ±Ÿå«è§†,https://stream1.freetv.fun/zhe-jiang-wei-shi-68.ctv,网络源,,3.285,未分组,
å¤©æ´¥å«è§†,http://124.116.183.146:9901/tsfile/live/0135_1.m3u8,网络源,,4.977,未分组,
å¤©æ´¥å«è§†,http://111.221.137.155:44330/tsfile/live/0132_2.m3u8?key=txiptv,网络源,,2.109,未分组,
ä¸œæ–¹å«è§†,http://116.128.242.83:9901/tsfile/live/0118_1.m3u8,网络源,,11.254,未分组,
æµ·å—å«è§†,http://cssbyd.imwork.net:8082/hls/31/index.m3u8,网络源,,7.790,未分组,
æ·±åœ³å«è§†,https://stream1.freetv.fun/shen-zhen-wei-shi-66.m3u8,网络源,,3.865,未分组,
å››å·å«è§†,https://stream1.freetv.fun/si-chuan-wei-shi-58.m3u8,网络源,,1.633,未分组,
ä¸œæ–¹å«è§†,http://36.32.174.67:60080/newlive/live/hls/24/live.m3u8,网络源,,4.832,未分组,
æ·±åœ³å«è§†,http://drive.mxmy.net:8888/udp/239.3.1.134:8020,网络源,,5.712,未分组,
æ±Ÿè‹å«è§†,https://stream1.freetv.fun/jiang-su-wei-shi-69.m3u8,网络源,,1.519,未分组,
æµ™æ±Ÿå«è§†,https://stream1.freetv.fun/zhe-jiang-wei-shi-8.ctv,网络源,,1.466,未分组,
æ·±åœ³å«è§†,http://223.241.247.214:9901/tsfile/live/1012_1.m3u8,网络源,,2.361,未分组,
å®å¤å«è§†,https://stream1.freetv.fun/63dad6a604b26db1cefabe6841934350b6b8a6738afb06227e878afe88b596ed.m3u8,网络源,,3.834,未分组,
æ±Ÿè‹å«è§†,http://116.128.242.83:9901/tsfile/live/0113_1.m3u8,网络源,,4.256,未分组,
æ±Ÿè‹å«è§†,https://stream1.freetv.fun/jiang-su-wei-shi-79.m3u8,网络源,,2.937,未分组,
æ·±åœ³å«è§†,http://124.116.183.146:9901/tsfile/live/0126_1.m3u8,网络源,,3.506,未分组,
æµ™æ±Ÿå«è§†,https://stream1.freetv.fun/zhe-jiang-wei-shi-38.ctv,网络源,,3.479,未分组,
å®‰å¾½å«è§†,http://223.241.247.214:85//tsfile/live/0019_1.m3u8?key=txiptv&playlive=1&authid=0,网络源,,4.502,未分组,
æ±Ÿè‹å«è§†,http://112.27.235.94:8000/hls/32/index.m3u8,网络源,,2.071,未分组,
ä¸œæ–¹å«è§†,http://218.3.138.25:1111/tsfile/live/1020_1.m3u8?key=txiptv&playlive=1&authid=0,网络源,,11.425,未分组,
æµ™æ±Ÿå«è§†,http://sh.lnott.top:880/dx32.m3u8,网络源,,3.013,未分组,
æ·±åœ³å«è§†,http://153.0.171.163:9901/tsfile/live/0126_1.m3u8?key=txiptv&playlive=1&authid=0,网络源,,10.342,未分组,
å¤©æ´¥å«è§†,http://222.169.85.8:9901/tsfile/live/0135_1.m3u8,网络源,,2.433,未分组,
æ·±åœ³å«è§†,https://stream1.freetv.fun/shen-zhen-wei-shi-97.m3u8,网络源,,0.670,未分组,
å®å¤å«è§†,https://stream1.freetv.fun/bbdd34baf660b2abd7cd2ec65254ab66906d26a7958a0c249bb9f7eaac1b051a.m3u8,网络源,,3.591,未分组,
ä¸œæ–¹å«è§†,https://stream1.freetv.fun/dong-fang-wei-shi-77.m3u8,网络源,,2.287,未分组,
å››å·å«è§†,http://183.222.242.31:8088/hls/17/index.m3u8,网络源,,7.073,未分组,
ä¸œæ–¹å«è§†,http://sh.lnott.top:880/dx35.m3u8,网络源,,2.718,未分组,
ä¸œæ–¹å«è§†,https://migu.188766.xyz/?migutoken=156547d8c1c7bb7bb2a87e3c448fe215&id=%E4%B8%9C%E6%96%B9%E5%8D%AB%E8%A7%86&type=yy,网络源,,0.856,未分组,
æ·±åœ³å«è§†,http://222.169.85.8:9901/tsfile/live/0126_1.m3u8,网络源,,5.779,未分组,
åŒ—äº¬å«è§†,https://stream1.freetv.fun/bei-jing-wei-shi-78.m3u8,网络源,,1.459,未分组,
å¦é—¨å«è§†,http://60.174.40.117:85/tsfile/live/0129_1.m3u8?key=txiptv,网络源,,3.724,未分组,
æ±Ÿè‹å«è§†,http://61.184.46.85:9901/tsfile/live/1005_1.m3u8?key=txiptv&playlive=1&authid=0,网络源,,7.317,未分组,
åŒ—äº¬å«è§†,http://222.169.85.8:9901/tsfile/live/0017_1.m3u8,网络源,,3.403,未分组,
æ·±åœ³å«è§†,http://183.215.134.239:19901/tsfile/live/0126_1.m3u8?key=txiptv&playlive=1&authid=0,网络源,,4.719,未分组,
å—æ–¹å«è§†,http://111.221.137.155:44330/tsfile/live/1002_1.m3u8?key=txiptv,网络源,,1.882,未分组,
åŒ—äº¬å«è§†,https://stream1.freetv.fun/bei-jing-wei-shi-40.m3u8,网络源,,3.860,未分组,
æµ·å—å«è§†,https://stream1.freetv.fun/hai-nan-wei-shi-72.ctv,网络源,,3.090,未分组,
ä¸œå—å«è§†,http://112.27.235.94:8000/hls/38/index.m3u8,网络源,,3.884,未分组,
æ±Ÿè‹å«è§†,http://www.cdnstv.com:6398/hls/1123/index.m3u8,网络源,,9.965,未分组,
æµ™æ±Ÿå«è§†,http://8.138.7.223/tv/zjws.m3u8,网络源,,4.060,未分组,
åŒ—äº¬å«è§†,https://stream1.freetv.fun/bei-jing-wei-shi-25.m3u8,网络源,,1.143,未分组,
æ·±åœ³å«è§†,https://stream1.freetv.fun/shen-zhen-wei-shi-60.ctv,网络源,,1.454,未分组,
æµ™æ±Ÿå«è§†,http://cssbyd.imwork.net:8082/hls/22/index.m3u8,网络源,,17.138,未分组,
å‰æ—å«è§†,https://stream1.freetv.fun/ji-lin-wei-shi-62.ctv,网络源,,5.640,未分组,
ä¸œå—å«è§†,https://stream1.freetv.fun/dong-nan-wei-shi-44.m3u8,网络源,,1.040,未分组,
åŒ—äº¬å«è§†,http://116.128.242.83:9901/tsfile/live/0126_1.m3u8,网络源,,3.673,未分组,
å‰æ—å«è§†,https://shyd.695847.xyz/cms001/ch00000090990000001225/index.m3u8?IASHttpSessionId=RR4967720251014100028031761&ispcode=12,网络源,,0.265,未分组,
å‰æ—å«è§†,http://36.32.174.67:60080/newlive/live/hls/40/live.m3u8,网络源,,3.080,未分组,
å®å¤å«è§†,https://stream1.freetv.fun/dac6bde8d0f89b3735cff3def0b505cb115db5d885ade8c0bfadd8712312dd5e.m3u8,网络源,,6.544,未分组,
å®‰å¾½å«è§†,http://112.27.235.94:8000/hls/26/index.m3u8,网络源,,14.490,未分组,
ä¸œæ–¹å«è§†,https://www.freetv.top/migu/651632648.m3u8?migutoken=d403039fa45cf7d529b6d60f2013bb301f0c8307f8963a33f46435ff086b28e4099cb523a6a3363b17a4f74b52c83d12b497292d07e7233384e97ebf993f7c940ec7fe4f5f2190f2a21e419ac9,网络源,,0.915,未分组,
åŒ—äº¬å«è§†,http://218.3.138.25:1111/tsfile/live/1021_1.m3u8?key=txiptv&playlive=1&authid=0,网络源,,17.417,未分组,
ä¸œæ–¹å«è§†,https://stream1.freetv.fun/dong-fang-wei-shi-86.m3u8,网络源,,1.449,未分组,
ä¸œæ–¹å«è§†,http://112.46.85.60:8009/hls/31/index.m3u8,网络源,,12.287,未分组,
æ·±åœ³å«è§†,http://www.cdnstv.com:6398/hls/1134/index.m3u8,网络源,,15.249,未分组,
ä¸œæ–¹å«è§†,http://z.b.bkpcp.top/m.php?id=dfws,网络源,,4.831,未分组,
ä¸œå—å«è§†,https://stream1.freetv.fun/ece9b040569e5766b592af0a4b6fa356e04d0a806973f7e105db06a44c8f58be.m3u8,网络源,,5.828,未分组,
æµ™æ±Ÿå«è§†,https://stream1.freetv.fun/zhe-jiang-wei-shi-94.m3u8,网络源,,1.516,未分组,
å®‰å¾½å«è§†,http://223.241.247.214:9901/tsfile/live/0019_1.m3u8,网络源,,3.649,未分组,
ä¸œæ–¹å«è§†,http://113.25.252.226:9901/tsfile/live/1020_1.m3u8?key=txiptv&playlive=1&authid=0,网络源,,3.495,未分组,
å®‰å¾½å«è§†,http://223.241.247.214:9901/tsfile/live/0019_1.m3u8?key=txiptv&playlive=1&authid=0,网络源,,4.617,未分组,
ä¸œæ–¹å«è§†,https://stream1.freetv.fun/dong-fang-wei-shi-65.ctv,网络源,,5.054,未分组,
ä¸œå—å«è§†,http://219.145.59.166:8888/tsfile/live/1040_1.m3u8?key=txiptv&playlive=1&authid=0,网络源,,2.480,未分组,
åŒ—äº¬å«è§†,http://116.128.242.83:9901/tsfile/live/0126_1.m3u8?key=txiptv&playlive=1&authid=0,网络源,,3.782,未分组,
æ·±åœ³å«è§†,http://111.221.137.155:44330/tsfile/live/1013_1.m3u8?key=txiptv,网络源,,1.570,未分组,
æµ·å—å«è§†,https://stream1.freetv.fun/c2050143891ad65886901531fce3a60bd082cf1d043bd0e8cdbef961ee74657e.m3u8,网络源,,1.669,未分组,
æµ·å—å«è§†,https://shyd.695847.xyz/cms001/ch00000090990000001183/index.m3u8?IAS,网络源,,1.315,未分组,
æ±Ÿè‹å«è§†,http://116.128.242.83:9901/tsfile/live/0113_1.m3u8?key=txiptv&playlive=1&authid=0,网络源,,11.564,未分组,
ä¸œå—å«è§†,http://153.0.171.163:9901/tsfile/live/0137_1.m3u8?key=txiptv&playlive=1&authid=0,网络源,,7.677,未分组,
æµ™æ±Ÿå«è§†,https://stream1.freetv.fun/zhe-jiang-wei-shi-84.ctv,网络源,,3.517,未分组,
æ±Ÿè‹å«è§†,http://111.221.137.155:44330/tsfile/live/0135_1.m3u8?key=txiptv,网络源,,1.627,未分组,
æ·±åœ³å«è§†,https://stream1.freetv.fun/shen-zhen-wei-shi-63.m3u8,网络源,,1.444,未分组,
åŒ—äº¬å«è§†,http://39.164.160.249:9901/tsfile/live/0122_1.m3u8,网络源,,4.507,未分组,
å®‰å¾½å«è§†,https://stream1.freetv.fun/5b4822a5ec2db203657ad69a37c8ee684490003ec64dfd80eb0c8074110f60e2.m3u8,网络源,,3.833,未分组,
ä¸œå—å«è§†,http://36.32.174.67:60080/newlive/live/hls/33/live.m3u8,网络源,,5.582,未分组,
ä¸œæ–¹å«è§†,http://116.128.242.83:9901/tsfile/live/0118_1.m3u8?key=txiptv&playlive=1&authid=0,网络源,,9.555,未分组,
æ±Ÿè‹å«è§†,http://39.164.160.249:9901/tsfile/live/0127_1.m3u8,网络源,,5.091,未分组,
æµ·å—å«è§†,https://migu.188766.xyz/?migutoken=7da03a150800966ddb9607efc7102d89&id=hn_hnws&type=sz,网络源,,0.823,未分组,
ä¸œæ–¹å«è§†,http://124.116.183.146:9901/tsfile/live/0107_1.m3u8,网络源,,9.999,未分组,
æµ™æ±Ÿå«è§†,https://stream1.freetv.fun/zhe-jiang-wei-shi-50.ctv,网络源,,2.597,未分组,
ä¸œæ–¹å«è§†,http://60.174.40.117:85/tsfile/live/1026_1.m3u8?key=txiptv,网络源,,9.334,未分组,
ä¸œå—å«è§†,https://www.freetv.top/migu/849116810.m3u8?migutoken=57b23005d895a6cd3e15ca214fe62e9cf83a69badc0ce3b833b22fe7eefbfc38e185d5f9539eca0a9cfebc7fd19dbe2b49cc2146019b049ffb948722d504a126278700ecc8a776cc6e8d23507a,网络源,,0.971,未分组,
æ±Ÿè‹å«è§†,https://epg.pw/stream/8803542d7a49d90fc141b3373ac76d8caca473c22cd4e19370f290989600b03f.m3u8,网络源,,3.888,未分组,
å¤©æ´¥å«è§†,http://drive.mxmy.net:8888/udp/239.3.1.141:1234,网络源,,19.898,未分组,
æµ™æ±Ÿå«è§†,https://stream1.freetv.fun/zhe-jiang-wei-shi-82.m3u8,网络源,,1.453,未分组,
æµ·å—å«è§†,https://www.freetv.top/migu/947472502.m3u8?migutoken=7837384e48fd26a97f31b5166b88580720ebc21f5e10f392561f571058dda831b33433f9113b41fa03dff482db5244ae83df7b277e82cf7a4651045d113b16c3733999e3c4428166e0995051a4,网络源,,0.640,未分组,
å››å·å«è§†,https://stream1.freetv.fun/si-chuan-wei-shi-71.ctv,网络源,,4.111,未分组,
ä¸œæ–¹å«è§†,https://stream1.freetv.fun/dong-fang-wei-shi-32.ctv,网络源,,1.481,未分组,
ä¸œå—å«è§†,http://drive.mxmy.net:8888/udp/239.3.1.156:8148,网络源,,12.727,未分组,
ä¸œæ–¹å«è§†,http://omnix.cn:4000/udp/225.1.8.45:8032,网络源,,7.039,未分组,
æ±Ÿè‹å«è§†,http://drive.mxmy.net:8888/udp/239.3.1.135:8028,网络源,,6.215,未分组,
å‰æ—å«è§†,http://drive.mxmy.net:8888/udp/239.3.1.240:8172,网络源,,9.737,未分组,
å®‰å¾½å«è§†,http://drive.mxmy.net:8888/udp/239.3.1.211:8064,网络源,,12.647,未分组,
å®‰å¾½å«è§†,https://stream1.freetv.fun/an-hui-wei-shi-59.m3u8,网络源,,0.993,未分组,
å®‰å¾½å«è§†,http://124.116.183.146:9901/tsfile/live/0130_1.m3u8,网络源,,5.247,未分组,
å››å·å«è§†,https://stream1.freetv.fun/b8ce0029eb6a2eb158319b3b735397835baa258b31e06e356be8f43bedcf32ce.m3u8,网络源,,1.979,未分组,
æ±Ÿè‹å«è§†,https://stream1.freetv.fun/jiang-su-wei-shi-90.ctv,网络源,,4.961,未分组,
å¤©æ´¥å«è§†,https://stream1.freetv.fun/tian-jin-wei-shi-73.m3u8,网络源,,1.491,未分组,
åŒ—äº¬å«è§†,https://stream1.freetv.fun/bei-jing-wei-shi-42.ctv,网络源,,2.931,未分组,
å®‰å¾½å«è§†,http://116.128.242.83:9901/tsfile/live/0128_1.m3u8?key=txiptv&playlive=1&authid=0,网络源,,5.536,未分组,
æ·±åœ³å«è§†,https://stream1.freetv.fun/shen-zhen-wei-shi-100.m3u8,网络源,,1.456,未分组,
åŒ—äº¬å«è§†,http://59.39.89.130:60901/tsfile/live/0125_7.m3u8?key=txiptv&playlive=1&authid=0,网络源,,7.501,未分组,
æ·±åœ³å«è§†,https://stream1.freetv.fun/shen-zhen-wei-shi-64.ctv,网络源,,1.504,未分组,
åŒ—äº¬å«è§†,http://111.221.137.155:44330/tsfile/live/0138_1.m3u8?key=txiptv,网络源,,1.617,未分组,
å››å·å«è§†,http://124.116.183.146:9901/tsfile/live/0123_1.m3u8,网络源,,6.791,未分组,
æ±Ÿè‹å«è§†,https://migu.188766.xyz/?migutoken=94883730e2b36ef908a24d411f8a84d2&id=%E6%B1%9F%E8%8B%8F%E5%8D%AB%E8%A7%86&type=yy,网络源,,0.950,未分组,
å‰æ—å«è§†,http://59.39.89.130:60901/tsfile/live/0125_19.m3u8?key=txiptv&playlive=1&authid=0,网络源,,11.753,未分组,
æµ·å—å«è§†,https://migu.188766.xyz/?migutoken=5d2fec1850bd31927e87da24eced2511&id=hn_hnws&type=sz,网络源,,0.832,未分组,
å¤©æ´¥å«è§†,http://www.cdnstv.com:6398/hls/1137/index.m3u8,网络源,,7.431,未分组,
æ·±åœ³å«è§†,http://sh.lnott.top:880/dx61.m3u8,网络源,,2.642,未分组,
æ±Ÿè‹å«è§†,http://www.cdnstv.com:6398/hls/50/index.m3u8,网络源,,3.500,未分组,
æµ·å—å«è§†,http://zqh2333.top:2222/rtp/239.93.24.80:5140,网络源,,6.152,未分组,
å››å·å«è§†,https://stream1.freetv.fun/si-chuan-wei-shi-3.m3u8,网络源,,5.598,未分组,
å¤©æ´¥å«è§†,https://stream1.freetv.fun/tian-jin-wei-shi-87.ctv,网络源,,1.479,未分组,
å®å¤å«è§†,https://stream1.freetv.fun/zhu-xia-wei-shi-42.m3u8,网络源,,4.650,未分组,
æµ™æ±Ÿå«è§†,http://60.174.40.117:85/tsfile/live/1031_1.m3u8?key=txiptv,网络源,,8.279,未分组,
å¤©æ´¥å«è§†,https://stream1.freetv.fun/ipv6-tian-jin-wei-shi-70.m3u8,网络源,,1.447,未分组,
å››å·å«è§†,http://59.39.89.130:60901/tsfile/live/0125_16.m3u8?key=txiptv&playlive=1&authid=0,网络源,,17.530,未分组,
å¤©æ´¥å«è§†,http://sh.lnott.top:880/dx30.m3u8,网络源,,2.632,未分组,
æµ™æ±Ÿå«è§†,https://migu.188766.xyz/?migutoken=9e445ffef5e7ff97c8ce87c16264de83&id=z_jws&type=sz,网络源,,0.836,未分组,
å››å·å«è§†,https://stream1.freetv.fun/si-chuan-wei-shi-65.m3u8,网络源,,5.320,未分组,
å‰æ—å«è§†,http://www.cdnstv.com:6398/hls/1140/index.m3u8,网络源,,8.060,未分组,
å¤©æ´¥å«è§†,http://112.27.235.94:8000/hls/42/index.m3u8,网络源,,1.659,未分组,
å®‰å¾½å«è§†,http://59.39.89.130:60901/tsfile/live/0125_6.m3u8?key=txiptv&playlive=1&authid=0,网络源,,5.048,未分组,
å®‰å¾½å«è§†,http://111.61.236.247:9081/hls/27/index.m3u8,网络源,,5.767,未分组,
å®å¤å«è§†,https://stream1.freetv.fun/9e9a0dd5cc6c79080efcaa9b958ea5c261ee2af517560e301ea605e75e264b70.m3u8,网络源,,4.418,未分组,
æ±Ÿè‹å«è§†,https://stream1.freetv.fun/jiang-su-wei-shi-43.m3u8,网络源,,2.994,未分组,
å‰æ—å«è§†,https://migu.188766.xyz/?migutoken=f886e213dbf16c4e772dfb31d326ce9e&id=%E5%90%89%E6%9E%97%E5%8D%AB%E8%A7%86&type=yy,网络源,,3.176,未分组,
æ·±åœ³å«è§†,https://stream1.freetv.fun/shen-zhen-wei-shi-12.m3u8,网络源,,2.083,未分组,
å®‰å¾½å«è§†,https://stream1.freetv.fun/an-hui-wei-shi-38.m3u8,网络源,,1.475,未分组,
ä¸œæ–¹å«è§†,https://www.freetv.top/migu/651632648.m3u8?migutoken=95759756a54e94e55327bb13b854f38b8804506300bc7b2dc6d7896518d1cb705d68a47d6e445836946d997e2a858592d4082bf57643ec7ac74aa8bdd99fb70b8ab534cb9b55a950291eb07c63,网络源,,0.796,未分组,
å‰æ—å«è§†,http://cssbyd.imwork.net:8082/hls/41/index.m3u8,网络源,,5.325,未分组,
ä¸œæ–¹å«è§†,https://migu.188766.xyz/?migutoken=3f7570473d489bfbb10523448dced78d&id=%E4%B8%9C%E6%96%B9%E5%8D%AB%E8%A7%86&type=yy,网络源,,2.918,未分组,
æµ·å—å«è§†,https://migu.188766.xyz/?migutoken=969b52b83d56e402a7a1b84efc458b34&id=%E6%B5%B7%E5%8D%97%E5%8D%AB%E8%A7%86&type=yy,网络源,,0.852,未分组,
æ·±åœ³å«è§†,https://stream1.freetv.fun/shen-zhen-wei-shi-13.m3u8,网络源,,1.468,未分组,
å››å·å«è§†,http://111.221.137.155:44330/tsfile/live/1017_1.m3u8?key=txiptv,网络源,,1.984,未分组,
æµ·å—å«è§†,https://migu.188766.xyz/?migutoken=34e7a7025701efd2a1f5fc6f90629930&id=hn_hnws&type=sz,网络源,,5.804,未分组,
åŒ—äº¬å«è§†,http://sh.lnott.top:880/dx29.m3u8,网络源,,6.159,未分组,
å®‰å¾½å«è§†,https://stream1.freetv.fun/an-hui-wei-shi-61.m3u8,网络源,,10.060,未分组,
ä¸œæ–¹å«è§†,https://stream1.freetv.fun/dong-fang-wei-shi-11.m3u8,网络源,,5.306,未分组,
æ±Ÿè‹å«è§†,http://sh.lnott.top:880/dx33.m3u8,网络源,,1.899,未分组,
å®‰å¾½å«è§†,http://39.164.160.249:9901/tsfile/live/0130_1.m3u8,网络源,,3.997,未分组,
æµ™æ±Ÿå«è§†,https://migu.188766.xyz/?migutoken=08ff507d6247828424472787bfd4a9c2&id=%E6%B5%99%E6%B1%9F%E5%8D%AB%E8%A7%86&pp=1,网络源,,2.587,未分组,
å››å·å«è§†,http://sh.lnott.top:880/dx45.m3u8,网络源,,3.367,未分组,
å¦é—¨å«è§†,https://stream1.freetv.fun/sha-men-wei-shi-4.m3u8,网络源,,11.494,未分组,
æµ·å—å«è§†,http://61.184.46.85:9901/tsfile/live/1018_1.m3u8?key=txiptv&playlive=1&authid=0,网络源,,7.396,未分组,
æµ·å—å«è§†,https://stream1.freetv.fun/hai-nan-wei-shi-67.m3u8,网络源,,2.250,未分组,
å®å¤å«è§†,https://stream1.freetv.fun/c3a22585493b5fbb62ab4b873bbf60ce767e779781bf178117fcf0918e2de201.m3u8,网络源,,2.022,未分组,
æ·±åœ³å«è§†,https://stream1.freetv.fun/shen-zhen-wei-shi-61.m3u8,网络源,,1.208,未分组,
åŒ—äº¬å«è§†,http://113.15.109.216:59901/tsfile/live/0122_1.m3u8?key=txiptv&playlive=1&authid=0,网络源,,3.901,未分组,
å‰æ—å«è§†,http://60.174.40.117:85/tsfile/live/0116_1.m3u8?key=txiptv,网络源,,2.162,未分组,
å‰æ—å«è§†,http://113.15.109.216:59901/tsfile/live/0116_1.m3u8?key=txiptv&playlive=1&authid=0,网络源,,2.836,未分组,
ä¸œæ–¹å«è§†,https://www.freetv.top/migu/651632648.m3u8?migutoken=e765bb663396911e0fa027f64c4378a4811b733586444461515451642f01e401c61987a7256405e562f272d4a45cf003c8974fd47f47765203988df87102570687a04fcdd402aa62918f1cad2f,网络源,,19.877,未分组,
å¦é—¨å«è§†,http://sh.lnott.top:880/dx48.m3u8,网络源,,2.016,未分组,
æ·±åœ³å«è§†,http://112.27.235.94:8000/hls/33/index.m3u8,网络源,,1.605,未分组,
ä¸œæ–¹å«è§†,https://stream1.freetv.fun/dong-fang-wei-shi-73.m3u8,网络源,,10.140,未分组,
å®‰å¾½å«è§†,https://stream1.freetv.fun/an-hui-wei-shi-41.m3u8,网络源,,2.167,未分组,
å››å·å«è§†,https://stream1.freetv.fun/si-chuan-wei-shi-27.m3u8,网络源,,8.559,未分组,
å››å·å«è§†,http://116.128.242.83:9901/tsfile/live/1007_1.m3u8,网络源,,4.028,未分组,
æ·±åœ³å«è§†,http://219.145.59.166:8888/tsfile/live/1033_1.m3u8?key=txiptv&playlive=1&authid=0,网络源,,2.013,未分组,
å®‰å¾½å«è§†,https://stream1.freetv.fun/an-hui-wei-shi-49.m3u8,网络源,,5.398,未分组,
å¤©æ´¥å«è§†,https://stream1.freetv.fun/tian-jin-wei-shi-5.m3u8,网络源,,2.047,未分组,
å››å·å«è§†,http://60.174.40.117:85/tsfile/live/0123_1.m3u8?key=txiptv,网络源,,6.377,未分组,
æµ·å—å«è§†,https://stream1.freetv.fun/hai-nan-wei-shi-78.m3u8,网络源,,3.869,未分组,
æ·±åœ³å«è§†,http://38.64.72.148:80/hls/modn/list/4007/playlist.m3u8,网络源,,0.551,未分组,
åŒ—äº¬å«è§†,http://223.241.247.214:9901/tsfile/live/1004_1.m3u8,网络源,,5.078,未分组,
æ·±åœ³å«è§†,https://stream1.freetv.fun/shen-zhen-wei-shi-1.ctv,网络源,,1.464,未分组,
æµ·å—å«è§†,https://stream1.freetv.fun/hai-nan-wei-shi-53.ctv,网络源,,5.032,未分组,
æµ™æ±Ÿå«è§†,https://migu.188766.xyz/?migutoken=1faf6ef2177c2ec308e43af8a6310f54&id=z_jws&type=sz,网络源,,3.649,未分组,
å‰æ—å«è§†,http://sh.lnott.top:880/dx37.m3u8,网络源,,2.554,未分组,
ä¸œæ–¹å«è§†,http://218.3.138.25:1111/tsfile/live/1020_1.m3u8,网络源,,12.766,未分组,
æµ™æ±Ÿå«è§†,https://stream1.freetv.fun/zhe-jiang-wei-shi-44.ctv,网络源,,2.183,未分组,
å››å·å«è§†,http://113.15.109.216:59901/tsfile/live/0123_1.m3u8?key=txiptv&playlive=1&authid=0,网络源,,2.217,未分组,
ä¸œæ–¹å«è§†,http://112.27.235.94:8000/hls/28/index.m3u8,网络源,,1.724,未分组,
æµ™æ±Ÿå«è§†,http://116.128.242.83:9901/tsfile/live/1010_1.m3u8?key=txiptv&playlive=1&authid=0,网络源,,12.436,未分组,
æµ·å—å«è§†,https://migu.188766.xyz/?migutoken=f898562d40ddebb3d6a1e274b2efd896&id=hn_hnws&type=sz,网络源,,9.978,未分组,
ä¸œæ–¹å«è§†,http://drive.mxmy.net:8888/udp/239.3.1.136:8032,网络源,,5.492,未分组,
ä¸œæ–¹å«è§†,https://stream1.freetv.fun/dong-fang-wei-shi-24.m3u8,网络源,,15.696,未分组,
